<?xml version="1.0" encoding="UTF-8"?>
<this:MatchConfigurations xmlns:this="http://aig.us.com/ges/lookup/gbo/GBOTypes" xmlns:xsi="http://www.w3.org/2001/XMLSchema-instance" xsi:schemaLocation="http://aig.us.com/ges/lookup/gbo/GBOTypes GBOTypes.xsd ">
	<this:NodeXpath><![CDATA[/this:MatchConfigurations/this:MatchConfiguration[this:Property[@this:ConfigNm='INPUT_SRC']/this:ConfigValue='GES' and this:Property[@this:ConfigNm='SUSPECT_SRC']/this:ConfigValue='GES' and this:Property[@this:ConfigNm='DSTNC_FROM']/this:ConfigValue >= 66 and this:Property[@this:ConfigNm='DSTNC_TO']/this:ConfigValue <= 101 and this:Property[@this:ConfigNm='ADDR_CONFDNC_FROM']/this:ConfigValue >= 60 and  this:Property[@this:ConfigNm='ADDR_CONFDNC_TO']/this:ConfigValue <= 90 and this:Property[@this:ConfigNm='COPE_CONFDNC_FROM']/this:ConfigValue >= 70 and this:Property[@this:ConfigNm='COPEE_CONFDNC_TO']/this:ConfigValue <= 100 and this:Property[@this:ConfigNm='INPUT_LOC_PRECISION']/this:ConfigValue ='Street' and this:Property[@this:ConfigNm='SUSPECT_LOC_PRECISION']/this:ConfigValue = 'Street']/this:Property[@this:ConfigNm='MTCH_RSLT']/this:ConfigValue]]></this:NodeXpath>
	<this:MatchConfiguration>
		<this:Property this:ConfigNm="INPUT_SRC">
			<this:ConfigValue>GES</this:ConfigValue>
		</this:Property>
		<this:Property this:ConfigNm="SUSPECT_SRC">
			<this:ConfigValue>GES</this:ConfigValue>
		</this:Property>
		<this:Property this:ConfigNm="DSTNC_FROM">
			<this:ConfigValue>66</this:ConfigValue>
		</this:Property>
		<this:Property this:ConfigNm="DSTNC_TO">
			<this:ConfigValue>101</this:ConfigValue>
		</this:Property>
		<this:Property this:ConfigNm="ADDR_CONFDNC_FROM">
			<this:ConfigValue>60</this:ConfigValue>
		</this:Property>
		<this:Property this:ConfigNm="ADDR_CONFDNC_TO">
			<this:ConfigValue>90</this:ConfigValue>
		</this:Property>
		<this:Property this:ConfigNm="COPE_CONFDNC_FROM">
			<this:ConfigValue>70</this:ConfigValue>
		</this:Property>
		<this:Property this:ConfigNm="COPEE_CONFDNC_TO">
			<this:ConfigValue>100</this:ConfigValue>
		</this:Property>
		<this:Property this:ConfigNm="INPUT_LOC_PRECISION">
			<this:ConfigValue>Street</this:ConfigValue>
		</this:Property>
		<this:Property this:ConfigNm="SUSPECT_LOC_PRECISION">
			<this:ConfigValue>Street</this:ConfigValue>
		</this:Property>
		<this:Property this:ConfigNm="CNTRY_ID">
			<this:ConfigValue>NULL</this:ConfigValue>
		</this:Property>
		<this:Property this:ConfigNm="MTCH_RSLT">
			<this:ConfigValue>High Probable Match</this:ConfigValue>
		</this:Property>
	</this:MatchConfiguration>
	<this:MatchConfiguration>
		<this:Property this:ConfigNm="INPUT_SRC">
			<this:ConfigValue>GES</this:ConfigValue>
		</this:Property>
		<this:Property this:ConfigNm="SUSPECT_SRC">
			<this:ConfigValue>GRASP</this:ConfigValue>
		</this:Property>
		<this:Property this:ConfigNm="DSTNC_FROM">
			<this:ConfigValue>66</this:ConfigValue>
		</this:Property>
		<this:Property this:ConfigNm="DSTNC_TO">
			<this:ConfigValue>101</this:ConfigValue>
		</this:Property>
		<this:Property this:ConfigNm="ADDR_CONFDNC_FROM">
			<this:ConfigValue>60</this:ConfigValue>
		</this:Property>
		<this:Property this:ConfigNm="ADDR_CONFDNC_TO">
			<this:ConfigValue>90</this:ConfigValue>
		</this:Property>
		<this:Property this:ConfigNm="COPE_CONFDNC_FROM">
			<this:ConfigValue>70</this:ConfigValue>
		</this:Property>
		<this:Property this:ConfigNm="COPEE_CONFDNC_TO">
			<this:ConfigValue>100</this:ConfigValue>
		</this:Property>
		<this:Property this:ConfigNm="INPUT_LOC_PRECISION">
			<this:ConfigValue>Street</this:ConfigValue>
		</this:Property>
		<this:Property this:ConfigNm="SUSPECT_LOC_PRECISION">
			<this:ConfigValue>Street</this:ConfigValue>
		</this:Property>
		<this:Property this:ConfigNm="CNTRY_ID">
			<this:ConfigValue>NULL</this:ConfigValue>
		</this:Property>
		<this:Property this:ConfigNm="MTCH_RSLT">
			<this:ConfigValue>High Probable Match</this:ConfigValue>
		</this:Property>
	</this:MatchConfiguration>
</this:MatchConfigurations>
