<?xml version="1.0" encoding="UTF-8"?>
<Types>
	<!-- location exposure service req/res configuration start -->
	<Type name="GetAccountsRqType" qName="http://aig.us.com/ges/ext/LocationExposureServiceV3">
		<RoutingConfig>
			<PartnerName>LocationExposureServiceV3Partner
			</PartnerName>
			<MethodName>getAccounts</MethodName>
			<WSDLURI>http://aig.us.com/ges/services/LocationExposureServiceV3
			</WSDLURI>
			<MsgName>GetAccountsRsMsg</MsgName>
		</RoutingConfig>
	</Type>
		<Type name="GetLocationsRqType" qName="http://aig.us.com/ges/ext/LocationExposureServiceV3">
		<RoutingConfig>
			<PartnerName>LocationExposureServiceV3Partner
			</PartnerName>
			<MethodName>getLocations</MethodName>
			<WSDLURI>http://aig.us.com/ges/services/LocationExposureServiceV3
			</WSDLURI>
			<MsgName>GetLocationsRsMsg</MsgName>
		</RoutingConfig>
	</Type>
		<Type name="GetLocationDetailsRqType" qName="http://aig.us.com/ges/ext/LocationExposureServiceV3">
		<RoutingConfig>
			<PartnerName>LocationExposureServiceV3Partner
			</PartnerName>
			<MethodName>getLocationDetails</MethodName>
			<WSDLURI>http://aig.us.com/ges/services/LocationExposureServiceV3
			</WSDLURI>
			<MsgName>GetLocationDetailsRsMsg</MsgName>
		</RoutingConfig>
	</Type>
	<Type name="GetPolicyDetailsRqType" qName="http://aig.us.com/ges/ext/LocationExposureServiceV3">
		<RoutingConfig>
			<PartnerName>LocationExposureServiceV3Partner
			</PartnerName>
			<MethodName>getPolicyDetails</MethodName>
			<WSDLURI>http://aig.us.com/ges/services/LocationExposureServiceV3
			</WSDLURI>
			<MsgName>GetPolicyDetailsRsMsg</MsgName>
		</RoutingConfig>
	</Type>

	<Type name="GetPolicyOptionDetailsRqType" qName="http://aig.us.com/ges/ext/LocationExposureServiceV3">
		<RoutingConfig>
			<PartnerName>LocationExposureServiceV3Partner
			</PartnerName>
			<MethodName>getPolicyOptionDetails</MethodName>
			<WSDLURI>http://aig.us.com/ges/services/LocationExposureServiceV3
			</WSDLURI>
			<MsgName>GetPolicyOptionDetailsRsMsg
			</MsgName>
		</RoutingConfig>
	</Type>
	<!-- location exposure service req/res configuration END -->

	<!-- location scrubbing  service request/res  configuration start -->
	<Type name="ScrubLocationsRqType" qName="http://aig.us.com/ges/ext/LocationScrubbingServiceV3">
		<RoutingConfig>
			<PartnerName>LocationScrubbingServiceV3Partner
			</PartnerName>
			<MethodName>scrubLocations</MethodName>
			<WSDLURI>
				http://aig.us.com/ges/services/v3/LocationScrubbingServiceV3
			</WSDLURI>
			<MsgName>ScrubLocationsResponseMsg</MsgName>
		</RoutingConfig>
	</Type>
	<Type name="AddLocationRqType" qName="http://aig.us.com/ges/ext/LocationScrubbingServiceV3">
		<RoutingConfig>
			<PartnerName>LocationScrubbingServiceV3Partner
			</PartnerName>
			<MethodName>addLocation</MethodName>
			<WSDLURI>
				http://aig.us.com/ges/services/v3/LocationScrubbingServiceV3
			</WSDLURI>
			<MsgName>AddLocationResponseMsg</MsgName>
		</RoutingConfig>
	</Type>
	<Type name="UpdateLocationRqType" qName="http://aig.us.com/ges/ext/LocationScrubbingServiceV3">
		<RoutingConfig>
			<PartnerName>LocationScrubbingServiceV3Partner
			</PartnerName>
			<MethodName>updateLocation</MethodName>
			<WSDLURI>
				http://aig.us.com/ges/services/v3/LocationScrubbingServiceV3
			</WSDLURI>
			<MsgName>UpdateLocationResponseMsg</MsgName>
		</RoutingConfig>
	</Type>
	<Type name="NotifyAddLocationsRqType" qName="http://aig.us.com/ges/ext/LocationScrubbingServiceV3">
		<RoutingConfig>
			<PartnerName>LocationScrubbingServiceV3Partner
			</PartnerName>
			<MethodName>notifyAddLocations</MethodName>
			<WSDLURI>
				http://aig.us.com/ges/services/v3/LocationScrubbingServiceV3
			</WSDLURI>
			<MsgName>NotifyAddLocationsResponseMsg
			</MsgName>
		</RoutingConfig>
	</Type>
	<Type name="NotifyBoundLocationsRqType" qName="http://aig.us.com/ges/ext/LocationScrubbingServiceV3">
		<RoutingConfig>
			<PartnerName>LocationScrubbingServiceV3Partner
			</PartnerName>
			<MethodName>notifyBoundLocations</MethodName>
			<WSDLURI>
				http://aig.us.com/ges/services/v3/LocationScrubbingServiceV3
			</WSDLURI>
			<MsgName>NotifyBoundLocationsResponseMsg
			</MsgName>
		</RoutingConfig>
	</Type>
	
	<Type name="NotifyPolicyOptionRqType" qName="http://aig.us.com/ges/ext/LocationScrubbingServiceV3">
		<RoutingConfig>
			<PartnerName>LocationScrubbingServiceV3Partner
			</PartnerName>
			<MethodName>notifyPolicyOption</MethodName>
			<WSDLURI>
				http://aig.us.com/ges/services/v3/LocationScrubbingServiceV3
			</WSDLURI>
			<MsgName>NotifyPolicyOptionResponseMsg
			</MsgName>
		</RoutingConfig>
	</Type>

	<!-- location scrubbing  service request/res  configuration END -->


	<!--
		location service router V3 for 3.5 request/res configuration start
	-->
	<Type name="StandardizeAndAugmentLocationsRequest_Type" qName="http://aig.us.com/ges/schema">
		<RoutingConfig>
			<PartnerName>LocationServiceRouterPartner
			</PartnerName>
			<MethodName>standardizeAndAugmentLocations
			</MethodName>
			<WSDLURI>http://aig.us.com/ges/services/LocationServiceV3
			</WSDLURI>
			<MsgName>standardizeAndAugmentLocationsResponseMsg
			</MsgName>
		</RoutingConfig>
	</Type>
	<Type name="AddLocationRqType" qName="http://aig.us.com/ges/ext/LocationServiceV3">
		<RoutingConfig>
			<PartnerName>LocationServiceRouterPartner
			</PartnerName>
			<MethodName>addLocations</MethodName>
			<WSDLURI>http://aig.us.com/ges/services/LocationServiceV3
			</WSDLURI>
			<MsgName>AddLocationRsMsg</MsgName>
		</RoutingConfig>
	</Type>
	<Type name="UpdateLocationRqType" qName="http://aig.us.com/ges/ext/LocationServiceV3">
		<RoutingConfig>
			<PartnerName>LocationServiceRouterPartner
			</PartnerName>
			<MethodName>updateLocations</MethodName>
			<WSDLURI>http://aig.us.com/ges/services/LocationServiceV3
			</WSDLURI>
			<MsgName>updateLocationsRsMsg</MsgName>
		</RoutingConfig>
	</Type>
	<Type name="GetLocationsRqType" qName="http://aig.us.com/ges/ext/LocationServiceV3">
		<RoutingConfig>
			<PartnerName>LocationServiceRouterPartner
			</PartnerName>
			<MethodName>getLocations</MethodName>
			<WSDLURI>http://aig.us.com/ges/services/LocationServiceV3
			</WSDLURI>
			<MsgName>GetLocationsRsMsg</MsgName>
		</RoutingConfig>
	</Type>
	<Type name="GetCrestaCodeRqType" qName="http://aig.us.com/ges/ext/LocationServiceV3">
		<RoutingConfig>
			<PartnerName>LocationServiceRouterPartner
			</PartnerName>
			<MethodName>getCrestaCode</MethodName>
			<WSDLURI>http://aig.us.com/ges/services/LocationServiceV3
			</WSDLURI>
			<MsgName>GetCrestaCodeRsMsg</MsgName>
		</RoutingConfig>
	</Type>
	<Type name="GetCanadaFloodZoneRqType" qName="http://aig.us.com/ges/ext/LocationServiceV3">
		<RoutingConfig>
			<PartnerName>LocationServiceRouterPartner
			</PartnerName>
			<MethodName>getCanadaFloodZone</MethodName>
			<WSDLURI>http://aig.us.com/ges/services/LocationServiceV3
			</WSDLURI>
			<MsgName>GetCanadaFloodZoneRsMsg</MsgName>
		</RoutingConfig>
	</Type>
	<Type name="GetGeoCodeRqType" qName="http://aig.us.com/ges/ext/LocationServiceV3">
		<RoutingConfig>
			<PartnerName>LocationServiceRouterPartner
			</PartnerName>
			<MethodName>getGeoCode</MethodName>
			<WSDLURI>http://aig.us.com/ges/services/LocationServiceV3
			</WSDLURI>
			<MsgName>GetGeoCodeRsMsg</MsgName>
		</RoutingConfig>
	</Type>
	<Type name="matchLocationsRequest_Type" qName="http://aig.us.com/ges/schema">
		<RoutingConfig>
			<PartnerName>LocationServiceRouterPartner
			</PartnerName>
			<MethodName>matchLocations</MethodName>
			<WSDLURI>http://aig.us.com/ges/services/LocationServiceV3
			</WSDLURI>
			<MsgName>matchLocationsResponseMsg</MsgName>
		</RoutingConfig>
	</Type>
	<Type name="standardizeLocationsRequest_Type" qName="http://aig.us.com/ges/schema">
		<RoutingConfig>
			<PartnerName>LocationServiceRouterPartner
			</PartnerName>
			<MethodName>standardizeLocations</MethodName>
			<WSDLURI>http://aig.us.com/ges/services/LocationServiceV3
			</WSDLURI>
			<MsgName>standardizeLocationsResponseMsg</MsgName>
		</RoutingConfig>
	</Type>
	<Type name="reverseGeoCodingRequest_Type" qName="http://aig.us.com/ges/schema">
		<RoutingConfig>
			<PartnerName>LocationServiceRouterPartner
			</PartnerName>
			<MethodName>reverseGeoCoding</MethodName>
			<WSDLURI>http://aig.us.com/ges/services/LocationServiceV3
			</WSDLURI>
			<MsgName>reverseGeoCodingResponseMsg</MsgName>
		</RoutingConfig>
	</Type>
	<!--
		location service router V3 for 3.5 request/res configuration END
	-->


	<!--
		location exposure notification service request only configuration
		start
	-->
	<Type name="ReceiveLocationUpdatesRequest_Type"
		qName="http://aig.us.com/ges/ext/LocationExposureNotificationServiceV2">
		<RoutingConfig>
			<PartnerName>LocationExposureNotificationServicePartner
			</PartnerName>
			<MethodName>receiveLocationUpdates</MethodName>
		</RoutingConfig>
	</Type>
	<!--
		location exposure notification service request only configuration END
	-->


	<!-- location exposure notification Update PUT Q configuration start 
	<Type name="UpdateExposureLocationInfoRequest_Type"
		qName="http://aig.us.com/ges/ext/LocationExposureNotificationServiceV2">
		<RoutingConfig>
			<PartnerName>LocationExposureNotificationServiceJMSPartner
			</PartnerName>
			<MethodName>updateExposureLocationInfo
			</MethodName>
		</RoutingConfig>
	</Type-->
	<!-- location exposure notification Update PUT Q configuration END -->

	<!-- location exposure notification ACK PUT Q configuration start -->
	<Type name="ReceiveLocationUpdatesAcknowledgment_Type"
		qName="http://aig.us.com/ges/ext/LocationExposureNotificationServiceV2">
		<RoutingConfig>
			<PartnerName>LocationExposureNotificationServiceACKPartner
			</PartnerName>
			<MethodName>sendLocationUpdateAck</MethodName>
		</RoutingConfig>
	</Type>
	<!-- location exposure notification ACK PUT Q configuration END -->

	<!--
		location exposure notification service request only configuration END
		for NotifyPolicyOption
	-->


	<!-- Service util's configuration start -->
	<Type name="HTTP" qName="GET">
		<!--
			Type name is hard coded in module for GET method;since it doesn't
			have body
		-->
		<RoutingConfig>
			<PartnerName>ServiceUtilsGatewayPartner
			</PartnerName>
			<MethodName>requestResponse</MethodName>
		</RoutingConfig>
	</Type>
	<Type name="BrowseMessageRequest" qName="http://aig.us.com/jms/common/bo">
		<RoutingConfig>
			<PartnerName>ServiceUtilsGatewayPartner
			</PartnerName>
			<MethodName>browseMessage</MethodName>
			<WSDLURI>http://GES_Lib_Common/it/GRASPServiceUtils
			</WSDLURI>
			<MsgName>BrowseMessageResponseMsg</MsgName>
		</RoutingConfig>
	</Type>
	<!-- Service util's configuration END -->

	<!--
		Location Scrubbing Service service request response configuration
		start for NotifyPolicyOption
	-->

	<Type name="NotifyPolicyOptionRqType" qName="http://aig.us.com/ges/ext/LocationScrubbingServiceV3">
		<RoutingConfig>
			<PartnerName>LocationScrubbingServiceV3Partner
			</PartnerName>
			<MethodName>notifyPolicyOption</MethodName>
			<WSDLURI>
				http://aig.us.com/ges/services/v3/LocationScrubbingServiceV3
			</WSDLURI>
			<MsgName>NotifyPolicyOptionResponseMsg
			</MsgName>
		</RoutingConfig>
	</Type>
	
	
	<Type name="ReceiveLocationUpdatesAcknowledgment_Type" qName="http://aig.us.com/ges/ext/LocationExposureNotificationServiceV2">
		<RoutingConfig>
			<PartnerName>LocationExposureNotificationServiceACKPartner
			</PartnerName>
			<MethodName>sendLocationUpdateAck</MethodName>
			<WSDLURI>http://aig.us.com/ges/services/LocationExposureNotificationServiceV2</WSDLURI>
			<MsgName>sendLocationUpdateAckRequestMsg
			</MsgName>
		</RoutingConfig>
	</Type>

	<Type name="NotifyPolicyOptionRqType"
		qName="http://aig.us.com/ges/ext/LocationExposureNotificationServiceV2">
		<RoutingConfig>
			<PartnerName>LocationExposureNotificationServiceJMSPartner
			</PartnerName>
			<MethodName>notifyPolicyOption</MethodName>
			<WSDLURI>
				http://aig.us.com/ges/services/LocationExposureNotificationServiceV2
			</WSDLURI>
			<MsgName>notifyPolicyOptionRequestMsg
			</MsgName>
		</RoutingConfig>
	</Type>
	<Type name="ReceiveLocationUpdatesRequest_Type" qName="http://chartisinsurance.us.com/ges/ext/v1">
		<RoutingConfig>
			<PartnerName>LocationExposureGRASPNotificationServicePartner
			</PartnerName>
			<MethodName>receiveLocationUpdates</MethodName>
			<WSDLURI>
				http://aig.us.com/ges/services/v3/LocationExposureNotificationServiceV1
			</WSDLURI>
			<MsgName>receiveLocationUpdatesRequestMsg
			</MsgName>
		</RoutingConfig>
	</Type>
	<Type name="ReceiveLocationUpdatesRequest_Type" qName="http://chartisinsurance.us.com/ges/ext/v1">
		<RoutingConfig>
			<PartnerName>LocationExposureGRASPNotificationServicePartner
			</PartnerName>
			<MethodName>receiveLocationUpdates</MethodName>
			<WSDLURI>
				http://aig.us.com/ges/services/v3/LocationExposureNotificationServiceV1
			</WSDLURI>
			<MsgName>receiveLocationUpdatesRequestMsg
			</MsgName>
		</RoutingConfig>
	</Type>
	<Type name="UpdateExposureLocationInfoRequest_Type"
		qName="http://aig.us.com/ges/ext/LocationExposureNotificationServiceV2">
		<RoutingConfig>
			<PartnerName>LocationExposureNotificationService_JMSGRASPPartner
			</PartnerName>
			<MethodName>updateExposureLocationInfo</MethodName>
			<WSDLURI>http://aig.us.com/ges/services/LocationExposureNotificationServiceV2</WSDLURI>
			<MsgName>updateExposureLocationInfoRequestMsg
			</MsgName>
		</RoutingConfig>
	</Type>
</Types>



