<?xml version="1.0" encoding="UTF-8"?><io2:smo xmlns:io2="http://www.ibm.com/websphere/sibx/smo/v6.0.1" xmlns:out2="wsdl.http://GES_Lib_DataAccess/it/DataAccess" xmlns:io10="http://www.w3.org/2005/08/addressing" xmlns:xsd4xsd="http://www.w3.org/2001/XMLSchema" xmlns:io9="http://www.ibm.com/xmlns/prod/websphere/http/sca/6.1.0" xmlns:io8="http://schemas.xmlsoap.org/ws/2004/08/addressing" xmlns:io7="http://aig.us.com/ges/schema/da/DataAccessV1_0" xmlns:io6="http://www.ibm.com/xmlns/prod/websphere/mq/sca/6.0.0" xmlns:io5="http://aig.com/CommonHeaderV12" xmlns:io4="http://aig.us.com/ges/common/v3" xmlns:out="http://GES_Lib_DataAccess/it/DataAccess" xmlns:xsi="http://www.w3.org/2001/XMLSchema-instance" xmlns:io3="http://www.ibm.com/xmlns/prod/websphere/j2ca/jdbc/resultsetBO" xmlns:io="http://www.w3.org/2003/05/soap-envelope" xmlns:in8="http://com/ibm/j2ca/fault/afcfault" xmlns:in7="http://www.ibm.com/xmlns/prod/websphere/j2ca/jdbc/cus_getlocationsbystatusandversion" xmlns:in6="http://www.ibm.com/xmlns/prod/websphere/j2ca/jdbc/cus_getlocationscountbystatusandversioncontainer" xmlns:in5="http://www.ibm.com/xmlns/prod/websphere/j2ca/jdbc/cus_gexpusrtusp_query" xmlns:in4="http://com/ibm/j2ca/fault" xmlns:in3="http://GES_BP_DataAccess/JDBCImport" xmlns:in9="http://www.ibm.com/xmlns/prod/websphere/j2ca/jdbc/cus_getlocationscountbystatusandversion" xmlns:in2="http://www.ibm.com/xmlns/prod/websphere/j2ca/jdbc/cus_getlocationsbystatusandversioncontainer" xmlns:in="wsdl.http://GES_BP_DataAccess/JDBCImport">
  <context>
    <correlation xmlns:bons0="http://www.ibm.com/xmlns/prod/websphere/j2ca/jdbc/resultsetBO" xmlns:bons3="http://com/ibm/j2ca/fault/afcfault" xmlns:cus_getlocationsbystatusandversion="http://www.ibm.com/xmlns/prod/websphere/j2ca/jdbc/cus_getlocationsbystatusandversion" xmlns:cus_getlocationscountbystatusandversion="http://www.ibm.com/xmlns/prod/websphere/j2ca/jdbc/cus_getlocationscountbystatusandversion" xmlns:httpsca="http://www.ibm.com/xmlns/prod/websphere/http/sca/6.1.0" xmlns:jdbcasi="http://www.ibm.com/xmlns/prod/websphere/j2ca/jdbc/metadata" xmlns:mq="http://www.ibm.com/xmlns/prod/websphere/mq/sca/6.0.0" xmlns:p="http://www.ibm.com/xmlns/prod/websphere/j2ca/jdbc/cus_getlocationscountbystatusandversioncontainer" xmlns:p1="http://www.ibm.com/xmlns/prod/websphere/j2ca/jdbc/cus_gexpusrtusp_query" xmlns:p2="http://www.ibm.com/xmlns/prod/websphere/j2ca/jdbc/cus_getlocationsbystatusandversioncontainer" xmlns:primkey="http://com/ibm/j2ca/fault" xmlns:tns="http://www.ibm.com/websphere/sibx/smo/v6.0.1" xmlns:tns1="http://GES_BP_DataAccess/JDBCImport" xmlns:tns2="http://www.w3.org/2005/08/addressing" xmlns:tns3="http://www.w3.org/2003/05/soap-envelope" xmlns:tns_1="wsdl.http://GES_BP_DataAccess/JDBCImport" xmlns:wsa="http://schemas.xmlsoap.org/ws/2004/08/addressing" xsi:type="anyType"/>
    <transient xmlns:bons0="http://www.ibm.com/xmlns/prod/websphere/j2ca/jdbc/resultsetBO" xmlns:bons3="http://com/ibm/j2ca/fault/afcfault" xmlns:cus_getlocationsbystatusandversion="http://www.ibm.com/xmlns/prod/websphere/j2ca/jdbc/cus_getlocationsbystatusandversion" xmlns:cus_getlocationscountbystatusandversion="http://www.ibm.com/xmlns/prod/websphere/j2ca/jdbc/cus_getlocationscountbystatusandversion" xmlns:httpsca="http://www.ibm.com/xmlns/prod/websphere/http/sca/6.1.0" xmlns:jdbcasi="http://www.ibm.com/xmlns/prod/websphere/j2ca/jdbc/metadata" xmlns:mq="http://www.ibm.com/xmlns/prod/websphere/mq/sca/6.0.0" xmlns:p="http://www.ibm.com/xmlns/prod/websphere/j2ca/jdbc/cus_getlocationscountbystatusandversioncontainer" xmlns:p1="http://www.ibm.com/xmlns/prod/websphere/j2ca/jdbc/cus_gexpusrtusp_query" xmlns:p2="http://www.ibm.com/xmlns/prod/websphere/j2ca/jdbc/cus_getlocationsbystatusandversioncontainer" xmlns:primkey="http://com/ibm/j2ca/fault" xmlns:tns="http://www.ibm.com/websphere/sibx/smo/v6.0.1" xmlns:tns1="http://GES_BP_DataAccess/JDBCImport" xmlns:tns2="http://www.w3.org/2005/08/addressing" xmlns:tns3="http://www.w3.org/2003/05/soap-envelope" xmlns:tns_1="wsdl.http://GES_BP_DataAccess/JDBCImport" xmlns:wsa="http://schemas.xmlsoap.org/ws/2004/08/addressing" xsi:type="anyType"/>
    <failInfo>
      <failureString>failureString</failureString>
      <origin>origin</origin>
      <invocationPath>
        <primitive inTerminal="" name="" outTerminal=""/>
      </invocationPath>
      <predecessor xmlns:bons0="http://www.ibm.com/xmlns/prod/websphere/j2ca/jdbc/resultsetBO" xmlns:bons3="http://com/ibm/j2ca/fault/afcfault" xmlns:cus_getlocationsbystatusandversion="http://www.ibm.com/xmlns/prod/websphere/j2ca/jdbc/cus_getlocationsbystatusandversion" xmlns:cus_getlocationscountbystatusandversion="http://www.ibm.com/xmlns/prod/websphere/j2ca/jdbc/cus_getlocationscountbystatusandversion" xmlns:httpsca="http://www.ibm.com/xmlns/prod/websphere/http/sca/6.1.0" xmlns:jdbcasi="http://www.ibm.com/xmlns/prod/websphere/j2ca/jdbc/metadata" xmlns:mq="http://www.ibm.com/xmlns/prod/websphere/mq/sca/6.0.0" xmlns:p="http://www.ibm.com/xmlns/prod/websphere/j2ca/jdbc/cus_getlocationscountbystatusandversioncontainer" xmlns:p1="http://www.ibm.com/xmlns/prod/websphere/j2ca/jdbc/cus_gexpusrtusp_query" xmlns:p2="http://www.ibm.com/xmlns/prod/websphere/j2ca/jdbc/cus_getlocationsbystatusandversioncontainer" xmlns:primkey="http://com/ibm/j2ca/fault" xmlns:tns="http://www.ibm.com/websphere/sibx/smo/v6.0.1" xmlns:tns1="http://GES_BP_DataAccess/JDBCImport" xmlns:tns2="http://www.w3.org/2005/08/addressing" xmlns:tns3="http://www.w3.org/2003/05/soap-envelope" xmlns:tns_1="wsdl.http://GES_BP_DataAccess/JDBCImport" xmlns:wsa="http://schemas.xmlsoap.org/ws/2004/08/addressing" tns:lang=""/>
    </failInfo>
    <primitiveContext>
      <EndpointLookupContext>
        <endpointReference>
          <io8:Address>http://tempuri.org</io8:Address>
          <io8:ReferenceProperties/>
          <io8:ReferenceParameters/>
          <io8:PortType>QName</io8:PortType>
          <io8:ServiceName PortName="NCName">QName</io8:ServiceName>
        </endpointReference>
        <registryAnnotations>
          <property>
            <name>name</name>
            <value>value</value>
          </property>
          <classification>http://tempuri.org</classification>
          <relationship>
            <relationshipName>relationshipName</relationshipName>
            <targetName>targetName</targetName>
            <targetNamespace>http://tempuri.org</targetNamespace>
            <targetVersion>targetVersion</targetVersion>
          </relationship>
        </registryAnnotations>
      </EndpointLookupContext>
      <FanOutContext>
        <iteration>0</iteration>
        <occurrence xmlns:bons0="http://www.ibm.com/xmlns/prod/websphere/j2ca/jdbc/resultsetBO" xmlns:bons3="http://com/ibm/j2ca/fault/afcfault" xmlns:cus_getlocationsbystatusandversion="http://www.ibm.com/xmlns/prod/websphere/j2ca/jdbc/cus_getlocationsbystatusandversion" xmlns:cus_getlocationscountbystatusandversion="http://www.ibm.com/xmlns/prod/websphere/j2ca/jdbc/cus_getlocationscountbystatusandversion" xmlns:httpsca="http://www.ibm.com/xmlns/prod/websphere/http/sca/6.1.0" xmlns:jdbcasi="http://www.ibm.com/xmlns/prod/websphere/j2ca/jdbc/metadata" xmlns:mq="http://www.ibm.com/xmlns/prod/websphere/mq/sca/6.0.0" xmlns:p="http://www.ibm.com/xmlns/prod/websphere/j2ca/jdbc/cus_getlocationscountbystatusandversioncontainer" xmlns:p1="http://www.ibm.com/xmlns/prod/websphere/j2ca/jdbc/cus_gexpusrtusp_query" xmlns:p2="http://www.ibm.com/xmlns/prod/websphere/j2ca/jdbc/cus_getlocationsbystatusandversioncontainer" xmlns:primkey="http://com/ibm/j2ca/fault" xmlns:tns="http://www.ibm.com/websphere/sibx/smo/v6.0.1" xmlns:tns1="http://GES_BP_DataAccess/JDBCImport" xmlns:tns2="http://www.w3.org/2005/08/addressing" xmlns:tns3="http://www.w3.org/2003/05/soap-envelope" xmlns:tns_1="wsdl.http://GES_BP_DataAccess/JDBCImport" xmlns:wsa="http://schemas.xmlsoap.org/ws/2004/08/addressing" xsi:type="anyType"/>
      </FanOutContext>
      <WTXContext>
        <mapServerLocation>http://tempuri.org</mapServerLocation>
        <dynamicMap>0F00</dynamicMap>
        <mapInstances>
          <mapInstance>0</mapInstance>
          <auditInfo>auditInfo</auditInfo>
        </mapInstances>
      </WTXContext>
    </primitiveContext>
    <shared xmlns:bons0="http://www.ibm.com/xmlns/prod/websphere/j2ca/jdbc/resultsetBO" xmlns:bons3="http://com/ibm/j2ca/fault/afcfault" xmlns:cus_getlocationsbystatusandversion="http://www.ibm.com/xmlns/prod/websphere/j2ca/jdbc/cus_getlocationsbystatusandversion" xmlns:cus_getlocationscountbystatusandversion="http://www.ibm.com/xmlns/prod/websphere/j2ca/jdbc/cus_getlocationscountbystatusandversion" xmlns:httpsca="http://www.ibm.com/xmlns/prod/websphere/http/sca/6.1.0" xmlns:jdbcasi="http://www.ibm.com/xmlns/prod/websphere/j2ca/jdbc/metadata" xmlns:mq="http://www.ibm.com/xmlns/prod/websphere/mq/sca/6.0.0" xmlns:p="http://www.ibm.com/xmlns/prod/websphere/j2ca/jdbc/cus_getlocationscountbystatusandversioncontainer" xmlns:p1="http://www.ibm.com/xmlns/prod/websphere/j2ca/jdbc/cus_gexpusrtusp_query" xmlns:p2="http://www.ibm.com/xmlns/prod/websphere/j2ca/jdbc/cus_getlocationsbystatusandversioncontainer" xmlns:primkey="http://com/ibm/j2ca/fault" xmlns:tns="http://www.ibm.com/websphere/sibx/smo/v6.0.1" xmlns:tns1="http://GES_BP_DataAccess/JDBCImport" xmlns:tns2="http://www.w3.org/2005/08/addressing" xmlns:tns3="http://www.w3.org/2003/05/soap-envelope" xmlns:tns_1="wsdl.http://GES_BP_DataAccess/JDBCImport" xmlns:wsa="http://schemas.xmlsoap.org/ws/2004/08/addressing" xsi:type="anyType"/>
    <dynamicProperty isPropagated="true">
      <propertySets>
        <group>group</group>
        <properties>
          <name>name</name>
          <value>value</value>
          <type>type</type>
        </properties>
      </propertySets>
    </dynamicProperty>
    <userContext>
      <entries>
        <name>name</name>
        <value xmlns:bons0="http://www.ibm.com/xmlns/prod/websphere/j2ca/jdbc/resultsetBO" xmlns:bons3="http://com/ibm/j2ca/fault/afcfault" xmlns:cus_getlocationsbystatusandversion="http://www.ibm.com/xmlns/prod/websphere/j2ca/jdbc/cus_getlocationsbystatusandversion" xmlns:cus_getlocationscountbystatusandversion="http://www.ibm.com/xmlns/prod/websphere/j2ca/jdbc/cus_getlocationscountbystatusandversion" xmlns:httpsca="http://www.ibm.com/xmlns/prod/websphere/http/sca/6.1.0" xmlns:jdbcasi="http://www.ibm.com/xmlns/prod/websphere/j2ca/jdbc/metadata" xmlns:mq="http://www.ibm.com/xmlns/prod/websphere/mq/sca/6.0.0" xmlns:p="http://www.ibm.com/xmlns/prod/websphere/j2ca/jdbc/cus_getlocationscountbystatusandversioncontainer" xmlns:p1="http://www.ibm.com/xmlns/prod/websphere/j2ca/jdbc/cus_gexpusrtusp_query" xmlns:p2="http://www.ibm.com/xmlns/prod/websphere/j2ca/jdbc/cus_getlocationsbystatusandversioncontainer" xmlns:primkey="http://com/ibm/j2ca/fault" xmlns:tns="http://www.ibm.com/websphere/sibx/smo/v6.0.1" xmlns:tns1="http://GES_BP_DataAccess/JDBCImport" xmlns:tns2="http://www.w3.org/2005/08/addressing" xmlns:tns3="http://www.w3.org/2003/05/soap-envelope" xmlns:tns_1="wsdl.http://GES_BP_DataAccess/JDBCImport" xmlns:wsa="http://schemas.xmlsoap.org/ws/2004/08/addressing" xsi:type="anyType"/>
        <type>type</type>
      </entries>
    </userContext>
  </context>
  <headers>
    <SMOHeader>
      <MessageUUID>MessageUUID</MessageUUID>
      <Version>
        <Version>0</Version>
        <Release>0</Release>
        <Modification>0</Modification>
      </Version>
      <MessageType>MessageType</MessageType>
      <Operation>Operation</Operation>
      <Action>Action</Action>
      <Target bindingType="NotSet" import="" repositoryMetadata="">
        <address>http://tempuri.org</address>
      </Target>
      <AlternateTarget bindingType="NotSet" import="" repositoryMetadata="">
        <address>http://tempuri.org</address>
      </AlternateTarget>
      <SourceNode>SourceNode</SourceNode>
      <SourceBindingType>NotSet</SourceBindingType>
      <Interface>Interface</Interface>
    </SMOHeader>
    <JMSHeader>
      <JMSDestination>http://tempuri.org</JMSDestination>
      <JMSDeliveryMode>NonPersistent</JMSDeliveryMode>
      <JMSMessageID>JMSMessageID</JMSMessageID>
      <JMSTimestamp>0</JMSTimestamp>
      <JMSCorrelationID>JMSCorrelationID</JMSCorrelationID>
      <JMSReplyTo>http://tempuri.org</JMSReplyTo>
      <JMSRedelivered>true</JMSRedelivered>
      <JMSType>JMSType</JMSType>
      <JMSExpiration>0</JMSExpiration>
      <JMSPriority>0</JMSPriority>
    </JMSHeader>
    <SOAPHeader>
      <nameSpace>http://tempuri.org</nameSpace>
      <name>NCName</name>
      <prefix>NCName</prefix>
      <value xmlns:bons0="http://www.ibm.com/xmlns/prod/websphere/j2ca/jdbc/resultsetBO" xmlns:bons3="http://com/ibm/j2ca/fault/afcfault" xmlns:cus_getlocationsbystatusandversion="http://www.ibm.com/xmlns/prod/websphere/j2ca/jdbc/cus_getlocationsbystatusandversion" xmlns:cus_getlocationscountbystatusandversion="http://www.ibm.com/xmlns/prod/websphere/j2ca/jdbc/cus_getlocationscountbystatusandversion" xmlns:httpsca="http://www.ibm.com/xmlns/prod/websphere/http/sca/6.1.0" xmlns:jdbcasi="http://www.ibm.com/xmlns/prod/websphere/j2ca/jdbc/metadata" xmlns:mq="http://www.ibm.com/xmlns/prod/websphere/mq/sca/6.0.0" xmlns:p="http://www.ibm.com/xmlns/prod/websphere/j2ca/jdbc/cus_getlocationscountbystatusandversioncontainer" xmlns:p1="http://www.ibm.com/xmlns/prod/websphere/j2ca/jdbc/cus_gexpusrtusp_query" xmlns:p2="http://www.ibm.com/xmlns/prod/websphere/j2ca/jdbc/cus_getlocationsbystatusandversioncontainer" xmlns:primkey="http://com/ibm/j2ca/fault" xmlns:tns="http://www.ibm.com/websphere/sibx/smo/v6.0.1" xmlns:tns1="http://GES_BP_DataAccess/JDBCImport" xmlns:tns2="http://www.w3.org/2005/08/addressing" xmlns:tns3="http://www.w3.org/2003/05/soap-envelope" xmlns:tns_1="wsdl.http://GES_BP_DataAccess/JDBCImport" xmlns:wsa="http://schemas.xmlsoap.org/ws/2004/08/addressing" xsi:type="anyType"/>
    </SOAPHeader>
    <SOAPFaultInfo>
      <faultcode>QName</faultcode>
      <faultstring>faultstring</faultstring>
      <faultactor>http://tempuri.org</faultactor>
      <extendedFaultInfo>
        <Code>
          <io:Value>{http://www.w3.org/2003/05/soap-envelope}DataEncodingUnknown</io:Value>
          <io:Subcode>
            <io:Value>QName</io:Value>
            <tns3:Subcode xmlns:tns3="http://www.w3.org/2003/05/soap-envelope" xmlns:bons0="http://www.ibm.com/xmlns/prod/websphere/j2ca/jdbc/resultsetBO" xmlns:bons3="http://com/ibm/j2ca/fault/afcfault" xmlns:cus_getlocationsbystatusandversion="http://www.ibm.com/xmlns/prod/websphere/j2ca/jdbc/cus_getlocationsbystatusandversion" xmlns:cus_getlocationscountbystatusandversion="http://www.ibm.com/xmlns/prod/websphere/j2ca/jdbc/cus_getlocationscountbystatusandversion" xmlns:httpsca="http://www.ibm.com/xmlns/prod/websphere/http/sca/6.1.0" xmlns:jdbcasi="http://www.ibm.com/xmlns/prod/websphere/j2ca/jdbc/metadata" xmlns:mq="http://www.ibm.com/xmlns/prod/websphere/mq/sca/6.0.0" xmlns:p="http://www.ibm.com/xmlns/prod/websphere/j2ca/jdbc/cus_getlocationscountbystatusandversioncontainer" xmlns:p1="http://www.ibm.com/xmlns/prod/websphere/j2ca/jdbc/cus_gexpusrtusp_query" xmlns:p2="http://www.ibm.com/xmlns/prod/websphere/j2ca/jdbc/cus_getlocationsbystatusandversioncontainer" xmlns:primkey="http://com/ibm/j2ca/fault" xmlns:tns="http://www.ibm.com/websphere/sibx/smo/v6.0.1" xmlns:tns1="http://GES_BP_DataAccess/JDBCImport" xmlns:tns2="http://www.w3.org/2005/08/addressing" xmlns:tns_1="wsdl.http://GES_BP_DataAccess/JDBCImport" xmlns:wsa="http://schemas.xmlsoap.org/ws/2004/08/addressing"/>
          </io:Subcode>
        </Code>
        <Reason>
          <io:Text xml:lang="">tns3:Text</io:Text>
        </Reason>
        <Node>http://tempuri.org</Node>
        <Role>http://tempuri.org</Role>
      </extendedFaultInfo>
    </SOAPFaultInfo>
    <properties>
      <name>name</name>
      <value>value</value>
      <type>type</type>
    </properties>
    <MQHeader>
      <md>
        <Report>0</Report>
        <MsgType>0</MsgType>
        <Expiry>0</Expiry>
        <Feedback>0</Feedback>
        <Priority>0</Priority>
        <Persistence>0</Persistence>
        <MsgId>0F00</MsgId>
        <CorrelId>0F00</CorrelId>
        <BackoutCount>0</BackoutCount>
        <ReplyToQ>ReplyToQ</ReplyToQ>
        <ReplyToQMgr>ReplyToQMgr</ReplyToQMgr>
        <UserIdentifier>UserIdentifier</UserIdentifier>
        <AccountingToken>0F00</AccountingToken>
        <ApplIdentityData>ApplIdentityData</ApplIdentityData>
        <PutApplType>0</PutApplType>
        <PutApplName>PutApplName</PutApplName>
        <PutDate>PutDate</PutDate>
        <PutTime>PutTime</PutTime>
        <ApplOriginData>ApplOriginData</ApplOriginData>
        <GroupId>0F00</GroupId>
        <MsgSeqNumber>0</MsgSeqNumber>
        <Offset>0</Offset>
        <MsgFlags>0</MsgFlags>
        <OriginalLength>0</OriginalLength>
      </md>
      <control>
        <Encoding>0</Encoding>
        <CodedCharSetId>0</CodedCharSetId>
        <Format>Format</Format>
      </control>
      <header>
        <Encoding>0</Encoding>
        <CodedCharSetId>0</CodedCharSetId>
        <Format>Format</Format>
        <value xmlns:bons0="http://www.ibm.com/xmlns/prod/websphere/j2ca/jdbc/resultsetBO" xmlns:bons3="http://com/ibm/j2ca/fault/afcfault" xmlns:cus_getlocationsbystatusandversion="http://www.ibm.com/xmlns/prod/websphere/j2ca/jdbc/cus_getlocationsbystatusandversion" xmlns:cus_getlocationscountbystatusandversion="http://www.ibm.com/xmlns/prod/websphere/j2ca/jdbc/cus_getlocationscountbystatusandversion" xmlns:httpsca="http://www.ibm.com/xmlns/prod/websphere/http/sca/6.1.0" xmlns:jdbcasi="http://www.ibm.com/xmlns/prod/websphere/j2ca/jdbc/metadata" xmlns:mq="http://www.ibm.com/xmlns/prod/websphere/mq/sca/6.0.0" xmlns:p="http://www.ibm.com/xmlns/prod/websphere/j2ca/jdbc/cus_getlocationscountbystatusandversioncontainer" xmlns:p1="http://www.ibm.com/xmlns/prod/websphere/j2ca/jdbc/cus_gexpusrtusp_query" xmlns:p2="http://www.ibm.com/xmlns/prod/websphere/j2ca/jdbc/cus_getlocationsbystatusandversioncontainer" xmlns:primkey="http://com/ibm/j2ca/fault" xmlns:tns="http://www.ibm.com/websphere/sibx/smo/v6.0.1" xmlns:tns1="http://GES_BP_DataAccess/JDBCImport" xmlns:tns2="http://www.w3.org/2005/08/addressing" xmlns:tns3="http://www.w3.org/2003/05/soap-envelope" xmlns:tns_1="wsdl.http://GES_BP_DataAccess/JDBCImport" xmlns:wsa="http://schemas.xmlsoap.org/ws/2004/08/addressing" xsi:type="anyType"/>
      </header>
    </MQHeader>
    <HTTPHeader>
      <control>
        <io9:URL>http://tempuri.org</io9:URL>
        <io9:Version>1.0</io9:Version>
        <io9:Method>httpsca:Method</io9:Method>
        <io9:DynamicOverrideURL>http://tempuri.org</io9:DynamicOverrideURL>
        <io9:DynamicOverrideVersion>1.0</io9:DynamicOverrideVersion>
        <io9:DynamicOverrideMethod>httpsca:DynamicOverrideMethod</io9:DynamicOverrideMethod>
        <io9:MediaType>httpsca:MediaType</io9:MediaType>
        <io9:Charset>httpsca:Charset</io9:Charset>
        <io9:TransferEncoding>httpsca:TransferEncoding</io9:TransferEncoding>
        <io9:ContentEncoding>httpsca:ContentEncoding</io9:ContentEncoding>
        <io9:StatusCode>0</io9:StatusCode>
        <io9:ReasonPhrase>httpsca:ReasonPhrase</io9:ReasonPhrase>
        <io9:ContentLength>0</io9:ContentLength>
        <io9:ExportContextPath>httpsca:ExportContextPath</io9:ExportContextPath>
        <io9:Authentication>
          <io9:credentials>
            <io9:userId>httpsca:userId</io9:userId>
            <io9:password>httpsca:password</io9:password>
          </io9:credentials>
          <io9:authenticationType>Basic</io9:authenticationType>
        </io9:Authentication>
        <io9:SSLSettings>
          <io9:SSLVersion>SSL</io9:SSLVersion>
          <io9:SSLDebug>false</io9:SSLDebug>
          <io9:KeyStoreType>JKS</io9:KeyStoreType>
          <io9:TrustStoreType>JKS</io9:TrustStoreType>
          <io9:KeyStore>httpsca:KeyStore</io9:KeyStore>
          <io9:KeyStoreAlias>httpsca:KeyStoreAlias</io9:KeyStoreAlias>
          <io9:KeyStorePassword>httpsca:KeyStorePassword</io9:KeyStorePassword>
          <io9:TrustStore>httpsca:TrustStore</io9:TrustStore>
          <io9:TrustStorePassword>httpsca:TrustStorePassword</io9:TrustStorePassword>
          <io9:UseClientAuth>false</io9:UseClientAuth>
        </io9:SSLSettings>
        <io9:ProxySettings>
          <io9:proxyHost>httpsca:proxyHost</io9:proxyHost>
          <io9:proxyPort>0</io9:proxyPort>
          <io9:proxyType>http</io9:proxyType>
          <io9:proxyCredentials>
            <io9:userId>httpsca:userId</io9:userId>
            <io9:password>httpsca:password</io9:password>
          </io9:proxyCredentials>
          <io9:nonProxyHost>httpsca:nonProxyHost</io9:nonProxyHost>
        </io9:ProxySettings>
      </control>
      <header>
        <io9:name>httpsca:name</io9:name>
        <io9:value>httpsca:value</io9:value>
      </header>
    </HTTPHeader>
    <EISHeader>
      <EISInteractionSpec xmlns:bons0="http://www.ibm.com/xmlns/prod/websphere/j2ca/jdbc/resultsetBO" xmlns:bons3="http://com/ibm/j2ca/fault/afcfault" xmlns:cus_getlocationsbystatusandversion="http://www.ibm.com/xmlns/prod/websphere/j2ca/jdbc/cus_getlocationsbystatusandversion" xmlns:cus_getlocationscountbystatusandversion="http://www.ibm.com/xmlns/prod/websphere/j2ca/jdbc/cus_getlocationscountbystatusandversion" xmlns:httpsca="http://www.ibm.com/xmlns/prod/websphere/http/sca/6.1.0" xmlns:jdbcasi="http://www.ibm.com/xmlns/prod/websphere/j2ca/jdbc/metadata" xmlns:mq="http://www.ibm.com/xmlns/prod/websphere/mq/sca/6.0.0" xmlns:p="http://www.ibm.com/xmlns/prod/websphere/j2ca/jdbc/cus_getlocationscountbystatusandversioncontainer" xmlns:p1="http://www.ibm.com/xmlns/prod/websphere/j2ca/jdbc/cus_gexpusrtusp_query" xmlns:p2="http://www.ibm.com/xmlns/prod/websphere/j2ca/jdbc/cus_getlocationsbystatusandversioncontainer" xmlns:primkey="http://com/ibm/j2ca/fault" xmlns:tns="http://www.ibm.com/websphere/sibx/smo/v6.0.1" xmlns:tns1="http://GES_BP_DataAccess/JDBCImport" xmlns:tns2="http://www.w3.org/2005/08/addressing" xmlns:tns3="http://www.w3.org/2003/05/soap-envelope" xmlns:tns_1="wsdl.http://GES_BP_DataAccess/JDBCImport" xmlns:wsa="http://schemas.xmlsoap.org/ws/2004/08/addressing" xsi:type="anyType"/>
      <EISConnectionSpec xmlns:bons0="http://www.ibm.com/xmlns/prod/websphere/j2ca/jdbc/resultsetBO" xmlns:bons3="http://com/ibm/j2ca/fault/afcfault" xmlns:cus_getlocationsbystatusandversion="http://www.ibm.com/xmlns/prod/websphere/j2ca/jdbc/cus_getlocationsbystatusandversion" xmlns:cus_getlocationscountbystatusandversion="http://www.ibm.com/xmlns/prod/websphere/j2ca/jdbc/cus_getlocationscountbystatusandversion" xmlns:httpsca="http://www.ibm.com/xmlns/prod/websphere/http/sca/6.1.0" xmlns:jdbcasi="http://www.ibm.com/xmlns/prod/websphere/j2ca/jdbc/metadata" xmlns:mq="http://www.ibm.com/xmlns/prod/websphere/mq/sca/6.0.0" xmlns:p="http://www.ibm.com/xmlns/prod/websphere/j2ca/jdbc/cus_getlocationscountbystatusandversioncontainer" xmlns:p1="http://www.ibm.com/xmlns/prod/websphere/j2ca/jdbc/cus_gexpusrtusp_query" xmlns:p2="http://www.ibm.com/xmlns/prod/websphere/j2ca/jdbc/cus_getlocationsbystatusandversioncontainer" xmlns:primkey="http://com/ibm/j2ca/fault" xmlns:tns="http://www.ibm.com/websphere/sibx/smo/v6.0.1" xmlns:tns1="http://GES_BP_DataAccess/JDBCImport" xmlns:tns2="http://www.w3.org/2005/08/addressing" xmlns:tns3="http://www.w3.org/2003/05/soap-envelope" xmlns:tns_1="wsdl.http://GES_BP_DataAccess/JDBCImport" xmlns:wsa="http://schemas.xmlsoap.org/ws/2004/08/addressing" xsi:type="anyType"/>
    </EISHeader>
    <WSAHeader version="http://www.w3.org/2005/08/addressing">
      <io10:To>http://tempuri.org</io10:To>
      <ReferenceParameters/>
      <io10:From>
        <io10:Address>http://tempuri.org</io10:Address>
        <io10:ReferenceParameters/>
        <io10:Metadata/>
      </io10:From>
      <io10:ReplyTo>
        <io10:Address>http://tempuri.org</io10:Address>
        <io10:ReferenceParameters/>
        <io10:Metadata/>
      </io10:ReplyTo>
      <io10:FaultTo>
        <io10:Address>http://tempuri.org</io10:Address>
        <io10:ReferenceParameters/>
        <io10:Metadata/>
      </io10:FaultTo>
      <io10:Action>http://tempuri.org</io10:Action>
      <io10:MessageID>http://tempuri.org</io10:MessageID>
      <io10:RelatesTo RelationshipType="http://www.w3.org/2005/08/addressing/reply">http://tempuri.org</io10:RelatesTo>
    </WSAHeader>
  </headers>
  <body xsi:type="out2:getDataResponseMsg">
    <out:getData>
      <out:Payload xsi:type="io7:SPResultSets">
        <io7:SPResults>
          <io9:SPResult xmlns:io9="http://aig.us.com/ges/schema/da/DataAccessV1_0" xmlns:out5="wsdl.http://GES_Lib_DataAccess/it/DataAccess" xmlns:io7="http://www.w3.org/2005/08/addressing" xmlns:io6="http://www.ibm.com/xmlns/prod/websphere/http/sca/6.1.0" xmlns:io5="http://schemas.xmlsoap.org/ws/2004/08/addressing" xmlns:out4="http://aig.us.com/ges/schema/da/DataAccessV1_0" xmlns:io4="http://www.ibm.com/xmlns/prod/websphere/mq/sca/6.0.0" xmlns:out3="http://aig.com/CommonHeaderV12" xmlns:out2="http://aig.us.com/ges/common/v3">
            <io9:ResultRows>
              <io9:ResultRow>
                <io9:ColumnRecords>
                  <io9:ColumnRecord>
                    <ColumnValue>value</ColumnValue>
                  </io9:ColumnRecord>
                </io9:ColumnRecords>
              </io9:ResultRow>
            </io9:ResultRows>
          </io9:SPResult>
        </io7:SPResults>
      </out:Payload>
    </out:getData>
  </body>
  <attachments>
    <contentID>http://tempuri.org</contentID>
    <contentType>token</contentType>
    <data>MA==</data>
  </attachments>
</io2:smo>