<?xml version="1.0" encoding="UTF-8"?>
<ModuleImportProperties>
	<moduleNames>
		<moduleName>
			<name>GES_BP_MDMLocationService</name>
			<wsImport>
				<partnerName>AIGMDMBusinessProxyServicePartner
				</partnerName>
				<endpointRef type="ws" env="local">
					<version value="3.6.0">
						http://vmzldledmmdm10.r1-core.r1.aig.net:44378/AIGMDMBusinessProxyWS_HTTPRouter/services/AIGMDMBusinessProxyPort
					</version>
				</endpointRef>
				<endpointRef type="ws" env="dev">
					<version value="3.6.0">
						http://vmzldledmmdm10.r1-core.r1.aig.net:44378/AIGMDMBusinessProxyWS_HTTPRouter/services/AIGMDMBusinessProxyPort
					</version>
				</endpointRef>
				<endpointRef type="ws" env="qa">
					<version value="3.6.0">
						http://vmzlqledmmdm14.r1-core.r1.aig.net:50218/AIGMDMBusinessProxyWS_HTTPRouter/services/AIGMDMBusinessProxyPort
					</version>
				</endpointRef>
				<endpointRef type="ws" env="model">
					<version value="3.6.0">
						http://vmzlmledmmdm18.r1-core.r1.aig.net:44378/AIGMDMBusinessProxyWS_HTTPRouter/services/AIGMDMBusinessProxyPort
					</version>
				</endpointRef>
				<endpointRef type="ws" env="prod">
					<version value="3.6.0">
						http://mdmsvc.aig.net:44378/AIGMDMBusinessProxyWS_HTTPRouter/services/AIGMDMBusinessProxyPort
					</version>
				</endpointRef>
			</wsImport>
		</moduleName>
		<moduleName>
			<name>GES_BP_PBBILocationService</name>
			<wsImport>
				<partnerName>StandardizeAndAugmentGlobalLocationServicePartner
				</partnerName>
				<endpointRef type="ws" env="local">
					<version value="3.6.0">
						http://dwchasbowes02.r1-core.r1.aig.net:8080/soap/StandardizeAndAugmentGlobalLocationService
					</version>
				</endpointRef>
				<endpointRef type="ws" env="dev">
					<version value="3.6.0">
						http://dwchasbowes02.r1-core.r1.aig.net:8080/soap/StandardizeAndAugmentGlobalLocationService
					</version>
				</endpointRef>
				<endpointRef type="ws" env="qa">
					<version value="3.6.0">
						http://twchasbowes02.r1-core.r1.aig.net:8080/soap/StandardizeAndAugmentGlobalLocationService
					</version>
				</endpointRef>
				<endpointRef type="ws" env="model">
					<version value="3.6.0">
						http://awchasbowes01.livdmz2.r1.aig.net:8080/soap/StandardizeAndAugmentGlobalLocationService
					</version>
				</endpointRef>
				<endpointRef type="ws" env="prod">
					<version value="3.6.0">
						http://pwchasbowes01.livdmz2.r1.aig.net:8080/soap/StandardizeAndAugmentGlobalLocationService
					</version>
				</endpointRef>
			</wsImport>
			<wsImport>
				<partnerName>MatchGlobalLocationServicePartner
				</partnerName>
				<endpointRef type="ws" env="local">
					<version value="3.6.0">
						http://dwchasbowes02.r1-core.r1.aig.net:8080/soap/MatchGlobalLocationService
					</version>
				</endpointRef>
				<endpointRef type="ws" env="local">
					<version value="default">
						http://dwchasbowes02.r1-core.r1.aig.net:8080/soap/MatchGlobalLocationService
					</version>
				</endpointRef>
				<endpointRef type="ws" env="dev">
					<version value="3.6.0">
						http://dwchasbowes02.r1-core.r1.aig.net:8080/soap/MatchGlobalLocationService
					</version>
				</endpointRef>
				<endpointRef type="ws" env="qa">
					<version value="3.6.0">
						http://twchasbowes02.r1-core.r1.aig.net:8080/soap/MatchGlobalLocationService
					</version>
				</endpointRef>
				<endpointRef type="ws" env="model">
					<version value="3.6.0">
						http://awchasbowes01.livdmz2.r1.aig.net:8080/soap/MatchGlobalLocationService
					</version>
				</endpointRef>
				<endpointRef type="ws" env="prod">
					<version value="3.6.0">
						http://pwchasbowes01.livdmz2.r1.aig.net:8080/soap/MatchGlobalLocationService
					</version>
				</endpointRef>
			</wsImport>
			<wsImport>
				<partnerName>PBBICrestaCodeGlobalLocationServicePartner
				</partnerName>
				<endpointRef type="ws" env="local">
					<version value="3.6.0">
						http://dwchasbowes01.r1-core.r1.aig.net:8080/soap/CrestaCodeGlobalLocationService
					</version>
				</endpointRef>
				<endpointRef type="ws" env="dev">
					<version value="3.6.0">
						http://dwchasbowes01.r1-core.r1.aig.net:8080/soap/CrestaCodeGlobalLocationService
					</version>
				</endpointRef>
				<endpointRef type="ws" env="qa">
					<version value="3.6.0">
						http://twchasbowes01.r1-core.r1.aig.net:8080/soap/CrestaCodeGlobalLocationService
					</version>
				</endpointRef>
				<endpointRef type="ws" env="model">
					<version value="3.6.0">
						http://awchasbowes01.livdmz2.r1.aig.net:8080/soap/CrestaCodeGlobalLocationService
					</version>
				</endpointRef>
				<endpointRef type="ws" env="prod">
					<version value="3.6.0">
						http://pwchasbowes01.livdmz2.r1.aig.net:8080/soap/CrestaCodeGlobalLocationService
					</version>
				</endpointRef>
			</wsImport>
			<wsImport>
				<partnerName>PBBICanadaFloodCodeLocationServicePartner
				</partnerName>
				<endpointRef type="ws" env="local">
					<version value="3.6.0">
						http://dwchasbowes01.r1-core.r1.aig.net:8080/soap/CanadaFloodCodeLocationService
					</version>
				</endpointRef>
				<endpointRef type="ws" env="dev">
					<version value="3.6.0">
						http://dwchasbowes01.r1-core.r1.aig.net:8080/soap/CanadaFloodCodeLocationService
					</version>
				</endpointRef>
				<endpointRef type="ws" env="qa">
					<version value="3.6.0">
						http://twchasbowes01.r1-core.r1.aig.net:8080/soap/CanadaFloodCodeLocationService
					</version>
				</endpointRef>
				<endpointRef type="ws" env="model">
					<version value="3.6.0">
						http://awchasbowes01.livdmz2.r1.aig.net:8080/soap/CanadaFloodCodeLocationService
					</version>
				</endpointRef>
				<endpointRef type="ws" env="prod">
					<version value="3.6.0">
						http://pwchasbowes01.livdmz2.r1.aig.net:8080/soap/CanadaFloodCodeLocationService
					</version>
				</endpointRef>
			</wsImport>
			<wsImport>
				<partnerName>PBBIGeoCodeGlobalLocationServicePartner
				</partnerName>
				<endpointRef type="ws" env="local">
					<version value="3.6.0">
						http://dwchasbowes01.r1-core.r1.aig.net:8080/soap/GeocodeGlobalLocationService
					</version>
				</endpointRef>
				<endpointRef type="ws" env="dev">
					<version value="3.6.0">
						http://dwchasbowes01.r1-core.r1.aig.net:8080/soap/GeocodeGlobalLocationService
					</version>
				</endpointRef>
				<endpointRef type="ws" env="qa">
					<version value="3.6.0">
						http://twchasbowes01.r1-core.r1.aig.net:8080/soap/GeocodeGlobalLocationService
					</version>
				</endpointRef>
				<endpointRef type="ws" env="model">
					<version value="3.6.0">
						http://awchasbowes01.livdmz2.r1.aig.net:8080/soap/GeocodeGlobalLocationService
					</version>
				</endpointRef>
				<endpointRef type="ws" env="prod">
					<version value="3.6.0">
						http://pwchasbowes01.livdmz2.r1.aig.net:8080/soap/GeocodeGlobalLocationService
					</version>
				</endpointRef>
			</wsImport>
			<wsImport>
				<partnerName>PBBIStandardizeGlobalLocationServicePartner
				</partnerName>
				<endpointRef type="ws" env="local">
					<version value="3.6.0">
						http://dwchasbowes01.r1-core.r1.aig.net:8080/soap/StandardizeGlobalLocationService
					</version>
				</endpointRef>
				<endpointRef type="ws" env="dev">
					<version value="3.6.0">
						http://dwchasbowes01.r1-core.r1.aig.net:8080/soap/StandardizeGlobalLocationService
					</version>
				</endpointRef>
				<endpointRef type="ws" env="qa">
					<version value="3.6.0">
						http://twchasbowes02.r1-core.r1.aig.net:8080/soap/StandardizeGlobalLocationService
					</version>
				</endpointRef>
				<endpointRef type="ws" env="model">
					<version value="3.6.0">
						http://awchasbowes01.livdmz2.r1.aig.net:8080/soap/StandardizeGlobalLocationService
					</version>
				</endpointRef>
				<endpointRef type="ws" env="prod">
					<version value="3.6.0">
						http://pwchasbowes01.livdmz2.r1.aig.net:8080/soap/StandardizeGlobalLocationService
					</version>
				</endpointRef>
			</wsImport>
			<wsImport>
				<partnerName>ReverseGeocodeGlobalLocationServicePartner
				</partnerName>
				<endpointRef type="ws" env="local">
					<version value="3.6.0">
						http://dwchasbowes01.r1-core.r1.aig.net:8080/soap/ReverseGeocodeGlobalLocationService
					</version>
				</endpointRef>
				<endpointRef type="ws" env="dev">
					<version value="3.6.0">
						http://dwchasbowes01.r1-core.r1.aig.net:8080/soap/ReverseGeocodeGlobalLocationService
					</version>
				</endpointRef>
				<endpointRef type="ws" env="qa">
					<version value="3.6.0">
						http://twchasbowes01.r1-core.r1.aig.net:8080/soap/ReverseGeocodeGlobalLocationService
					</version>
				</endpointRef>
				<endpointRef type="ws" env="model">
					<version value="3.6.0">
						http://awchasbowes01.livdmz2.r1.aig.net:8080/soap/ReverseGeocodeGlobalLocationService
					</version>
				</endpointRef>
				<endpointRef type="ws" env="prod">
					<version value="3.6.0">
						http://pwchasbowes01.livdmz2.r1.aig.net:8080/soap/ReverseGeocodeGlobalLocationService
					</version>
				</endpointRef>
			</wsImport>
		</moduleName>
		<moduleName>
			<name>GES_BP_IntegrationServiceGateway
			</name>
			<wsImport>
				<partnerName>LocationExposureNotificationServiceJMSPartner
				</partnerName>
				<endpointRef type="jms" env="local">
					<version value="3.5.0">
						jms:jndi:jms/GPSNOTIFYQ?jndiConnectionFactoryName=jms/GESGPSQCF
					</version>
				</endpointRef>
				<endpointRef type="jms" env="local">
					<version value="default">
						jms:jndi:jms/GPSNOTIFYQ?jndiConnectionFactoryName=jms/GESGPSQCF
					</version>
				</endpointRef>
				<endpointRef type="jms" env="dev">
					<version value="3.5.0">
						jms:jndi:jms/GPSNOTIFYQ?jndiConnectionFactoryName=jms/GESGPSQCF
					</version>
				</endpointRef>
				<endpointRef type="jms" env="dev">
					<version value="default">
						jms:jndi:jms/GPSNOTIFYQ?jndiConnectionFactoryName=jms/GESGPSQCF
					</version>
				</endpointRef>
				<endpointRef type="jms" env="qa">
					<version value="3.5.0">
						jms:jndi:jms/GPSNOTIFYQ?jndiConnectionFactoryName=jms/GESGPSQCF
					</version>
				</endpointRef>
				<endpointRef type="jms" env="model">
					<version value="3.5.0">
						jms:jndi:jms/GPSNOTIFYQ?jndiConnectionFactoryName=jms/GESGPSQCF
					</version>
				</endpointRef>
				<endpointRef type="jms" env="prod">
					<version value="3.5.0">
						jms:jndi:jms/GPSNOTIFYQ?jndiConnectionFactoryName=jms/GESGPSQCF
					</version>
				</endpointRef>
			</wsImport>
			<wsImport>
				<partnerName>LocationExposureNotificationService_JMSGRASPPartner
				</partnerName>
				<endpointRef type="jms" env="local">
					<version value="3.5.0">
						jms:jndi:jms/GPSNOTIFYQ?jndiConnectionFactoryName=jms/GESGPSQCF
					</version>
				</endpointRef>
				<endpointRef type="jms" env="local">
					<version value="default">
						jms:jndi:jms/GPSNOTIFYQ?jndiConnectionFactoryName=jms/GESGPSQCF
					</version>
				</endpointRef>
				<endpointRef type="jms" env="dev">
					<version value="3.5.0">
						jms:jndi:jms/GPSNOTIFYQ?jndiConnectionFactoryName=jms/GESGPSQCF
					</version>
				</endpointRef>
				<endpointRef type="jms" env="dev">
					<version value="default">
						jms:jndi:jms/GPSNOTIFYQ?jndiConnectionFactoryName=jms/GESGPSQCF
					</version>
				</endpointRef>
				<endpointRef type="jms" env="qa">
					<version value="3.5.0">
						jms:jndi:jms/GPSNOTIFYQ?jndiConnectionFactoryName=jms/GESGPSQCF
					</version>
				</endpointRef>
				<endpointRef type="jms" env="model">
					<version value="3.5.0">
						jms:jndi:jms/GPSNOTIFYQ?jndiConnectionFactoryName=jms/GESGPSQCF
					</version>
				</endpointRef>
				<endpointRef type="jms" env="prod">
					<version value="3.5.0">
						jms:jndi:jms/GPSNOTIFYQ?jndiConnectionFactoryName=jms/GESGPSQCF
					</version>
				</endpointRef>
			</wsImport>
			<wsImport>
				<partnerName>LocationExposureServiceV3Partner
				</partnerName>
				<endpointRef type="sca" env="local">
					<version value="3.5.0">
						sca://GES_BP_LocationExposureService_v3_5_0/LocationExposureServiceV3_SCAExp
					</version>
				</endpointRef>
				<endpointRef type="sca" env="local">
					<version value="default">
						sca://GES_BP_LocationExposureService_v3_5_0/LocationExposureServiceV3_SCAExp
					</version>
				</endpointRef>
				<endpointRef type="sca" env="dev">
					<version value="3.5.0">
						sca://GES_BP_LocationExposureService_v3_5_0/LocationExposureServiceV3_SCAExp
					</version>
				</endpointRef>
				<endpointRef type="sca" env="qa">
					<version value="3.5.0">
						sca://GES_BP_LocationExposureService_v3_5_0/LocationExposureServiceV3_SCAExp
					</version>
				</endpointRef>
				<endpointRef type="sca" env="model">
					<version value="3.5.0">
						sca://GES_BP_LocationExposureService_v3_5_0/LocationExposureServiceV3_SCAExp
					</version>
				</endpointRef>
				<endpointRef type="sca" env="prod">
					<version value="3.5.0">
						sca://GES_BP_LocationExposureService_v3_5_0/LocationExposureServiceV3_SCAExp
					</version>
				</endpointRef>
			</wsImport>
			<wsImport>
				<partnerName>LocationScrubbingServiceV3Partner
				</partnerName>
				<endpointRef type="sca" env="local">
					<version value="3.5.0">
						sca://GES_BP_LocationScrubbingService_v3_6_0/LocationScrubbingService_SCAExp
					</version>
				</endpointRef>
				<endpointRef type="sca" env="local">
					<version value="default">
						sca://GES_BP_LocationScrubbingService_v3_6_0/LocationScrubbingService_SCAExp
					</version>
				</endpointRef>
				<endpointRef type="sca" env="dev">
					<version value="3.5.0">
						sca://GES_BP_LocationScrubbingService_v3_6_0/LocationScrubbingService_SCAExp
					</version>
					<version value="3.5.1">
						sca://GES_BP_LocationScrubbingService_v3_5_0/LocationScrubbingService_SCAExp
					</version>
				</endpointRef>
				<endpointRef type="sca" env="qa">
					<version value="3.5.0">
						sca://GES_BP_LocationScrubbingService_v3_6_0/LocationScrubbingService_SCAExp
					</version>
					<version value="3.5.1">
						sca://GES_BP_LocationScrubbingService_v3_5_0/LocationScrubbingService_SCAExp
					</version>
				</endpointRef>
				<endpointRef type="sca" env="model">
					<version value="3.5.0">
						sca://GES_BP_LocationScrubbingService_v3_6_0/LocationScrubbingService_SCAExp
					</version>
				</endpointRef>
				<endpointRef type="sca" env="prod">
					<version value="3.5.0">
						sca://GES_BP_LocationScrubbingService_v3_6_0/LocationScrubbingService_SCAExp
					</version>
				</endpointRef>
			</wsImport>
			<wsImport>
				<partnerName>LocationServiceRouterPartner
				</partnerName>
				<endpointRef type="sca" env="local">
					<version value="3.5.0">
						sca://GES_BP_LocationServiceRouter_v3_6_0/LocationServiceV3_SCAExp
					</version>
				</endpointRef>
				<endpointRef type="sca" env="local">
					<version value="default">
						sca://GES_BP_LocationServiceRouter_v3_6_0/LocationServiceV3_SCAExp
					</version>
				</endpointRef>
				<endpointRef type="sca" env="dev">
					<version value="3.5.0">
						sca://GES_BP_LocationServiceRouter_v3_6_0/LocationServiceV3_SCAExp
					</version>
				</endpointRef>
				<endpointRef type="sca" env="qa">
					<version value="3.5.0">
						sca://GES_BP_LocationServiceRouter_v3_6_0/LocationServiceV3_SCAExp
					</version>
				</endpointRef>
				<endpointRef type="sca" env="model">
					<version value="3.5.0">
						sca://GES_BP_LocationServiceRouter_v3_6_0/LocationServiceV3_SCAExp
					</version>
				</endpointRef>
				<endpointRef type="sca" env="prod">
					<version value="3.5.0">
						sca://GES_BP_LocationServiceRouter_v3_6_0/LocationServiceV3_SCAExp
					</version>
				</endpointRef>
			</wsImport>
			<wsImport>
				<partnerName>LocationExposureNotificationServicePartner
				</partnerName>
				<endpointRef type="ws" env="local">
					<version value="3.5.0">
						sca://GES_BP_LocationExposureNotificationService_v3_5_0/LocationExposureNotificationServiceBatch_SCAExp
					</version>
				</endpointRef>
				<endpointRef type="ws" env="local">
					<version value="default">
						sca://GES_BP_LocationExposureNotificationService_v3_5_0/LocationExposureNotificationServiceBatch_SCAExp
					</version>
				</endpointRef>
				<endpointRef type="ws" env="dev">
					<version value="3.5.0">
						sca://GES_BP_LocationExposureNotificationService_v3_5_0/LocationExposureNotificationServiceBatch_SCAExp
					</version>
				</endpointRef>
				<endpointRef type="ws" env="qa">
					<version value="3.5.0">
						sca://GES_BP_LocationExposureNotificationService_v3_5_0/LocationExposureNotificationServiceBatch_SCAExp
					</version>
				</endpointRef>
				<endpointRef type="ws" env="model">
					<version value="3.5.0">
						sca://GES_BP_LocationExposureNotificationService_v3_5_0/LocationExposureNotificationServiceBatch_SCAExp
					</version>
				</endpointRef>
				<endpointRef type="ws" env="prod">
					<version value="3.5.0">
						sca://GES_BP_LocationExposureNotificationService_v3_5_0/LocationExposureNotificationServiceBatch_SCAExp
					</version>
				</endpointRef>
			</wsImport>
			<wsImport>
				<partnerName>ServiceGatewayPartner1
				</partnerName>
				<endpointRef type="ws" env="local">
					<version value="3.5.0">
						http://10.32.11.98:43200/GES_BP_LocationExposureService_v3_5_0Web/PolicyServiceV1_HttpExp/createPolicyOption
					</version>
				</endpointRef>
				<endpointRef type="ws" env="local">
					<version value="default">
						http://localhost:9080/GES_Web_ConfigLoader/GESConfigLoader?
					</version>
				</endpointRef>
				<endpointRef type="ws" env="dev">
					<version value="3.5.0">
						https://ftwldscimw129.r1-core.r1.aig.net:46600/GES_Web_ConfigLoader_v3_5_0/GESConfigLoader?
					</version>
				</endpointRef>
				<endpointRef type="ws" env="qa">
					<version value="3.5.0">
						https://ftwldscimw129.r1-core.r1.aig.net:46601/GES_Web_ConfigLoader_v3_5_0/GESConfigLoader?
					</version>
				</endpointRef>
				<endpointRef type="ws" env="model">
					<version value="3.5.0">
						https://ftwsvcmodl.aig.com:15414/GES_Web_ConfigLoader_v3_5_0/GESConfigLoader?
					</version>
				</endpointRef>
				<endpointRef type="ws" env="prod">
					<version value="3.5.0">
						https://dbgsvc.aig.com:15414/GES_Web_ConfigLoader_v3_5_0/GESConfigLoader?
					</version>
				</endpointRef>
			</wsImport>
		</moduleName>
		<moduleName>
			<name>GES_BP_LocationExposureNotificationService
			</name>
			<wsImport>
				<partnerName>DataAccessPartner</partnerName>
				<endpointRef type="sca" env="local">
					<version value="3.5.0">
						sca://GES_BP_DataAccess_v3_6_0/DataAccess_JExp</version>
				</endpointRef>
				<endpointRef type="sca" env="dev">
					<version value="3.5.0">
						sca://GES_BP_DataAccess_v3_6_0/DataAccess_JExp</version>
				</endpointRef>
				<endpointRef type="sca" env="qa">
					<version value="3.5.0">
						sca://GES_BP_DataAccess_v3_6_0/DataAccess_JExp</version>
				</endpointRef>
				<endpointRef type="sca" env="model">
					<version value="3.5.0">
						sca://GES_BP_DataAccess_v3_6_0/DataAccess_JExp</version>
				</endpointRef>
				<endpointRef type="sca" env="prod">
					<version value="3.5.0">
						sca://GES_BP_DataAccess_v3_6_0/DataAccess_JExp</version>
				</endpointRef>
			</wsImport>
			<wsImport>
				<partnerName>LocationExposureNotificationServiceACKPartner
				</partnerName>
				<endpointRef type="jms" env="local">
					<version value="3.5.0">
						jms:jndi:jms/GESResponseQueue?jndiConnectionFactoryName=jms/GESMQConnFactory
					</version>
				</endpointRef>
				<endpointRef type="jms" env="local">
					<version value="default">
						jms:jndi:jms/GESResponseQueue?jndiConnectionFactoryName=jms/GESMQConnFactory
					</version>
				</endpointRef>
				<endpointRef type="jms" env="dev">
					<version value="3.5.0">
						jms:jndi:jms/GESResponseQueue?jndiConnectionFactoryName=jms/GESMQConnFactory
					</version>
				</endpointRef>
				<endpointRef type="jms" env="dev">
					<version value="default">
						jms:jndi:jms/GESResponseQueue?jndiConnectionFactoryName=jms/GESMQConnFactory
					</version>
				</endpointRef>
				<endpointRef type="jms" env="qa">
					<version value="3.5.0">
						jms:jndi:jms/GESResponseQueue?jndiConnectionFactoryName=jms/GESMQConnFactory
					</version>
				</endpointRef>
				<endpointRef type="jms" env="model">
					<version value="3.5.0">
						jms:jndi:jms/GESResponseQueue?jndiConnectionFactoryName=jms/GESMQConnFactory
					</version>
				</endpointRef>
				<endpointRef type="jms" env="prod">
					<version value="3.5.0">
						jms:jndi:jms/GESResponseQueue?jndiConnectionFactoryName=jms/GESMQConnFactory
					</version>
				</endpointRef>
			</wsImport>
			<wsImport>
				<partnerName>GRASP_CreateWIPPartner
				</partnerName>
				<endpointRef type="eis" env="local">
					<version value="3.5.0">jca:jndi:eis/GESDBCFV1
					</version>
				</endpointRef>
				<endpointRef type="eis" env="local">
					<version value="default">jca:jndi:eis/GESDBCFV1
					</version>
				</endpointRef>
				<endpointRef type="eis" env="dev">
					<version value="3.5.0">jca:jndi:eis/GESDBCFV1
					</version>
				</endpointRef>
				<endpointRef type="eis" env="dev">
					<version value="default">jca:jndi:eis/GESDBCFV1
					</version>
				</endpointRef>
				<endpointRef type="eis" env="qa">
					<version value="3.5.0">jca:jndi:eis/GESDBCFV1
					</version>
				</endpointRef>
				<endpointRef type="eis" env="model">
					<version value="3.5.0">jca:jndi:eis/GESDBCFV1
					</version>
				</endpointRef>
				<endpointRef type="eis" env="prod">
					<version value="3.5.0">jca:jndi:eis/GESDBCFV1
					</version>
				</endpointRef>
			</wsImport>
			<wsImport>
				<partnerName>GRASP_DeselectedLocationPartner
				</partnerName>
				<endpointRef type="eis" env="local">
					<version value="3.5.0">jca:jndi:eis/GESDBCFV1
					</version>
				</endpointRef>
				<endpointRef type="eis" env="local">
					<version value="default">jca:jndi:eis/GESDBCFV1
					</version>
				</endpointRef>
				<endpointRef type="eis" env="dev">
					<version value="3.5.0">jca:jndi:eis/GESDBCFV1
					</version>
				</endpointRef>
				<endpointRef type="eis" env="dev">
					<version value="default">jca:jndi:eis/GESDBCFV1
					</version>
				</endpointRef>
				<endpointRef type="eis" env="qa">
					<version value="3.5.0">jca:jndi:eis/GESDBCFV1
					</version>
				</endpointRef>
				<endpointRef type="eis" env="model">
					<version value="3.5.0">jca:jndi:eis/GESDBCFV1
					</version>
				</endpointRef>
				<endpointRef type="eis" env="prod">
					<version value="3.5.0">jca:jndi:eis/GESDBCFV1
					</version>
				</endpointRef>
			</wsImport>
			<wsImport>
				<partnerName>AggregatorServicePartner
				</partnerName>
				<endpointRef type="sca" env="local">
					<version value="3.5.0">
						sca://GES_BP_MonitoringProcess_v3_6_0/AggregatorService_SCAExp
					</version>
				</endpointRef>
				<endpointRef type="sca" env="local">
					<version value="3.5.0">
						sca://GES_BP_MonitoringProcess_v3_6_0/AggregatorService_SCAExp
					</version>
				</endpointRef>
				<endpointRef type="sca" env="dev">
					<version value="3.5.0">
						sca://GES_BP_MonitoringProcess_v3_6_0/AggregatorService_SCAExp
					</version>
				</endpointRef>
				<endpointRef type="sca" env="dev">
					<version value="3.5.0">
						sca://GES_BP_MonitoringProcess_v3_6_0/AggregatorService_SCAExp
					</version>
				</endpointRef>
				<endpointRef type="sca" env="qa">
					<version value="3.5.0">
						sca://GES_BP_MonitoringProcess_v3_6_0/AggregatorService_SCAExp
					</version>
				</endpointRef>
				<endpointRef type="sca" env="model">
					<version value="3.5.0">
						sca://GES_BP_MonitoringProcess_v3_6_0/AggregatorService_SCAExp
					</version>
				</endpointRef>
				<endpointRef type="sca" env="prod">
					<version value="3.5.0">
						sca://GES_BP_MonitoringProcess_v3_6_0/AggregatorService_SCAExp
					</version>
				</endpointRef>
			</wsImport>
			<wsImport>
				<partnerName>LocationExposureNotificationServicePartner1
				</partnerName>
				<endpointRef type="sca" env="local">
					<version value="3.5.0">
						sca://GES_BP_MonitoringProcess_v3_6_0/LocationExposureNotificationService_SCAExp
					</version>
				</endpointRef>
				<endpointRef type="sca" env="local">
					<version value="3.5.0">
						sca://GES_BP_MonitoringProcess_v3_6_0/LocationExposureNotificationService_SCAExp
					</version>
				</endpointRef>
				<endpointRef type="sca" env="dev">
					<version value="3.5.0">
						sca://GES_BP_MonitoringProcess_v3_6_0/LocationExposureNotificationService_SCAExp
					</version>
				</endpointRef>
				<endpointRef type="sca" env="dev">
					<version value="3.5.0">
						sca://GES_BP_MonitoringProcess_v3_6_0/LocationExposureNotificationService_SCAExp
					</version>
				</endpointRef>
				<endpointRef type="sca" env="qa">
					<version value="3.5.0">
						sca://GES_BP_MonitoringProcess_v3_6_0/LocationExposureNotificationService_SCAExp
					</version>
				</endpointRef>
				<endpointRef type="sca" env="model">
					<version value="3.5.0">
						sca://GES_BP_MonitoringProcess_v3_6_0/LocationExposureNotificationService_SCAExp
					</version>
				</endpointRef>
				<endpointRef type="sca" env="prod">
					<version value="3.5.0">
						sca://GES_BP_MonitoringProcess_v3_6_0/LocationExposureNotificationService_SCAExp
					</version>
				</endpointRef>
			</wsImport>
		</moduleName>
		<moduleName>
			<name>GES_BP_LocationExposureService
			</name>
			<wsImport>
				<partnerName>StartLayerOptionTypePartner
				</partnerName>
				<endpointRef type="ws" env="local">
					<version value="3.5.0">
						http://ftwdsdbg2g31.aig.com:41580/prweb/PRSOAPServlet/SOAP/CreateWork/StartLayerOption
					</version>
				</endpointRef>
				<endpointRef type="ws" env="dev">
					<version value="3.5.0">
						http://ftwdsdbg2g31.aig.com:41580/prweb/PRSOAPServlet/SOAP/CreateWork/StartLayerOption
					</version>
				</endpointRef>
				<endpointRef type="ws" env="qa">
					<version value="3.5.0">
						https://ftwldscimw124.r1-core.r1.aig.net:41560/prweb/PRSOAPServlet/SOAP/CreateWork/StartLayerOption
					</version>
				</endpointRef>
				<endpointRef type="ws" env="model">
					<version value="3.5.0">
						https://expomodl.aig.net:443/prweb/PRSOAPServlet/SOAP/CreateWork/StartLayerOption
					</version>
				</endpointRef>
				<endpointRef type="ws" env="prod">
					<version value="3.5.0">
						https://expo.aig.net/prweb/PRSOAPServlet/SOAP/CreateWork/StartLayerOption
					</version>
				</endpointRef>
			</wsImport>
			<wsImport>
				<partnerName>DataAccessPartner</partnerName>
				<endpointRef type="sca" env="local">
					<version value="3.5.0">
						sca://GES_BP_DataAccess_v3_6_0/DataAccess_JExp</version>
				</endpointRef>
				<endpointRef type="sca" env="dev">
					<version value="3.5.0">
						sca://GES_BP_DataAccess_v3_6_0/DataAccess_JExp</version>
				</endpointRef>
				<endpointRef type="sca" env="qa">
					<version value="3.5.0">
						sca://GES_BP_DataAccess_v3_6_0/DataAccess_JExp</version>
				</endpointRef>
				<endpointRef type="sca" env="model">
					<version value="3.5.0">
						sca://GES_BP_DataAccess_v3_6_0/DataAccess_JExp</version>
				</endpointRef>
				<endpointRef type="sca" env="prod">
					<version value="3.5.0">
						sca://GES_BP_DataAccess_v3_6_0/DataAccess_JExp</version>
				</endpointRef>
			</wsImport>

			<wsImport>
				<partnerName>CreatePolicyOptionDB_EISImpPartner
				</partnerName>
				<endpointRef type="sca" env="local">
					<version value="3.5.0">jca:jndi:eis/GESDBCFV1
					</version>
				</endpointRef>
				<endpointRef type="sca" env="dev">
					<version value="3.5.0">jca:jndi:eis/GESDBCFV1
					</version>
				</endpointRef>
				<endpointRef type="sca" env="qa">
					<version value="3.5.0">jca:jndi:eis/GESDBCFV1
					</version>
				</endpointRef>
				<endpointRef type="sca" env="model">
					<version value="3.5.0">jca:jndi:eis/GESDBCFV1
					</version>
				</endpointRef>
				<endpointRef type="sca" env="prod">
					<version value="3.5.0">jca:jndi:eis/GESDBCFV1
					</version>
				</endpointRef>
			</wsImport>

		</moduleName>
		<moduleName>
			<name>GES_BP_DataAccess</name>
			<wsImport>
				<partnerName>GESExposureDataPartner
				</partnerName>
				<endpointRef type="eis" env="local">
					<version value="3.6.0">jca:jndi:eis/GESDBCFV1
					</version>
				</endpointRef>
				<endpointRef type="eis" env="dev">
					<version value="3.6.0">jca:jndi:eis/GESDBCFV1
					</version>
				</endpointRef>
				<endpointRef type="eis" env="qa">
					<version value="3.6.0">jca:jndi:eis/GESDBCFV1
					</version>
				</endpointRef>
				<endpointRef type="eis" env="model">
					<version value="3.6.0">jca:jndi:eis/GESDBCFV1
					</version>
				</endpointRef>
				<endpointRef type="eis" env="prod">
					<version value="3.6.0">jca:jndi:eis/GESDBCFV1
					</version>
				</endpointRef>
			</wsImport>
			<wsImport>
				<partnerName>GESScrubbingDataPartner
				</partnerName>
				<endpointRef type="eis" env="local">
					<version value="3.6.0">jca:jndi:eis/GESDBCFV1
					</version>
				</endpointRef>
				<endpointRef type="eis" env="dev">
					<version value="3.6.0">jca:jndi:eis/GESDBCFV1
					</version>
				</endpointRef>
				<endpointRef type="eis" env="qa">
					<version value="3.6.0">jca:jndi:eis/GESDBCFV1
					</version>
				</endpointRef>
				<endpointRef type="eis" env="model">
					<version value="3.6.0">jca:jndi:eis/GESDBCFV1
					</version>
				</endpointRef>
				<endpointRef type="eis" env="prod">
					<version value="3.6.0">jca:jndi:eis/GESDBCFV1
					</version>
				</endpointRef>
			</wsImport>
			<wsImport>
				<partnerName>Custom_EISImpPartner</partnerName>
				<endpointRef type="eis" env="local">
					<version value="3.6.0">jca:jndi:eis/GESDBCFV1
					</version>
				</endpointRef>
				<endpointRef type="eis" env="dev">
					<version value="3.6.0">jca:jndi:eis/GESDBCFV1
					</version>
				</endpointRef>
				<endpointRef type="eis" env="qa">
					<version value="3.6.0">jca:jndi:eis/GESDBCFV1
					</version>
				</endpointRef>
				<endpointRef type="eis" env="model">
					<version value="3.6.0">jca:jndi:eis/GESDBCFV1
					</version>
				</endpointRef>
				<endpointRef type="eis" env="prod">
					<version value="3.6.0">jca:jndi:eis/GESDBCFV1
					</version>
				</endpointRef>
			</wsImport>
		</moduleName>
		<moduleName>
			<name>GES_BP_DataService</name>
			<wsImport>
				<partnerName>DataServices_EISImpPartner
				</partnerName>
				<endpointRef type="eis" env="local">
					<version value="3.6.0">jca:jndi:eis/GESDBCFV1
					</version>
				</endpointRef>
				<endpointRef type="eis" env="dev">
					<version value="3.6.0">jca:jndi:eis/GESDBCFV1
					</version>
				</endpointRef>
				<endpointRef type="eis" env="qa">
					<version value="3.6.0">jca:jndi:eis/GESDBCFV1
					</version>
				</endpointRef>
				<endpointRef type="eis" env="model">
					<version value="3.6.0">jca:jndi:eis/GESDBCFV1
					</version>
				</endpointRef>
				<endpointRef type="eis" env="prod">
					<version value="3.6.0">jca:jndi:eis/GESDBCFV1
					</version>
				</endpointRef>
			</wsImport>
			<wsImport>
				<partnerName>GRASP_UpdateLocationPartner
				</partnerName>
				<endpointRef type="eis" env="local">
					<version value="3.6.0">jca:jndi:eis/GESDBCFV1
					</version>
				</endpointRef>
				<endpointRef type="eis" env="dev">
					<version value="3.6.0">jca:jndi:eis/GESDBCFV1
					</version>
				</endpointRef>
				<endpointRef type="eis" env="qa">
					<version value="3.6.0">jca:jndi:eis/GESDBCFV1
					</version>
				</endpointRef>
				<endpointRef type="eis" env="model">
					<version value="3.6.0">jca:jndi:eis/GESDBCFV1
					</version>
				</endpointRef>
				<endpointRef type="eis" env="prod">
					<version value="3.6.0">jca:jndi:eis/GESDBCFV1
					</version>
				</endpointRef>
			</wsImport>
		</moduleName>
		<moduleName>
			<name>GES_BP_CleansingProcess</name>
			<wsImport>
				<partnerName>DBUpdateHandlerTB_ImplPartner
				</partnerName>
				<endpointRef type="eis" env="local">
					<version value="3.6.0">jca:jndi:eis/GESDBCFV1
					</version>
				</endpointRef>
				<endpointRef type="eis" env="dev">
					<version value="3.6.0">jca:jndi:eis/GESDBCFV1
					</version>
				</endpointRef>
				<endpointRef type="eis" env="qa">
					<version value="3.6.0">jca:jndi:eis/GESDBCFV1
					</version>
				</endpointRef>
				<endpointRef type="eis" env="model">
					<version value="3.6.0">jca:jndi:eis/GESDBCFV1
					</version>
				</endpointRef>
				<endpointRef type="eis" env="prod">
					<version value="3.6.0">jca:jndi:eis/GESDBCFV1
					</version>
				</endpointRef>
			</wsImport>
		</moduleName>
		<moduleName>
			<name>GES_BP_DataService</name>
			<wsImport>
				<partnerName>DataServices_EISImpPartner
				</partnerName>
				<endpointRef type="eis" env="local">
					<version value="3.6.0">jca:jndi:eis/GESDBCFV1
					</version>
				</endpointRef>
				<endpointRef type="eis" env="dev">
					<version value="3.6.0">jca:jndi:eis/GESDBCFV1
					</version>
				</endpointRef>
				<endpointRef type="eis" env="qa">
					<version value="3.6.0">jca:jndi:eis/GESDBCFV1
					</version>
				</endpointRef>
				<endpointRef type="eis" env="model">
					<version value="3.6.0">jca:jndi:eis/GESDBCFV1
					</version>
				</endpointRef>
				<endpointRef type="eis" env="prod">
					<version value="3.6.0">jca:jndi:eis/GESDBCFV1
					</version>
				</endpointRef>
			</wsImport>
			<wsImport>
				<partnerName>GRASP_UpdateLocationPartner
				</partnerName>
				<endpointRef type="eis" env="local">
					<version value="3.6.0">jca:jndi:eis/GESDBCFV1
					</version>
				</endpointRef>
				<endpointRef type="eis" env="dev">
					<version value="3.6.0">jca:jndi:eis/GESDBCFV1
					</version>
				</endpointRef>
				<endpointRef type="eis" env="qa">
					<version value="3.6.0">jca:jndi:eis/GESDBCFV1
					</version>
				</endpointRef>
				<endpointRef type="eis" env="model">
					<version value="3.6.0">jca:jndi:eis/GESDBCFV1
					</version>
				</endpointRef>
				<endpointRef type="eis" env="prod">
					<version value="3.6.0">jca:jndi:eis/GESDBCFV1
					</version>
				</endpointRef>
			</wsImport>
		</moduleName>
	</moduleNames>
</ModuleImportProperties>
