<?xml version="1.0" encoding="UTF-8"?><msl:datamap xmlns:msl="http://www.ibm.com/xmlmap" xmlns:xsd4xsd="http://www.w3.org/2001/XMLSchema" xmlns:io5="http://aig.us.com/ges/common/v3" xmlns:io3="http://aig.us.com/ges/schema" xmlns:io4="http://aig.us.com/ges" xmlns:xsi="http://www.w3.org/2001/XMLSchema-instance" xmlns:io="http://aig.com/CommonHeaderV12" xmlns:io2="http://aig.us.com/ges/ext/v1">
  <dataObject xsi:type="io3:Location">
    <io3:sovLocation>
      <io4:version>ges:version</io4:version>
      <io4:SovVersion>ges:SovVersion</io4:SovVersion>
      <io4:SovVersionSeq>ges:SovVersionSeq</io4:SovVersionSeq>
      <io4:SovId>ges:SovId</io4:SovId>
      <io4:SovCreatedDt>ges:SovCreatedDt</io4:SovCreatedDt>
      <io4:sovLocId>ges:sovLocId</io4:sovLocId>
      <io4:locationSource>GES</io4:locationSource>
      <io4:matchScore>ges:matchScore</io4:matchScore>
      <io4:distanceFrom>ges:distanceFrom</io4:distanceFrom>
      <io4:agreementRequestId name="Policy Number">ges:agreementRequestId</io4:agreementRequestId>
      <io4:structure>
        <io4:structureId>0</io4:structureId>
        <io4:typeId>0</io4:typeId>
        <io4:physObjectId>0</io4:physObjectId>
        <io4:constructionType>
          <io4:constrnTypCd>ges:constrnTypCd</io4:constrnTypCd>
          <io4:constrnTypDs>ges:constrnTypDs</io4:constrnTypDs>
          <io4:constrnTypId>0</io4:constrnTypId>
          <io4:clsfctnScheme>ges:clsfctnScheme</io4:clsfctnScheme>
        </io4:constructionType>
        <io4:SourceConstructionTypes TargetScheme="">
          <io4:SourceConstructionType>
            <io4:constrnTypCd>ges:constrnTypCd</io4:constrnTypCd>
            <io4:constrnTypDs>ges:constrnTypDs</io4:constrnTypDs>
            <io4:constrnTypId>0</io4:constrnTypId>
            <io4:clsfctnScheme>ges:clsfctnScheme</io4:clsfctnScheme>
          </io4:SourceConstructionType>
        </io4:SourceConstructionTypes>
        <io4:occupationType>
          <io4:ocptnTypCd>ges:ocptnTypCd</io4:ocptnTypCd>
          <io4:ocptnTypDs>ges:ocptnTypDs</io4:ocptnTypDs>
          <io4:ocptnTypId>0</io4:ocptnTypId>
          <io4:clsfctnScheme>ges:clsfctnScheme</io4:clsfctnScheme>
        </io4:occupationType>
        <io4:structureType>ges:structureType</io4:structureType>
        <io4:name>ges:name</io4:name>
        <io4:description>ges:description</io4:description>
        <io4:basicDataIncomplete>ges:basicDataIncomplete</io4:basicDataIncomplete>
        <io4:populationInfoId>0</io4:populationInfoId>
        <io4:effectiveFromDate>2001-01-01</io4:effectiveFromDate>
        <io4:effectiveToDate>2001-01-01</io4:effectiveToDate>
        <io4:xtrnlRefNo>ges:xtrnlRefNo</io4:xtrnlRefNo>
        <io4:noOfRsks>0</io4:noOfRsks>
        <io4:bldgValAm>0.0</io4:bldgValAm>
        <io4:cntntsValAm>0.0</io4:cntntsValAm>
        <io4:biValAm>0.0</io4:biValAm>
        <io4:totalPropertyDamageValueAm>0.0</io4:totalPropertyDamageValueAm>
        <io4:totalSumInsuredValueAm>0.0</io4:totalSumInsuredValueAm>
        <io4:flrAr>ges:flrAr</io4:flrAr>
        <io4:flrArUom>ges:flrArUom</io4:flrArUom>
        <io4:bltYr>0</io4:bltYr>
        <io4:noOfStories>0</io4:noOfStories>
        <io4:bldgHght>ges:bldgHght</io4:bldgHght>
        <io4:bldgHghtUom>ges:bldgHghtUom</io4:bldgHghtUom>
        <io4:lastUpgraddYr>0</io4:lastUpgraddYr>
        <io4:flrOfInt>ges:flrOfInt</io4:flrOfInt>
        <io4:constrnTypTx>ges:constrnTypTx</io4:constrnTypTx>
        <io4:ocptnTypTx>ges:ocptnTypTx</io4:ocptnTypTx>
        <io4:currntVersnFl>ges:currntVersnFl</io4:currntVersnFl>
        <io4:creatTs>2001-12-31T12:00:00</io4:creatTs>
        <io4:creatUsrId>ges:creatUsrId</io4:creatUsrId>
        <io4:updTs>2001-12-31T12:00:00</io4:updTs>
        <io4:updUsrId>ges:updUsrId</io4:updUsrId>
        <io4:srcFileNm>ges:srcFileNm</io4:srcFileNm>
        <io4:siteNm>ges:siteNm</io4:siteNm>
        <io4:coNmBusUnt>ges:coNmBusUnt</io4:coNmBusUnt>
        <io4:prmryBldgIn>ges:prmryBldgIn</io4:prmryBldgIn>
        <io4:currency>
          <io4:crncyCd>ges:crncyCd</io4:crncyCd>
          <io4:crncyDs>ges:crncyDs</io4:crncyDs>
          <io4:toCrncyCd>ges:toCrncyCd</io4:toCrncyCd>
          <io4:cnvrsnRt>0.0</io4:cnvrsnRt>
          <io4:efctvDt>2001-01-01</io4:efctvDt>
          <io4:isoAlphCrncyCd>ges:isoAlphCrncyCd</io4:isoAlphCrncyCd>
          <io4:crncyId>0</io4:crncyId>
          <io4:isoNmrcCrncyCd>0</io4:isoNmrcCrncyCd>
          <io4:currencyExchangeRate>
            <io4:fromCrncyId>0</io4:fromCrncyId>
            <io4:toCrncyId>0</io4:toCrncyId>
            <io4:cnvrsnRt>0.0</io4:cnvrsnRt>
            <io4:cnvrsnDt>2001-01-01</io4:cnvrsnDt>
            <io4:rtTypIn>ges:rtTypIn</io4:rtTypIn>
            <io4:xchngRtId>0</io4:xchngRtId>
          </io4:currencyExchangeRate>
        </io4:currency>
        <io4:structureSecModifier>
          <io4:StructureSecModifier>
            <io4:name name="">ges:name</io4:name>
            <io4:scheme>ges:scheme</io4:scheme>
            <io4:cdId>0</io4:cdId>
            <io4:cdVal>ges:cdVal</io4:cdVal>
            <io4:cdLabel>ges:cdLabel</io4:cdLabel>
            <io4:cdGrpVal>ges:cdGrpVal</io4:cdGrpVal>
            <io4:cdGrpLabel>ges:cdGrpLabel</io4:cdGrpLabel>
          </io4:StructureSecModifier>
        </io4:structureSecModifier>
        <io4:sic3DCd>0</io4:sic3DCd>
        <io4:sic4DCd>0</io4:sic4DCd>
        <io4:sicGroup>ges:sicGroup</io4:sicGroup>
        <io4:sicDesc>ges:sicDesc</io4:sicDesc>
        <io4:uwtngMngmtAdjsmt>ges:uwtngMngmtAdjsmt</io4:uwtngMngmtAdjsmt>
        <io4:graspLocId>ges:graspLocId</io4:graspLocId>
        <io4:aeNm>ges:aeNm</io4:aeNm>
        <io4:sentForITV>true</io4:sentForITV>
        <io4:ITVValtnDt>2001-01-01</io4:ITVValtnDt>
        <io4:chngPct>0.0</io4:chngPct>
        <io4:DQI>0.0</io4:DQI>
        <io4:strValtnId>0</io4:strValtnId>
        <io4:TEVal>0.0</io4:TEVal>
        <io4:ttl>0.0</io4:ttl>
        <io4:typId>0</io4:typId>
        <io4:LocationCoverages>
          <io4:LoationCoverage>
            <io4:Coverage>
              <io4:categoryId>0</io4:categoryId>
              <io4:typId>0</io4:typId>
              <io4:source>ges:source</io4:source>
            </io4:Coverage>
            <io4:CoverageValue>
              <io4:Unit>ges:Unit</io4:Unit>
            </io4:CoverageValue>
          </io4:LoationCoverage>
        </io4:LocationCoverages>
        <io4:LocationNonCoverages>
          <io4:LocationNonCoverage>
            <io4:Coverage>
              <io4:categoryId>0</io4:categoryId>
              <io4:typId>0</io4:typId>
              <io4:source>ges:source</io4:source>
            </io4:Coverage>
            <io4:CoverageValue>
              <io4:Unit>ges:Unit</io4:Unit>
            </io4:CoverageValue>
          </io4:LocationNonCoverage>
        </io4:LocationNonCoverages>
        <io4:SiteCampusId>ges:SiteCampusId</io4:SiteCampusId>
      </io4:structure>
      <io4:physicalObject>
        <io4:physObjectId>0</io4:physObjectId>
        <io4:typeId>0</io4:typeId>
        <io4:populationInfoId>0</io4:populationInfoId>
        <io4:creatTs>2001-12-31T12:00:00</io4:creatTs>
        <io4:creatUsrId>ges:creatUsrId</io4:creatUsrId>
        <io4:updTs>2001-12-31T12:00:00</io4:updTs>
        <io4:updUsrId>ges:updUsrId</io4:updUsrId>
        <io4:graspInfo>
          <io4:engnrgBldgVal>0.0</io4:engnrgBldgVal>
          <io4:engnrgMachryVal>0.0</io4:engnrgMachryVal>
          <io4:ibi>0.0</io4:ibi>
          <io4:floodZnWithinPropLn>ges:floodZnWithinPropLn</io4:floodZnWithinPropLn>
          <io4:floodZn1000ftFromPropLn>ges:floodZn1000ftFromPropLn</io4:floodZn1000ftFromPropLn>
          <io4:surgeXpsr>ges:surgeXpsr</io4:surgeXpsr>
          <io4:hailstormXpsr>ges:hailstormXpsr</io4:hailstormXpsr>
          <io4:snowLodXpsr>ges:snowLodXpsr</io4:snowLodXpsr>
          <io4:othCatXpsr>ges:othCatXpsr</io4:othCatXpsr>
          <io4:engnrgOvrrdHzrdGrd>ges:engnrgOvrrdHzrdGrd</io4:engnrgOvrrdHzrdGrd>
          <io4:ovrlHeRtg>0.0</io4:ovrlHeRtg>
          <io4:locRskRtgFire>0.0</io4:locRskRtgFire>
          <io4:locRskRtgCat>0.0</io4:locRskRtgCat>
          <io4:locRskRtgCompst>0.0</io4:locRskRtgCompst>
          <io4:ttlOcpdBldgAr>0.0</io4:ttlOcpdBldgAr>
          <io4:ttlOcpdStories>0</io4:ttlOcpdStories>
          <io4:adqtAutmtcSprnklrsPct>0.0</io4:adqtAutmtcSprnklrsPct>
          <io4:neededAutmtcSprnklrsPct>0.0</io4:neededAutmtcSprnklrsPct>
          <io4:autmtcSprnklrsPct>0.0</io4:autmtcSprnklrsPct>
          <io4:predominantConstrnCls>ges:predominantConstrnCls</io4:predominantConstrnCls>
          <io4:predominantPrtctnCls>ges:predominantPrtctnCls</io4:predominantPrtctnCls>
          <io4:surgeTtlLe>0.0</io4:surgeTtlLe>
          <io4:floodTtlLe100Yr>0.0</io4:floodTtlLe100Yr>
          <io4:floodTtlLe500Yr>0.0</io4:floodTtlLe500Yr>
          <io4:floodTtlLe>0.0</io4:floodTtlLe>
          <io4:floodTtlMfl>0.0</io4:floodTtlMfl>
          <io4:wndTtlLe100Yr>0.0</io4:wndTtlLe100Yr>
          <io4:wndTtlLe500Yr>ges:wndTtlLe500Yr</io4:wndTtlLe500Yr>
          <io4:wndTtlNle>0.0</io4:wndTtlNle>
          <io4:eqLe>0.0</io4:eqLe>
          <io4:ttlMfl>0.0</io4:ttlMfl>
          <io4:ttlEml>0.0</io4:ttlEml>
          <io4:ttlPml>0.0</io4:ttlPml>
          <io4:ttlMas>0.0</io4:ttlMas>
          <io4:ttlNle>0.0</io4:ttlNle>
          <io4:ttlLe>0.0</io4:ttlLe>
          <io4:ttlObjLos>0.0</io4:ttlObjLos>
          <io4:locCls>ges:locCls</io4:locCls>
          <io4:fireIndx>ges:fireIndx</io4:fireIndx>
          <io4:xplosnIndx>ges:xplosnIndx</io4:xplosnIndx>
          <io4:xplosnRskAdqtlyEngnred>ges:xplosnRskAdqtlyEngnred</io4:xplosnRskAdqtlyEngnred>
          <io4:fldDesktpAsesd>ges:fldDesktpAsesd</io4:fldDesktpAsesd>
          <io4:engnrgSrc>ges:engnrgSrc</io4:engnrgSrc>
          <io4:graspCntntVal>0.0</io4:graspCntntVal>
          <io4:graspTmElmntVal>0.0</io4:graspTmElmntVal>
          <io4:graspTpdVal>0.0</io4:graspTpdVal>
          <io4:graspLat>0.0</io4:graspLat>
          <io4:graspLng>0.0</io4:graspLng>
          <io4:graspPrecisionCd>0.0</io4:graspPrecisionCd>
        </io4:graspInfo>
      </io4:physicalObject>
      <io4:actvIn>ges:actvIn</io4:actvIn>
      <io4:effectiveFromDate>2001-01-01</io4:effectiveFromDate>
      <io4:effectiveToDate>2001-01-01</io4:effectiveToDate>
      <io4:geographicArea>
        <io4:ggrphcArId>0</io4:ggrphcArId>
        <io4:typNm>ges:typNm</io4:typNm>
        <io4:vlidFromTs>2001-12-31T12:00:00</io4:vlidFromTs>
        <io4:vlidToTs>2001-12-31T12:00:00</io4:vlidToTs>
        <io4:ctyNm>ges:ctyNm</io4:ctyNm>
        <io4:addr>ges:addr</io4:addr>
        <io4:postalCd>ges:postalCd</io4:postalCd>
        <io4:stNm>ges:stNm</io4:stNm>
        <io4:dstrctNm>ges:dstrctNm</io4:dstrctNm>
        <io4:cntyNm>ges:cntyNm</io4:cntyNm>
        <io4:lattdInDegrs Code="">
          <io4:Value>ges:Value</io4:Value>
        </io4:lattdInDegrs>
        <io4:lngtdInDegrs Code="">
          <io4:Value>ges:Value</io4:Value>
        </io4:lngtdInDegrs>
        <io4:cntryNm>ges:cntryNm</io4:cntryNm>
        <io4:cntryCd>ges:cntryCd</io4:cntryCd>
        <io4:langCd>ges:langCd</io4:langCd>
        <io4:geoRsltnLvlId>0</io4:geoRsltnLvlId>
        <io4:addrConfdncPc>0.0</io4:addrConfdncPc>
        <io4:addrXtensn>ges:addrXtensn</io4:addrXtensn>
        <io4:isAddrStndrdizedIn>ges:isAddrStndrdizedIn</io4:isAddrStndrdizedIn>
        <io4:locPrecision>ges:locPrecision</io4:locPrecision>
        <io4:TranslatedPrecision>Rooftop</io4:TranslatedPrecision>
        <io4:crestaZone>
          <io4:crestaZnId>0</io4:crestaZnId>
          <io4:crCntryFip>ges:crCntryFip</io4:crCntryFip>
          <io4:crCrestaId>ges:crCrestaId</io4:crCrestaId>
          <io4:crFips>ges:crFips</io4:crFips>
          <io4:crGeocd>ges:crGeocd</io4:crGeocd>
          <io4:crIso3Alph>ges:crIso3Alph</io4:crIso3Alph>
          <io4:crIso3No>ges:crIso3No</io4:crIso3No>
          <io4:crPerlTyp>ges:crPerlTyp</io4:crPerlTyp>
          <io4:crStFips>ges:crStFips</io4:crStFips>
          <io4:crSbIso>ges:crSbIso</io4:crSbIso>
          <io4:crZnNo>ges:crZnNo</io4:crZnNo>
          <io4:crDcmntat>ges:crDcmntat</io4:crDcmntat>
          <io4:crNm>ges:crNm</io4:crNm>
          <ges:geographicArea xmlns:ges="http://aig.us.com/ges" xmlns:bons0="http://aig.us.com/ges/common/v3" xmlns:ch="http://aig.com/CommonHeaderV12" xmlns:p="http://ws-i.org/profiles/basic/1.1/xsd" xmlns:tns="http://aig.us.com/ges/schema" xmlns:tns1="http://aig.us.com/ges/ext/v1" xmlns:xsd="http://www.w3.org/2001/XMLSchema"/>
        </io4:crestaZone>
        <io4:subcrestaZone>
          <io4:crszCntryFip>ges:crszCntryFip</io4:crszCntryFip>
          <io4:crszCrestaId>ges:crszCrestaId</io4:crszCrestaId>
          <io4:crszFips>ges:crszFips</io4:crszFips>
          <io4:crszGeocd>ges:crszGeocd</io4:crszGeocd>
          <io4:crszIso3Alph>ges:crszIso3Alph</io4:crszIso3Alph>
          <io4:crszIso3No>ges:crszIso3No</io4:crszIso3No>
          <io4:crszPerlTyp>ges:crszPerlTyp</io4:crszPerlTyp>
          <io4:crszStFips>ges:crszStFips</io4:crszStFips>
          <io4:crszSbIso>ges:crszSbIso</io4:crszSbIso>
          <io4:crszSznNo>ges:crszSznNo</io4:crszSznNo>
          <io4:crszDcmntat>ges:crszDcmntat</io4:crszDcmntat>
          <io4:crszNm>ges:crszNm</io4:crszNm>
          <io4:crszParZoNum>ges:crszParZoNum</io4:crszParZoNum>
          <io4:crszTyp>ges:crszTyp</io4:crszTyp>
          <io4:sbcrestaZnId>0</io4:sbcrestaZnId>
          <ges:geographicArea xmlns:ges="http://aig.us.com/ges" xmlns:bons0="http://aig.us.com/ges/common/v3" xmlns:ch="http://aig.com/CommonHeaderV12" xmlns:p="http://ws-i.org/profiles/basic/1.1/xsd" xmlns:tns="http://aig.us.com/ges/schema" xmlns:tns1="http://aig.us.com/ges/ext/v1" xmlns:xsd="http://www.w3.org/2001/XMLSchema"/>
        </io4:subcrestaZone>
        <io4:cntryId>0</io4:cntryId>
        <io4:placeId>0</io4:placeId>
        <io4:basicdataIncomplete>ges:basicdataIncomplete</io4:basicdataIncomplete>
        <io4:addr2>ges:addr2</io4:addr2>
        <io4:blok>ges:blok</io4:blok>
        <io4:blokGrp>ges:blokGrp</io4:blokGrp>
        <io4:geoCdId>0</io4:geoCdId>
        <io4:geoCdTyId>0</io4:geoCdTyId>
        <io4:geoCdTyNm>ges:geoCdTyNm</io4:geoCdTyNm>
        <io4:LocationHazards>
          <io4:LocationHazard>
            <io4:HazardNm>ges:HazardNm</io4:HazardNm>
            <io4:HazardTyp>ges:HazardTyp</io4:HazardTyp>
            <io4:HazardValue>ges:HazardValue</io4:HazardValue>
            <io4:HazardDesc>ges:HazardDesc</io4:HazardDesc>
          </io4:LocationHazard>
        </io4:LocationHazards>
      </io4:geographicArea>
      <io4:autoAugmentIn>ges:autoAugmentIn</io4:autoAugmentIn>
      <io4:esbCrossReferenceInfo>
        <io4:prcsngStatCd>ges:prcsngStatCd</io4:prcsngStatCd>
        <io4:prcsngStatTs>2001-12-31T12:00:00</io4:prcsngStatTs>
        <io4:retryCnt>0</io4:retryCnt>
        <io4:sovLocId>0</io4:sovLocId>
        <io4:errMsg>ges:errMsg</io4:errMsg>
        <io4:augmentStatIn>ges:augmentStatIn</io4:augmentStatIn>
      </io4:esbCrossReferenceInfo>
      <io4:mdmCrossReferenceInfo>
        <io4:mdmContId>ges:mdmContId</io4:mdmContId>
        <io4:mdmContCmpntId>ges:mdmContCmpntId</io4:mdmContCmpntId>
        <io4:mdmHoldgId>ges:mdmHoldgId</io4:mdmHoldgId>
        <io4:mdmAddrId>ges:mdmAddrId</io4:mdmAddrId>
        <io4:sovLocId>ges:sovLocId</io4:sovLocId>
        <io4:graspReviewed>N</io4:graspReviewed>
      </io4:mdmCrossReferenceInfo>
      <io4:mdmException>
        <io4:langCd>ges:langCd</io4:langCd>
        <io4:ctyNm>ges:ctyNm</io4:ctyNm>
        <io4:postalCd>ges:postalCd</io4:postalCd>
        <io4:stNm>ges:stNm</io4:stNm>
        <io4:addrStatCd>ges:addrStatCd</io4:addrStatCd>
        <io4:dstrctNm>ges:dstrctNm</io4:dstrctNm>
        <io4:cntyNm>ges:cntyNm</io4:cntyNm>
        <io4:lattdInDegrs>ges:lattdInDegrs</io4:lattdInDegrs>
        <io4:lngtdInDegrs>ges:lngtdInDegrs</io4:lngtdInDegrs>
        <io4:coBusUnt>ges:coBusUnt</io4:coBusUnt>
        <io4:cntryNm>ges:cntryNm</io4:cntryNm>
        <io4:geoRsltnLvlId>0</io4:geoRsltnLvlId>
        <io4:mtchky>ges:mtchky</io4:mtchky>
        <io4:addrConfdncPc>0.0</io4:addrConfdncPc>
        <io4:addrLn1>ges:addrLn1</io4:addrLn1>
        <io4:addrLn2>ges:addrLn2</io4:addrLn2>
        <io4:addrLn3>ges:addrLn3</io4:addrLn3>
        <io4:addrXtensn>ges:addrXtensn</io4:addrXtensn>
        <io4:pbLocId>ges:pbLocId</io4:pbLocId>
        <io4:geoStat>ges:geoStat</io4:geoStat>
        <io4:geoStatCd>ges:geoStatCd</io4:geoStatCd>
        <io4:geoStatDesc>ges:geoStatDesc</io4:geoStatDesc>
        <io4:dplctSqn>0</io4:dplctSqn>
        <io4:flrAr>ges:flrAr</io4:flrAr>
        <io4:flrArUom>ges:flrArUom</io4:flrArUom>
        <io4:occupancyScheme>ges:occupancyScheme</io4:occupancyScheme>
        <io4:occupancyTypCd>ges:occupancyTypCd</io4:occupancyTypCd>
        <io4:bltYr>0</io4:bltYr>
        <io4:noOfRsks>0</io4:noOfRsks>
        <io4:noOfStories>0</io4:noOfStories>
        <io4:bldgHght>0</io4:bldgHght>
        <io4:bldgHghtUom>ges:bldgHghtUom</io4:bldgHghtUom>
        <io4:constrnSchemeCd>ges:constrnSchemeCd</io4:constrnSchemeCd>
        <io4:constrnTypCd>ges:constrnTypCd</io4:constrnTypCd>
        <io4:lastUpgraddYr>0</io4:lastUpgraddYr>
        <io4:flrOfInt>ges:flrOfInt</io4:flrOfInt>
        <io4:mdmContId>ges:mdmContId</io4:mdmContId>
        <io4:mdmContCmpntId>ges:mdmContCmpntId</io4:mdmContCmpntId>
        <io4:mdmHoldgId>ges:mdmHoldgId</io4:mdmHoldgId>
        <io4:mdmAddrId>ges:mdmAddrId</io4:mdmAddrId>
        <io4:isAddrStndrdizedIn>ges:isAddrStndrdizedIn</io4:isAddrStndrdizedIn>
        <io4:mdmHoldgStartDt>2001-12-31T12:00:00</io4:mdmHoldgStartDt>
        <io4:propTypCd>0</io4:propTypCd>
        <io4:addr>ges:addr</io4:addr>
        <io4:locNm>ges:locNm</io4:locNm>
        <io4:siteNm>ges:siteNm</io4:siteNm>
        <io4:cntryCd>ges:cntryCd</io4:cntryCd>
        <io4:stCd>ges:stCd</io4:stCd>
        <io4:addrStatDesc>ges:addrStatDesc</io4:addrStatDesc>
        <io4:mtchScore>ges:mtchScore</io4:mtchScore>
        <io4:locPrecision>ges:locPrecision</io4:locPrecision>
        <io4:sovLocId>0</io4:sovLocId>
        <io4:prmryBldgIn>ges:prmryBldgIn</io4:prmryBldgIn>
        <io4:graspReviewed>N</io4:graspReviewed>
      </io4:mdmException>
      <io4:pbCrossReferenceInfo>
        <io4:sovLocId>0</io4:sovLocId>
        <io4:geoRsltnLvlId>1</io4:geoRsltnLvlId>
        <io4:mtchky>ges:mtchky</io4:mtchky>
        <io4:addrConfdncPc>0.0</io4:addrConfdncPc>
        <io4:addrXtensn>ges:addrXtensn</io4:addrXtensn>
        <io4:addrStatCd>ges:addrStatCd</io4:addrStatCd>
        <io4:isAddrStndrdizedIn>ges:isAddrStndrdizedIn</io4:isAddrStndrdizedIn>
        <io4:addrStatDesc>ges:addrStatDesc</io4:addrStatDesc>
        <io4:canAr>ges:canAr</io4:canAr>
        <io4:canFloodZn>ges:canFloodZn</io4:canFloodZn>
        <io4:canPrvnc>ges:canPrvnc</io4:canPrvnc>
        <io4:canRiver>ges:canRiver</io4:canRiver>
        <io4:dstnc>ges:dstnc</io4:dstnc>
        <io4:dstncUnit>ges:dstncUnit</io4:dstncUnit>
        <io4:UserProvidedInfo>
          <io4:lattdInDegrs Code="PBBI">
            <io4:Value>ges:Value</io4:Value>
          </io4:lattdInDegrs>
          <io4:lngtdInDegrs Code="PBBI">
            <io4:Value>ges:Value</io4:Value>
          </io4:lngtdInDegrs>
          <io4:locationPrecision>ges:locationPrecision</io4:locationPrecision>
        </io4:UserProvidedInfo>
      </io4:pbCrossReferenceInfo>
      <io4:pbException>
        <io4:langCd>ges:langCd</io4:langCd>
        <io4:ctyNm>ges:ctyNm</io4:ctyNm>
        <io4:postalCd>ges:postalCd</io4:postalCd>
        <io4:stNm>ges:stNm</io4:stNm>
        <io4:addrStatCd>ges:addrStatCd</io4:addrStatCd>
        <io4:dstrctNm>ges:dstrctNm</io4:dstrctNm>
        <io4:cntyNm>ges:cntyNm</io4:cntyNm>
        <io4:lattdInDegrs>ges:lattdInDegrs</io4:lattdInDegrs>
        <io4:lngtdInDegrs>ges:lngtdInDegrs</io4:lngtdInDegrs>
        <io4:coBusUnt>ges:coBusUnt</io4:coBusUnt>
        <io4:cntryNm>ges:cntryNm</io4:cntryNm>
        <io4:geoRsltnLvlId>0</io4:geoRsltnLvlId>
        <io4:mtchky>ges:mtchky</io4:mtchky>
        <io4:addrConfdncPc>0.0</io4:addrConfdncPc>
        <io4:addrLn1>ges:addrLn1</io4:addrLn1>
        <io4:addrLn2>ges:addrLn2</io4:addrLn2>
        <io4:addrLn3>ges:addrLn3</io4:addrLn3>
        <io4:addrLn4>ges:addrLn4</io4:addrLn4>
        <io4:multiMtchCnt>0</io4:multiMtchCnt>
        <io4:geoStat>ges:geoStat</io4:geoStat>
        <io4:geoStatCd>ges:geoStatCd</io4:geoStatCd>
        <io4:geoStatDesc>ges:geoStatDesc</io4:geoStatDesc>
        <io4:mtchSqn>0</io4:mtchSqn>
        <io4:addrStatDesc>ges:addrStatDesc</io4:addrStatDesc>
        <io4:locPrecision>ges:locPrecision</io4:locPrecision>
        <io4:addrStat>ges:addrStat</io4:addrStat>
        <io4:sovLocId>0</io4:sovLocId>
        <io4:canAr>ges:canAr</io4:canAr>
        <io4:canFloodZn>ges:canFloodZn</io4:canFloodZn>
        <io4:canPrvnc>ges:canPrvnc</io4:canPrvnc>
        <io4:canRiver>ges:canRiver</io4:canRiver>
        <io4:canStat>ges:canStat</io4:canStat>
        <io4:canStatCd>ges:canStatCd</io4:canStatCd>
        <io4:canStatDesc>ges:canStatDesc</io4:canStatDesc>
        <io4:crCntryFip>ges:crCntryFip</io4:crCntryFip>
        <io4:crCrestaId>ges:crCrestaId</io4:crCrestaId>
        <io4:crFips>ges:crFips</io4:crFips>
        <io4:crGeocd>ges:crGeocd</io4:crGeocd>
        <io4:crIso3Alph>ges:crIso3Alph</io4:crIso3Alph>
        <io4:crIso3No>ges:crIso3No</io4:crIso3No>
        <io4:crPerlTyp>ges:crPerlTyp</io4:crPerlTyp>
        <io4:crStFips>ges:crStFips</io4:crStFips>
        <io4:crSbIso>ges:crSbIso</io4:crSbIso>
        <io4:crZnNo>ges:crZnNo</io4:crZnNo>
        <io4:crDcmntat>ges:crDcmntat</io4:crDcmntat>
        <io4:crNm>ges:crNm</io4:crNm>
        <io4:crStat>ges:crStat</io4:crStat>
        <io4:crStatCd>ges:crStatCd</io4:crStatCd>
        <io4:crStatDesc>ges:crStatDesc</io4:crStatDesc>
        <io4:crszCntryFip>ges:crszCntryFip</io4:crszCntryFip>
        <io4:crszCrestaId>ges:crszCrestaId</io4:crszCrestaId>
        <io4:crszFips>ges:crszFips</io4:crszFips>
        <io4:crszGeocd>ges:crszGeocd</io4:crszGeocd>
        <io4:crszIso3Alph>ges:crszIso3Alph</io4:crszIso3Alph>
        <io4:crszIso3No>ges:crszIso3No</io4:crszIso3No>
        <io4:crszPerlTyp>ges:crszPerlTyp</io4:crszPerlTyp>
        <io4:crszStFips>ges:crszStFips</io4:crszStFips>
        <io4:crszSbIso>ges:crszSbIso</io4:crszSbIso>
        <io4:crszSznNo>ges:crszSznNo</io4:crszSznNo>
        <io4:crszDcmntat>ges:crszDcmntat</io4:crszDcmntat>
        <io4:crszNm>ges:crszNm</io4:crszNm>
        <io4:crszParZoNum>ges:crszParZoNum</io4:crszParZoNum>
        <io4:crszTyp>ges:crszTyp</io4:crszTyp>
        <io4:crszStat>ges:crszStat</io4:crszStat>
        <io4:crszStatCd>ges:crszStatCd</io4:crszStatCd>
        <io4:crszStatDesc>ges:crszStatDesc</io4:crszStatDesc>
        <io4:addrXtensn>ges:addrXtensn</io4:addrXtensn>
        <io4:nonvlidateColList>ges:nonvlidateColList</io4:nonvlidateColList>
        <io4:dstnc>ges:dstnc</io4:dstnc>
        <io4:dstncUnt>ges:dstncUnt</io4:dstncUnt>
      </io4:pbException>
      <io4:isRequestForUpdate>true</io4:isRequestForUpdate>
      <io4:UserProvidedInfo>
        <ges:lattdInDegrs xmlns:ges="http://aig.us.com/ges" xmlns:bons0="http://aig.us.com/ges/common/v3" xmlns:ch="http://aig.com/CommonHeaderV12" xmlns:p="http://ws-i.org/profiles/basic/1.1/xsd" xmlns:tns="http://aig.us.com/ges/schema" xmlns:tns1="http://aig.us.com/ges/ext/v1" xmlns:xsd="http://www.w3.org/2001/XMLSchema" Code="PBBI">
          <ges:Value>ges:Value</ges:Value>
        </ges:lattdInDegrs>
        <ges:lngtdInDegrs xmlns:ges="http://aig.us.com/ges" xmlns:bons0="http://aig.us.com/ges/common/v3" xmlns:ch="http://aig.com/CommonHeaderV12" xmlns:p="http://ws-i.org/profiles/basic/1.1/xsd" xmlns:tns="http://aig.us.com/ges/schema" xmlns:tns1="http://aig.us.com/ges/ext/v1" xmlns:xsd="http://www.w3.org/2001/XMLSchema" Code="PBBI">
          <ges:Value>ges:Value</ges:Value>
        </ges:lngtdInDegrs>
        <ges:locationPrecision xmlns:ges="http://aig.us.com/ges" xmlns:bons0="http://aig.us.com/ges/common/v3" xmlns:ch="http://aig.com/CommonHeaderV12" xmlns:p="http://ws-i.org/profiles/basic/1.1/xsd" xmlns:tns="http://aig.us.com/ges/schema" xmlns:tns1="http://aig.us.com/ges/ext/v1" xmlns:xsd="http://www.w3.org/2001/XMLSchema">ges:locationPrecision</ges:locationPrecision>
      </io4:UserProvidedInfo>
    </io3:sovLocation>
    <io3:Version>tns:Version</io3:Version>
  </dataObject>
</msl:datamap>