<?xml version="1.0" encoding="UTF-8"?>
<tns:smo xmlns:bons0="http://aig.us.com/ges/common/v3" xmlns:ch="http://aig.com/CommonHeaderV12" xmlns:ges="http://aig.us.com/ges" xmlns:httpsca="http://www.ibm.com/xmlns/prod/websphere/http/sca/6.1.0" xmlns:mq="http://www.ibm.com/xmlns/prod/websphere/mq/sca/6.0.0" xmlns:p="http://GES_Lib_Common/bo" xmlns:p1="http://GES_MF_CommonService/bo" xmlns:p2="http://ws-i.org/profiles/basic/1.1/xsd" xmlns:tns="http://www.ibm.com/websphere/sibx/smo/v6.0.1" xmlns:tns1="http://aig.us.com/ges/services/GESCommonServiceV2" xmlns:tns2="http://aig.us.com/ges/schema" xmlns:tns3="http://aig.us.com/ges/ext/v1" xmlns:tns4="http://www.w3.org/2005/08/addressing" xmlns:tns5="http://www.w3.org/2003/05/soap-envelope" xmlns:tns_1="wsdl.http://aig.us.com/ges/services/GESCommonServiceV2" xmlns:wsa="http://schemas.xmlsoap.org/ws/2004/08/addressing" xmlns:xsi="http://www.w3.org/2001/XMLSchema-instance" xsi:schemaLocation="http://www.ibm.com/websphere/sibx/smo/v6.0.1 foo.xsd " xmlns:sc="http://aig.us.com/ges/schema" xmlns:v12="http://aig.com/CommonHeaderV12" xmlns:v2_1="http://aig.us.com/ges/services/GESCommonServiceV2">
  <context>
    <correlation>
      <errorCode>errorCode</errorCode>
      <MinField>0</MinField>
      <MaxField>0</MaxField>
      <DummyString>DummyString</DummyString>
      <CountDummy>0</CountDummy>
    </correlation>
    <transient>
      <score_0>0</score_0>
      <score_90>0</score_90>
      <score_100>0</score_100>
    </transient>
    <failInfo tns:lang="">
      <failureString>failureString</failureString>
      <origin>origin</origin>
      <invocationPath>
        <primitive inTerminal="" name="" outTerminal=""/>
      </invocationPath>
      <predecessor tns:lang=""/>
    </failInfo>
    <primitiveContext>
      <EndpointLookupContext>
        <endpointReference>
          <wsa:Address>http://tempuri.org</wsa:Address>
          <wsa:ReferenceProperties/>
          <wsa:ReferenceParameters/>
          <wsa:PortType>QName</wsa:PortType>
          <wsa:ServiceName PortName="NCName">QName</wsa:ServiceName>
        </endpointReference>
        <registryAnnotations>
          <property>
            <name>name</name>
            <value>value</value>
          </property>
          <classification>http://tempuri.org</classification>
          <relationship>
            <relationshipName>relationshipName</relationshipName>
            <targetName>targetName</targetName>
            <targetNamespace>http://tempuri.org</targetNamespace>
            <targetVersion>targetVersion</targetVersion>
          </relationship>
        </registryAnnotations>
      </EndpointLookupContext>
      <FanOutContext>
        <iteration>0</iteration>
        <occurrence xsi:type="anyType"/>
      </FanOutContext>
      <WTXContext>
        <mapServerLocation>http://tempuri.org</mapServerLocation>
        <dynamicMap>0F00</dynamicMap>
        <mapInstances>
          <mapInstance>0</mapInstance>
          <auditInfo>auditInfo</auditInfo>
        </mapInstances>
      </WTXContext>
    </primitiveContext>
    <shared xsi:type="anyType"/>
    <dynamicProperty isPropagated="true">
      <propertySets>
        <group>group</group>
        <properties>
          <name>name</name>
          <value>value</value>
          <type>type</type>
        </properties>
      </propertySets>
    </dynamicProperty>
    <userContext>
      <entries>
        <name>name</name>
        <value xsi:type="anyType"/>
        <type>type</type>
      </entries>
    </userContext>
  </context>
  <headers>
    <SMOHeader>
      <MessageUUID>MessageUUID</MessageUUID>
      <Version>
        <Version>0</Version>
        <Release>0</Release>
        <Modification>0</Modification>
      </Version>
      <MessageType>MessageType</MessageType>
      <Operation>Operation</Operation>
      <Action>Action</Action>
      <Target bindingType="NotSet" import="" repositoryMetadata="">
        <address>http://tempuri.org</address>
      </Target>
      <AlternateTarget bindingType="NotSet" import="" repositoryMetadata="">
        <address>http://tempuri.org</address>
      </AlternateTarget>
      <SourceNode>SourceNode</SourceNode>
      <SourceBindingType>NotSet</SourceBindingType>
      <Interface>Interface</Interface>
    </SMOHeader>
    <JMSHeader>
      <JMSDestination>http://tempuri.org</JMSDestination>
      <JMSDeliveryMode>NonPersistent</JMSDeliveryMode>
      <JMSMessageID>JMSMessageID</JMSMessageID>
      <JMSTimestamp>0</JMSTimestamp>
      <JMSCorrelationID>JMSCorrelationID</JMSCorrelationID>
      <JMSReplyTo>http://tempuri.org</JMSReplyTo>
      <JMSRedelivered>true</JMSRedelivered>
      <JMSType>JMSType</JMSType>
      <JMSExpiration>0</JMSExpiration>
      <JMSPriority>0</JMSPriority>
    </JMSHeader>
    <SOAPHeader>
      <nameSpace>http://tempuri.org</nameSpace>
      <name>NCName</name>
      <prefix>NCName</prefix>
      <value xsi:type="anyType"/>
    </SOAPHeader>
    <SOAPFaultInfo>
      <faultcode>QName</faultcode>
      <faultstring>faultstring</faultstring>
      <faultactor>http://tempuri.org</faultactor>
      <extendedFaultInfo>
        <Code>
          <tns5:Value>{http://www.w3.org/2003/05/soap-envelope}DataEncodingUnknown</tns5:Value>
          <tns5:Subcode>
            <tns5:Value>QName</tns5:Value>
            <tns5:Subcode/>
          </tns5:Subcode>
        </Code>
        <Reason>
          <tns5:Text tns5:lang="">tns5:Text</tns5:Text>
        </Reason>
        <Node>http://tempuri.org</Node>
        <Role>http://tempuri.org</Role>
      </extendedFaultInfo>
    </SOAPFaultInfo>
    <properties>
      <name>name</name>
      <value>value</value>
      <type>type</type>
    </properties>
    <MQHeader>
      <md>
        <Report>0</Report>
        <MsgType>0</MsgType>
        <Expiry>0</Expiry>
        <Feedback>0</Feedback>
        <Priority>0</Priority>
        <Persistence>0</Persistence>
        <MsgId>0F00</MsgId>
        <CorrelId>0F00</CorrelId>
        <BackoutCount>0</BackoutCount>
        <ReplyToQ>ReplyToQ</ReplyToQ>
        <ReplyToQMgr>ReplyToQMgr</ReplyToQMgr>
        <UserIdentifier>UserIdentifier</UserIdentifier>
        <AccountingToken>0F00</AccountingToken>
        <ApplIdentityData>ApplIdentityData</ApplIdentityData>
        <PutApplType>0</PutApplType>
        <PutApplName>PutApplName</PutApplName>
        <PutDate>PutDate</PutDate>
        <PutTime>PutTime</PutTime>
        <ApplOriginData>ApplOriginData</ApplOriginData>
        <GroupId>0F00</GroupId>
        <MsgSeqNumber>0</MsgSeqNumber>
        <Offset>0</Offset>
        <MsgFlags>0</MsgFlags>
        <OriginalLength>0</OriginalLength>
      </md>
      <control xsi:type="mq:MQControl">
        <Encoding>0</Encoding>
        <CodedCharSetId>0</CodedCharSetId>
        <Format>Format</Format>
      </control>
      <header>
        <Encoding>0</Encoding>
        <CodedCharSetId>0</CodedCharSetId>
        <Format>Format</Format>
        <value xsi:type="anyType"/>
      </header>
    </MQHeader>
    <HTTPHeader>
      <control>
        <httpsca:URL>http://tempuri.org</httpsca:URL>
        <httpsca:Version>1.0</httpsca:Version>
        <httpsca:Method>httpsca:Method</httpsca:Method>
        <httpsca:DynamicOverrideURL>http://tempuri.org</httpsca:DynamicOverrideURL>
        <httpsca:DynamicOverrideVersion>1.0</httpsca:DynamicOverrideVersion>
        <httpsca:DynamicOverrideMethod>httpsca:DynamicOverrideMethod</httpsca:DynamicOverrideMethod>
        <httpsca:MediaType>httpsca:MediaType</httpsca:MediaType>
        <httpsca:Charset>httpsca:Charset</httpsca:Charset>
        <httpsca:TransferEncoding>httpsca:TransferEncoding</httpsca:TransferEncoding>
        <httpsca:ContentEncoding>httpsca:ContentEncoding</httpsca:ContentEncoding>
        <httpsca:StatusCode>0</httpsca:StatusCode>
        <httpsca:ReasonPhrase>httpsca:ReasonPhrase</httpsca:ReasonPhrase>
        <httpsca:ContentLength>0</httpsca:ContentLength>
        <httpsca:ExportContextPath>httpsca:ExportContextPath</httpsca:ExportContextPath>
        <httpsca:Authentication>
          <httpsca:credentials>
            <httpsca:userId>httpsca:userId</httpsca:userId>
            <httpsca:password>httpsca:password</httpsca:password>
          </httpsca:credentials>
          <httpsca:authenticationType>Basic</httpsca:authenticationType>
        </httpsca:Authentication>
        <httpsca:SSLSettings>
          <httpsca:SSLVersion>SSL</httpsca:SSLVersion>
          <httpsca:SSLDebug>false</httpsca:SSLDebug>
          <httpsca:KeyStoreType>JKS</httpsca:KeyStoreType>
          <httpsca:TrustStoreType>JKS</httpsca:TrustStoreType>
          <httpsca:KeyStore>httpsca:KeyStore</httpsca:KeyStore>
          <httpsca:KeyStoreAlias>httpsca:KeyStoreAlias</httpsca:KeyStoreAlias>
          <httpsca:KeyStorePassword>httpsca:KeyStorePassword</httpsca:KeyStorePassword>
          <httpsca:TrustStore>httpsca:TrustStore</httpsca:TrustStore>
          <httpsca:TrustStorePassword>httpsca:TrustStorePassword</httpsca:TrustStorePassword>
          <httpsca:UseClientAuth>false</httpsca:UseClientAuth>
        </httpsca:SSLSettings>
        <httpsca:ProxySettings>
          <httpsca:proxyHost>httpsca:proxyHost</httpsca:proxyHost>
          <httpsca:proxyPort>0</httpsca:proxyPort>
          <httpsca:proxyType>http</httpsca:proxyType>
          <httpsca:proxyCredentials>
            <httpsca:userId>httpsca:userId</httpsca:userId>
            <httpsca:password>httpsca:password</httpsca:password>
          </httpsca:proxyCredentials>
          <httpsca:nonProxyHost>httpsca:nonProxyHost</httpsca:nonProxyHost>
        </httpsca:ProxySettings>
      </control>
      <header>
        <httpsca:name>httpsca:name</httpsca:name>
        <httpsca:value>httpsca:value</httpsca:value>
      </header>
    </HTTPHeader>
    <EISHeader>
      <EISInteractionSpec xsi:type="anyType"/>
      <EISConnectionSpec xsi:type="anyType"/>
    </EISHeader>
    <WSAHeader version="http://www.w3.org/2005/08/addressing">
      <tns4:To>http://tempuri.org</tns4:To>
      <ReferenceParameters/>
      <tns4:From>
        <tns4:Address>http://tempuri.org</tns4:Address>
        <tns4:ReferenceParameters/>
        <tns4:Metadata/>
      </tns4:From>
      <tns4:ReplyTo>
        <tns4:Address>http://tempuri.org</tns4:Address>
        <tns4:ReferenceParameters/>
        <tns4:Metadata/>
      </tns4:ReplyTo>
      <tns4:FaultTo>
        <tns4:Address>http://tempuri.org</tns4:Address>
        <tns4:ReferenceParameters/>
        <tns4:Metadata/>
      </tns4:FaultTo>
      <tns4:Action>http://tempuri.org</tns4:Action>
      <tns4:MessageID>http://tempuri.org</tns4:MessageID>
      <tns4:RelatesTo RelationshipType="http://www.w3.org/2005/08/addressing/reply">http://tempuri.org</tns4:RelatesTo>
    </WSAHeader>
  </headers>
  <body>
      <v2_1:filterRecordsByMatchKeyRequestParameter>
      <sc:version>Monitor Could Not be Activated</sc:version>
      <sc:filerRecordsByMatchKeyInput>
        <sc:matchLocationsResponse>
          <sc:matchLocations>
            <sc:matchScore>PERFECT MATCH</sc:matchScore>
            <sc:distanceFromSuspect>100</sc:distanceFromSuspect>
            <sc:matchLocations>
              <ges:sovLocId>8489489</ges:sovLocId>
              <ges:locationSource>GES</ges:locationSource>
              <ges:agreementRequestId name="Opportunity Number">10160</ges:agreementRequestId>
              <ges:structure>
                <ges:structureId>2478266</ges:structureId>
                <ges:physObjectId>1318566</ges:physObjectId>
                <ges:constructionType>
                  <ges:constrnTypCd>9</ges:constrnTypCd>
                  <ges:constrnTypDs>Braced Steel Frame</ges:constrnTypDs>
                  <ges:constrnTypId>717</ges:constrnTypId>
                  <ges:clsfctnScheme>ATC</ges:clsfctnScheme>
                </ges:constructionType>
                <ges:occupationType>
                  <ges:ocptnTypCd>3</ges:ocptnTypCd>
                  <ges:ocptnTypDs>Temporary Lodging</ges:ocptnTypDs>
                  <ges:ocptnTypId>7004</ges:ocptnTypId>
                  <ges:clsfctnScheme>ATC</ges:clsfctnScheme>
                </ges:occupationType>
                <ges:structureType>STRUCTURE</ges:structureType>
                <ges:effectiveFromDate>2015-12-08</ges:effectiveFromDate>
                <ges:xtrnlRefNo>11</ges:xtrnlRefNo>
                <ges:bltYr>1984</ges:bltYr>
                <ges:noOfStories>2</ges:noOfStories>
                <ges:creatUsrId>Karthik3.5</ges:creatUsrId>
                <ges:updUsrId>ESB-PBBI</ges:updUsrId>
                <ges:currency>
                  <ges:crncyCd>USD</ges:crncyCd>
                  <ges:crncyDs>UNITED STATES DOLLAR</ges:crncyDs>
                </ges:currency>
                <ges:structureSecModifier>
                  <ges:StructureSecModifier>
                    <ges:name name="Terrorism Occupancy">Commercial</ges:name>
                    <ges:cdGrpLabel>FREETEXT</ges:cdGrpLabel>
                  </ges:StructureSecModifier>
                </ges:structureSecModifier>
              </ges:structure>
              <ges:actvIn>Y</ges:actvIn>
              <ges:geographicArea>
                <ges:ggrphcArId>2391884</ges:ggrphcArId>
                <ges:ctyNm>Sioux Falls</ges:ctyNm>
                <ges:addr>701 E 60th St N</ges:addr>
                <ges:postalCd>57104-0432</ges:postalCd>
                <ges:stNm>SD</ges:stNm>
                <ges:cntyNm>Minnehaha</ges:cntyNm>
                <ges:lattdInDegrs>
                  <ges:Value>43.601072</ges:Value>
                </ges:lattdInDegrs>
                <ges:lngtdInDegrs>
                  <ges:Value>-96.718947</ges:Value>
                </ges:lngtdInDegrs>
                <ges:cntryNm>United States</ges:cntryNm>
                <ges:geoRsltnLvlId>16</ges:geoRsltnLvlId>
                <ges:addrConfdncPc>100</ges:addrConfdncPc>
                <ges:addrXtensn></ges:addrXtensn>
                <ges:isAddrStndrdizedIn>Y</ges:isAddrStndrdizedIn>
                <ges:locPrecision>The result is an Address Point</ges:locPrecision>
                <ges:crestaZone/>
                <ges:subcrestaZone/>
              </ges:geographicArea>
              <ges:autoAugmentIn>Y</ges:autoAugmentIn>
              <ges:esbCrossReferenceInfo>
                <ges:sovLocId>8489489</ges:sovLocId>
              </ges:esbCrossReferenceInfo>
              <ges:mdmCrossReferenceInfo>
                <ges:mdmContId>925844955864470549</ges:mdmContId>
                <ges:mdmContCmpntId>734144955882086019</ges:mdmContCmpntId>
                <ges:mdmHoldgId>270449558820849213</ges:mdmHoldgId>
                <ges:mdmAddrId>637044955882080110</ges:mdmAddrId>
                <ges:sovLocId>8489489</ges:sovLocId>
              </ges:mdmCrossReferenceInfo>
              <ges:pbCrossReferenceInfo>
                <ges:sovLocId>8489489</ges:sovLocId>
                <ges:geoRsltnLvlId>16</ges:geoRsltnLvlId>
                <ges:mtchky>T235S214USA</ges:mtchky>
                <ges:addrConfdncPc>100</ges:addrConfdncPc>
                <ges:addrXtensn></ges:addrXtensn>
                <ges:addrStatCd></ges:addrStatCd>
                <ges:isAddrStndrdizedIn>Y</ges:isAddrStndrdizedIn>
                <ges:addrStatDesc></ges:addrStatDesc>
                <ges:UserProvidedInfo>
                  <ges:lattdInDegrs Code="PBBI">
                    <ges:Value>43.601072</ges:Value>
                  </ges:lattdInDegrs>
                  <ges:lngtdInDegrs Code="PBBI">
                    <ges:Value>-96.718947</ges:Value>
                  </ges:lngtdInDegrs>
                </ges:UserProvidedInfo>
              </ges:pbCrossReferenceInfo>
              <ges:isRequestForUpdate>false</ges:isRequestForUpdate>
              <ges:UserProvidedInfo/>
            </sc:matchLocations>
          </sc:matchLocations>
          <sc:matchLocations>
            <sc:matchScore>PERFECT MATCH</sc:matchScore>
            <sc:distanceFromSuspect>100</sc:distanceFromSuspect>
            <sc:matchLocations>
              <ges:sovLocId>8489489</ges:sovLocId>
              <ges:locationSource>GES</ges:locationSource>
              <ges:agreementRequestId name="Opportunity Number">10160</ges:agreementRequestId>
              <ges:structure>
                <ges:structureId>2478266</ges:structureId>
                <ges:physObjectId>1318566</ges:physObjectId>
                <ges:constructionType>
                  <ges:constrnTypCd>9</ges:constrnTypCd>
                  <ges:constrnTypDs>Braced Steel Frame</ges:constrnTypDs>
                  <ges:constrnTypId>717</ges:constrnTypId>
                  <ges:clsfctnScheme>ATC</ges:clsfctnScheme>
                </ges:constructionType>
                <ges:occupationType>
                  <ges:ocptnTypCd>3</ges:ocptnTypCd>
                  <ges:ocptnTypDs>Temporary Lodging</ges:ocptnTypDs>
                  <ges:ocptnTypId>7004</ges:ocptnTypId>
                  <ges:clsfctnScheme>ATC</ges:clsfctnScheme>
                </ges:occupationType>
                <ges:structureType>STRUCTURE</ges:structureType>
                <ges:effectiveFromDate>2015-12-09</ges:effectiveFromDate>
                <ges:xtrnlRefNo>11</ges:xtrnlRefNo>
                <ges:bltYr>1984</ges:bltYr>
                <ges:noOfStories>2</ges:noOfStories>
                <ges:creatUsrId>Karthik3.5</ges:creatUsrId>
                <ges:updUsrId>ESB-PBBI</ges:updUsrId>
                <ges:currency>
                  <ges:crncyCd>USD</ges:crncyCd>
                  <ges:crncyDs>UNITED STATES DOLLAR</ges:crncyDs>
                </ges:currency>
                <ges:structureSecModifier>
                  <ges:StructureSecModifier>
                    <ges:name name="Terrorism Occupancy">Commercial</ges:name>
                    <ges:cdGrpLabel>FREETEXT</ges:cdGrpLabel>
                  </ges:StructureSecModifier>
                </ges:structureSecModifier>
              </ges:structure>
              <ges:actvIn>Y</ges:actvIn>
              <ges:geographicArea>
                <ges:ggrphcArId>2391884</ges:ggrphcArId>
                <ges:ctyNm>Sioux Falls</ges:ctyNm>
                <ges:addr>701 E 60th St N</ges:addr>
                <ges:postalCd>57104-0432</ges:postalCd>
                <ges:stNm>SD</ges:stNm>
                <ges:cntyNm>Minnehaha</ges:cntyNm>
                <ges:lattdInDegrs>
                  <ges:Value>43.601072</ges:Value>
                </ges:lattdInDegrs>
                <ges:lngtdInDegrs>
                  <ges:Value>-96.718947</ges:Value>
                </ges:lngtdInDegrs>
                <ges:cntryNm>United States</ges:cntryNm>
                <ges:geoRsltnLvlId>16</ges:geoRsltnLvlId>
                <ges:addrConfdncPc>100</ges:addrConfdncPc>
                <ges:addrXtensn></ges:addrXtensn>
                <ges:isAddrStndrdizedIn>Y</ges:isAddrStndrdizedIn>
                <ges:locPrecision>The result is an Address Point</ges:locPrecision>
                <ges:crestaZone/>
                <ges:subcrestaZone/>
              </ges:geographicArea>
              <ges:autoAugmentIn>Y</ges:autoAugmentIn>
              <ges:esbCrossReferenceInfo>
                <ges:sovLocId>8489489</ges:sovLocId>
              </ges:esbCrossReferenceInfo>
              <ges:mdmCrossReferenceInfo>
                <ges:mdmContId>925844955864470549</ges:mdmContId>
                <ges:mdmContCmpntId>774144965243462698</ges:mdmContCmpntId>
                <ges:mdmHoldgId>651449652434624572</ges:mdmHoldgId>
                <ges:mdmAddrId>637044955882080110</ges:mdmAddrId>
                <ges:sovLocId>8489489</ges:sovLocId>
              </ges:mdmCrossReferenceInfo>
              <ges:pbCrossReferenceInfo>
                <ges:sovLocId>8489489</ges:sovLocId>
                <ges:geoRsltnLvlId>16</ges:geoRsltnLvlId>
                <ges:mtchky>T235S214USA</ges:mtchky>
                <ges:addrConfdncPc>100</ges:addrConfdncPc>
                <ges:addrXtensn></ges:addrXtensn>
                <ges:addrStatCd></ges:addrStatCd>
                <ges:isAddrStndrdizedIn>Y</ges:isAddrStndrdizedIn>
                <ges:addrStatDesc></ges:addrStatDesc>
                <ges:UserProvidedInfo>
                  <ges:lattdInDegrs Code="PBBI">
                    <ges:Value>43.601072</ges:Value>
                  </ges:lattdInDegrs>
                  <ges:lngtdInDegrs Code="PBBI">
                    <ges:Value>-96.718947</ges:Value>
                  </ges:lngtdInDegrs>
                </ges:UserProvidedInfo>
              </ges:pbCrossReferenceInfo>
              <ges:isRequestForUpdate>false</ges:isRequestForUpdate>
              <ges:UserProvidedInfo/>
            </sc:matchLocations>
          </sc:matchLocations>
        </sc:matchLocationsResponse>
      </sc:filerRecordsByMatchKeyInput>
      <sc:thresholdVal>90</sc:thresholdVal>
    </v2_1:filterRecordsByMatchKeyRequestParameter>
    <v12:RequestHeader>
      <v12:ServiceRequestContext>
        <ServiceInvoker>Viswa</ServiceInvoker>
        <ServiceProvider>GES</ServiceProvider>
        <RequestMessageId>7C23EB94-DF07-4C6B-990E-7EFE22720C6B</RequestMessageId>
        <RequestTimestamp>2013-07-22T11:27:04.311Z</RequestTimestamp>
        <InteractionProtocol>SynchronousRequestAndResponse</InteractionProtocol>
      </v12:ServiceRequestContext>
    </v12:RequestHeader>

  </body>
  <attachments>
    <contentID>http://tempuri.org</contentID>
    <contentType>token</contentType>
    <data>MA==</data>
  </attachments>
</tns:smo>
