<?xml version="1.0" encoding="UTF-8"?><io4:smo xmlns:io4="http://www.ibm.com/websphere/sibx/smo/v6.0.1" xmlns:ges="http://aig.us.com/ges" xmlns:tns="http://aig.us.com/ges/schema" xmlns:io15="http://www.w3.org/2005/08/addressing" xmlns:io14="http://GES_MF_CommonService/bo" xmlns:xsd4xsd="http://www.w3.org/2001/XMLSchema" xmlns:io13="http://GES_Lib_Common/bo" xmlns:io12="http://www.ibm.com/xmlns/prod/websphere/http/sca/6.1.0" xmlns:io11="http://aig.us.com/ges/schema" xmlns:io10="http://aig.us.com/ges" xmlns:io9="http://schemas.xmlsoap.org/ws/2004/08/addressing" xmlns:io8="http://www.ibm.com/xmlns/prod/websphere/mq/sca/6.0.0" xmlns:io7="http://aig.com/CommonHeaderV12" xmlns:io6="http://aig.us.com/ges/services/GESCommonServiceV2" xmlns:io5="http://aig.us.com/ges/common/v3" xmlns:xsi="http://www.w3.org/2001/XMLSchema-instance" xmlns:io3="http://www.w3.org/2003/05/soap-envelope" xmlns:io2="wsdl.http://aig.us.com/ges/services/GESCommonServiceV2" xmlns:io="http://aig.us.com/ges/ext/v1">
  <context>
    <correlation xsi:type="io13:ExceptionObj">
      <errorCode>errorCode</errorCode>
    </correlation>
    <transient xsi:type="io14:CommonServiceMatchLocationBO">
      <score_0>0</score_0>
      <score_90>0</score_90>
      <score_100>0</score_100>
    </transient>
    <failInfo>
      <failureString>failureString</failureString>
      <origin>origin</origin>
      <invocationPath xmlns:bons0="http://aig.us.com/ges/common/v3" xmlns:ch="http://aig.com/CommonHeaderV12" xmlns:httpsca="http://www.ibm.com/xmlns/prod/websphere/http/sca/6.1.0" xmlns:mq="http://www.ibm.com/xmlns/prod/websphere/mq/sca/6.0.0" xmlns:p="http://GES_Lib_Common/bo" xmlns:p1="http://GES_MF_CommonService/bo" xmlns:p2="http://ws-i.org/profiles/basic/1.1/xsd" xmlns:tns="http://www.ibm.com/websphere/sibx/smo/v6.0.1" xmlns:tns1="http://aig.us.com/ges/services/GESCommonServiceV2" xmlns:tns2="http://aig.us.com/ges/schema" xmlns:tns3="http://aig.us.com/ges/ext/v1" xmlns:tns4="http://www.w3.org/2005/08/addressing" xmlns:tns5="http://www.w3.org/2003/05/soap-envelope" xmlns:tns_1="wsdl.http://aig.us.com/ges/services/GESCommonServiceV2" xmlns:wsa="http://schemas.xmlsoap.org/ws/2004/08/addressing" xmlns:sc="http://aig.us.com/ges/schema" xmlns:v12="http://aig.com/CommonHeaderV12" xmlns:v2_1="http://aig.us.com/ges/services/GESCommonServiceV2">
        <primitive inTerminal="" name="" outTerminal=""/>
      </invocationPath>
      <predecessor xmlns:bons0="http://aig.us.com/ges/common/v3" xmlns:ch="http://aig.com/CommonHeaderV12" xmlns:httpsca="http://www.ibm.com/xmlns/prod/websphere/http/sca/6.1.0" xmlns:mq="http://www.ibm.com/xmlns/prod/websphere/mq/sca/6.0.0" xmlns:p="http://GES_Lib_Common/bo" xmlns:p1="http://GES_MF_CommonService/bo" xmlns:p2="http://ws-i.org/profiles/basic/1.1/xsd" xmlns:tns="http://www.ibm.com/websphere/sibx/smo/v6.0.1" xmlns:tns1="http://aig.us.com/ges/services/GESCommonServiceV2" xmlns:tns2="http://aig.us.com/ges/schema" xmlns:tns3="http://aig.us.com/ges/ext/v1" xmlns:tns4="http://www.w3.org/2005/08/addressing" xmlns:tns5="http://www.w3.org/2003/05/soap-envelope" xmlns:tns_1="wsdl.http://aig.us.com/ges/services/GESCommonServiceV2" xmlns:wsa="http://schemas.xmlsoap.org/ws/2004/08/addressing" xmlns:sc="http://aig.us.com/ges/schema" xmlns:v12="http://aig.com/CommonHeaderV12" xmlns:v2_1="http://aig.us.com/ges/services/GESCommonServiceV2" tns:lang=""/>
    </failInfo>
    <primitiveContext>
      <EndpointLookupContext>
        <endpointReference>
          <io9:Address>http://tempuri.org</io9:Address>
          <io9:ReferenceProperties/>
          <io9:ReferenceParameters/>
          <io9:PortType>QName</io9:PortType>
          <io9:ServiceName PortName="NCName">QName</io9:ServiceName>
        </endpointReference>
        <registryAnnotations>
          <property>
            <name>name</name>
            <value>value</value>
          </property>
          <classification>http://tempuri.org</classification>
          <relationship>
            <relationshipName>relationshipName</relationshipName>
            <targetName>targetName</targetName>
            <targetNamespace>http://tempuri.org</targetNamespace>
            <targetVersion>targetVersion</targetVersion>
          </relationship>
        </registryAnnotations>
      </EndpointLookupContext>
      <FanOutContext>
        <iteration>0</iteration>
        <occurrence xmlns:bons0="http://aig.us.com/ges/common/v3" xmlns:ch="http://aig.com/CommonHeaderV12" xmlns:httpsca="http://www.ibm.com/xmlns/prod/websphere/http/sca/6.1.0" xmlns:mq="http://www.ibm.com/xmlns/prod/websphere/mq/sca/6.0.0" xmlns:p="http://GES_Lib_Common/bo" xmlns:p1="http://GES_MF_CommonService/bo" xmlns:p2="http://ws-i.org/profiles/basic/1.1/xsd" xmlns:tns="http://www.ibm.com/websphere/sibx/smo/v6.0.1" xmlns:tns1="http://aig.us.com/ges/services/GESCommonServiceV2" xmlns:tns2="http://aig.us.com/ges/schema" xmlns:tns3="http://aig.us.com/ges/ext/v1" xmlns:tns4="http://www.w3.org/2005/08/addressing" xmlns:tns5="http://www.w3.org/2003/05/soap-envelope" xmlns:tns_1="wsdl.http://aig.us.com/ges/services/GESCommonServiceV2" xmlns:wsa="http://schemas.xmlsoap.org/ws/2004/08/addressing" xmlns:sc="http://aig.us.com/ges/schema" xmlns:v12="http://aig.com/CommonHeaderV12" xmlns:v2_1="http://aig.us.com/ges/services/GESCommonServiceV2" xsi:type="anyType"/>
      </FanOutContext>
      <WTXContext>
        <mapServerLocation>http://tempuri.org</mapServerLocation>
        <dynamicMap>0F00</dynamicMap>
        <mapInstances>
          <mapInstance>0</mapInstance>
          <auditInfo>auditInfo</auditInfo>
        </mapInstances>
      </WTXContext>
    </primitiveContext>
    <shared xmlns:bons0="http://aig.us.com/ges/common/v3" xmlns:ch="http://aig.com/CommonHeaderV12" xmlns:httpsca="http://www.ibm.com/xmlns/prod/websphere/http/sca/6.1.0" xmlns:mq="http://www.ibm.com/xmlns/prod/websphere/mq/sca/6.0.0" xmlns:p="http://GES_Lib_Common/bo" xmlns:p1="http://GES_MF_CommonService/bo" xmlns:p2="http://ws-i.org/profiles/basic/1.1/xsd" xmlns:tns="http://www.ibm.com/websphere/sibx/smo/v6.0.1" xmlns:tns1="http://aig.us.com/ges/services/GESCommonServiceV2" xmlns:tns2="http://aig.us.com/ges/schema" xmlns:tns3="http://aig.us.com/ges/ext/v1" xmlns:tns4="http://www.w3.org/2005/08/addressing" xmlns:tns5="http://www.w3.org/2003/05/soap-envelope" xmlns:tns_1="wsdl.http://aig.us.com/ges/services/GESCommonServiceV2" xmlns:wsa="http://schemas.xmlsoap.org/ws/2004/08/addressing" xmlns:sc="http://aig.us.com/ges/schema" xmlns:v12="http://aig.com/CommonHeaderV12" xmlns:v2_1="http://aig.us.com/ges/services/GESCommonServiceV2" xsi:type="anyType"/>
    <dynamicProperty isPropagated="true">
      <propertySets>
        <group>group</group>
        <properties>
          <name>name</name>
          <value>value</value>
          <type>type</type>
        </properties>
      </propertySets>
    </dynamicProperty>
    <userContext>
      <entries>
        <name>name</name>
        <value xmlns:bons0="http://aig.us.com/ges/common/v3" xmlns:ch="http://aig.com/CommonHeaderV12" xmlns:httpsca="http://www.ibm.com/xmlns/prod/websphere/http/sca/6.1.0" xmlns:mq="http://www.ibm.com/xmlns/prod/websphere/mq/sca/6.0.0" xmlns:p="http://GES_Lib_Common/bo" xmlns:p1="http://GES_MF_CommonService/bo" xmlns:p2="http://ws-i.org/profiles/basic/1.1/xsd" xmlns:tns="http://www.ibm.com/websphere/sibx/smo/v6.0.1" xmlns:tns1="http://aig.us.com/ges/services/GESCommonServiceV2" xmlns:tns2="http://aig.us.com/ges/schema" xmlns:tns3="http://aig.us.com/ges/ext/v1" xmlns:tns4="http://www.w3.org/2005/08/addressing" xmlns:tns5="http://www.w3.org/2003/05/soap-envelope" xmlns:tns_1="wsdl.http://aig.us.com/ges/services/GESCommonServiceV2" xmlns:wsa="http://schemas.xmlsoap.org/ws/2004/08/addressing" xmlns:sc="http://aig.us.com/ges/schema" xmlns:v12="http://aig.com/CommonHeaderV12" xmlns:v2_1="http://aig.us.com/ges/services/GESCommonServiceV2" xsi:type="anyType"/>
        <type>type</type>
      </entries>
    </userContext>
  </context>
  <headers>
    <SMOHeader>
      <MessageUUID>MessageUUID</MessageUUID>
      <Version>
        <Version>0</Version>
        <Release>0</Release>
        <Modification>0</Modification>
      </Version>
      <MessageType>MessageType</MessageType>
      <Operation>Operation</Operation>
      <Action>Action</Action>
      <Target bindingType="NotSet" import="" repositoryMetadata="">
        <address>http://tempuri.org</address>
      </Target>
      <AlternateTarget bindingType="NotSet" import="" repositoryMetadata="">
        <address>http://tempuri.org</address>
      </AlternateTarget>
      <SourceNode>SourceNode</SourceNode>
      <SourceBindingType>NotSet</SourceBindingType>
      <Interface>Interface</Interface>
    </SMOHeader>
    <JMSHeader>
      <JMSDestination>http://tempuri.org</JMSDestination>
      <JMSDeliveryMode>NonPersistent</JMSDeliveryMode>
      <JMSMessageID>JMSMessageID</JMSMessageID>
      <JMSTimestamp>0</JMSTimestamp>
      <JMSCorrelationID>JMSCorrelationID</JMSCorrelationID>
      <JMSReplyTo>http://tempuri.org</JMSReplyTo>
      <JMSRedelivered>true</JMSRedelivered>
      <JMSType>JMSType</JMSType>
      <JMSExpiration>0</JMSExpiration>
      <JMSPriority>0</JMSPriority>
    </JMSHeader>
    <SOAPHeader>
      <nameSpace>http://tempuri.org</nameSpace>
      <name>NCName</name>
      <prefix>NCName</prefix>
      <value xmlns:bons0="http://aig.us.com/ges/common/v3" xmlns:ch="http://aig.com/CommonHeaderV12" xmlns:httpsca="http://www.ibm.com/xmlns/prod/websphere/http/sca/6.1.0" xmlns:mq="http://www.ibm.com/xmlns/prod/websphere/mq/sca/6.0.0" xmlns:p="http://GES_Lib_Common/bo" xmlns:p1="http://GES_MF_CommonService/bo" xmlns:p2="http://ws-i.org/profiles/basic/1.1/xsd" xmlns:tns="http://www.ibm.com/websphere/sibx/smo/v6.0.1" xmlns:tns1="http://aig.us.com/ges/services/GESCommonServiceV2" xmlns:tns2="http://aig.us.com/ges/schema" xmlns:tns3="http://aig.us.com/ges/ext/v1" xmlns:tns4="http://www.w3.org/2005/08/addressing" xmlns:tns5="http://www.w3.org/2003/05/soap-envelope" xmlns:tns_1="wsdl.http://aig.us.com/ges/services/GESCommonServiceV2" xmlns:wsa="http://schemas.xmlsoap.org/ws/2004/08/addressing" xmlns:sc="http://aig.us.com/ges/schema" xmlns:v12="http://aig.com/CommonHeaderV12" xmlns:v2_1="http://aig.us.com/ges/services/GESCommonServiceV2" xsi:type="anyType"/>
    </SOAPHeader>
    <SOAPFaultInfo>
      <faultcode>QName</faultcode>
      <faultstring>faultstring</faultstring>
      <faultactor>http://tempuri.org</faultactor>
      <extendedFaultInfo>
        <Code>
          <io3:Value>{http://www.w3.org/2003/05/soap-envelope}DataEncodingUnknown</io3:Value>
          <io3:Subcode>
            <io3:Value>QName</io3:Value>
            <tns5:Subcode xmlns:tns5="http://www.w3.org/2003/05/soap-envelope" xmlns:bons0="http://aig.us.com/ges/common/v3" xmlns:ch="http://aig.com/CommonHeaderV12" xmlns:httpsca="http://www.ibm.com/xmlns/prod/websphere/http/sca/6.1.0" xmlns:mq="http://www.ibm.com/xmlns/prod/websphere/mq/sca/6.0.0" xmlns:p="http://GES_Lib_Common/bo" xmlns:p1="http://GES_MF_CommonService/bo" xmlns:p2="http://ws-i.org/profiles/basic/1.1/xsd" xmlns:tns="http://www.ibm.com/websphere/sibx/smo/v6.0.1" xmlns:tns1="http://aig.us.com/ges/services/GESCommonServiceV2" xmlns:tns2="http://aig.us.com/ges/schema" xmlns:tns3="http://aig.us.com/ges/ext/v1" xmlns:tns4="http://www.w3.org/2005/08/addressing" xmlns:tns_1="wsdl.http://aig.us.com/ges/services/GESCommonServiceV2" xmlns:wsa="http://schemas.xmlsoap.org/ws/2004/08/addressing" xmlns:sc="http://aig.us.com/ges/schema" xmlns:v12="http://aig.com/CommonHeaderV12" xmlns:v2_1="http://aig.us.com/ges/services/GESCommonServiceV2"/>
          </io3:Subcode>
        </Code>
        <Reason>
          <io3:Text xml:lang="">tns5:Text</io3:Text>
        </Reason>
        <Node>http://tempuri.org</Node>
        <Role>http://tempuri.org</Role>
      </extendedFaultInfo>
    </SOAPFaultInfo>
    <properties>
      <name>name</name>
      <value>value</value>
      <type>type</type>
    </properties>
    <MQHeader>
      <md>
        <Report>0</Report>
        <MsgType>0</MsgType>
        <Expiry>0</Expiry>
        <Feedback>0</Feedback>
        <Priority>0</Priority>
        <Persistence>0</Persistence>
        <MsgId>0F00</MsgId>
        <CorrelId>0F00</CorrelId>
        <BackoutCount>0</BackoutCount>
        <ReplyToQ>ReplyToQ</ReplyToQ>
        <ReplyToQMgr>ReplyToQMgr</ReplyToQMgr>
        <UserIdentifier>UserIdentifier</UserIdentifier>
        <AccountingToken>0F00</AccountingToken>
        <ApplIdentityData>ApplIdentityData</ApplIdentityData>
        <PutApplType>0</PutApplType>
        <PutApplName>PutApplName</PutApplName>
        <PutDate>PutDate</PutDate>
        <PutTime>PutTime</PutTime>
        <ApplOriginData>ApplOriginData</ApplOriginData>
        <GroupId>0F00</GroupId>
        <MsgSeqNumber>0</MsgSeqNumber>
        <Offset>0</Offset>
        <MsgFlags>0</MsgFlags>
        <OriginalLength>0</OriginalLength>
      </md>
      <control>
        <Encoding>0</Encoding>
        <CodedCharSetId>0</CodedCharSetId>
        <Format>Format</Format>
      </control>
      <header>
        <Encoding>0</Encoding>
        <CodedCharSetId>0</CodedCharSetId>
        <Format>Format</Format>
        <value xmlns:bons0="http://aig.us.com/ges/common/v3" xmlns:ch="http://aig.com/CommonHeaderV12" xmlns:httpsca="http://www.ibm.com/xmlns/prod/websphere/http/sca/6.1.0" xmlns:mq="http://www.ibm.com/xmlns/prod/websphere/mq/sca/6.0.0" xmlns:p="http://GES_Lib_Common/bo" xmlns:p1="http://GES_MF_CommonService/bo" xmlns:p2="http://ws-i.org/profiles/basic/1.1/xsd" xmlns:tns="http://www.ibm.com/websphere/sibx/smo/v6.0.1" xmlns:tns1="http://aig.us.com/ges/services/GESCommonServiceV2" xmlns:tns2="http://aig.us.com/ges/schema" xmlns:tns3="http://aig.us.com/ges/ext/v1" xmlns:tns4="http://www.w3.org/2005/08/addressing" xmlns:tns5="http://www.w3.org/2003/05/soap-envelope" xmlns:tns_1="wsdl.http://aig.us.com/ges/services/GESCommonServiceV2" xmlns:wsa="http://schemas.xmlsoap.org/ws/2004/08/addressing" xmlns:sc="http://aig.us.com/ges/schema" xmlns:v12="http://aig.com/CommonHeaderV12" xmlns:v2_1="http://aig.us.com/ges/services/GESCommonServiceV2" xsi:type="anyType"/>
      </header>
    </MQHeader>
    <HTTPHeader>
      <control>
        <io12:URL>http://tempuri.org</io12:URL>
        <io12:Version>1.0</io12:Version>
        <io12:Method>httpsca:Method</io12:Method>
        <io12:DynamicOverrideURL>http://tempuri.org</io12:DynamicOverrideURL>
        <io12:DynamicOverrideVersion>1.0</io12:DynamicOverrideVersion>
        <io12:DynamicOverrideMethod>httpsca:DynamicOverrideMethod</io12:DynamicOverrideMethod>
        <io12:MediaType>httpsca:MediaType</io12:MediaType>
        <io12:Charset>httpsca:Charset</io12:Charset>
        <io12:TransferEncoding>httpsca:TransferEncoding</io12:TransferEncoding>
        <io12:ContentEncoding>httpsca:ContentEncoding</io12:ContentEncoding>
        <io12:StatusCode>0</io12:StatusCode>
        <io12:ReasonPhrase>httpsca:ReasonPhrase</io12:ReasonPhrase>
        <io12:ContentLength>0</io12:ContentLength>
        <io12:ExportContextPath>httpsca:ExportContextPath</io12:ExportContextPath>
        <io12:Authentication>
          <io12:credentials>
            <io12:userId>httpsca:userId</io12:userId>
            <io12:password>httpsca:password</io12:password>
          </io12:credentials>
          <io12:authenticationType>Basic</io12:authenticationType>
        </io12:Authentication>
        <io12:SSLSettings>
          <io12:SSLVersion>SSL</io12:SSLVersion>
          <io12:SSLDebug>false</io12:SSLDebug>
          <io12:KeyStoreType>JKS</io12:KeyStoreType>
          <io12:TrustStoreType>JKS</io12:TrustStoreType>
          <io12:KeyStore>httpsca:KeyStore</io12:KeyStore>
          <io12:KeyStoreAlias>httpsca:KeyStoreAlias</io12:KeyStoreAlias>
          <io12:KeyStorePassword>httpsca:KeyStorePassword</io12:KeyStorePassword>
          <io12:TrustStore>httpsca:TrustStore</io12:TrustStore>
          <io12:TrustStorePassword>httpsca:TrustStorePassword</io12:TrustStorePassword>
          <io12:UseClientAuth>false</io12:UseClientAuth>
        </io12:SSLSettings>
        <io12:ProxySettings>
          <io12:proxyHost>httpsca:proxyHost</io12:proxyHost>
          <io12:proxyPort>0</io12:proxyPort>
          <io12:proxyType>http</io12:proxyType>
          <io12:proxyCredentials>
            <io12:userId>httpsca:userId</io12:userId>
            <io12:password>httpsca:password</io12:password>
          </io12:proxyCredentials>
          <io12:nonProxyHost>httpsca:nonProxyHost</io12:nonProxyHost>
        </io12:ProxySettings>
      </control>
      <header>
        <io12:name>httpsca:name</io12:name>
        <io12:value>httpsca:value</io12:value>
      </header>
    </HTTPHeader>
    <EISHeader>
      <EISInteractionSpec xmlns:bons0="http://aig.us.com/ges/common/v3" xmlns:ch="http://aig.com/CommonHeaderV12" xmlns:httpsca="http://www.ibm.com/xmlns/prod/websphere/http/sca/6.1.0" xmlns:mq="http://www.ibm.com/xmlns/prod/websphere/mq/sca/6.0.0" xmlns:p="http://GES_Lib_Common/bo" xmlns:p1="http://GES_MF_CommonService/bo" xmlns:p2="http://ws-i.org/profiles/basic/1.1/xsd" xmlns:tns="http://www.ibm.com/websphere/sibx/smo/v6.0.1" xmlns:tns1="http://aig.us.com/ges/services/GESCommonServiceV2" xmlns:tns2="http://aig.us.com/ges/schema" xmlns:tns3="http://aig.us.com/ges/ext/v1" xmlns:tns4="http://www.w3.org/2005/08/addressing" xmlns:tns5="http://www.w3.org/2003/05/soap-envelope" xmlns:tns_1="wsdl.http://aig.us.com/ges/services/GESCommonServiceV2" xmlns:wsa="http://schemas.xmlsoap.org/ws/2004/08/addressing" xmlns:sc="http://aig.us.com/ges/schema" xmlns:v12="http://aig.com/CommonHeaderV12" xmlns:v2_1="http://aig.us.com/ges/services/GESCommonServiceV2" xsi:type="anyType"/>
      <EISConnectionSpec xmlns:bons0="http://aig.us.com/ges/common/v3" xmlns:ch="http://aig.com/CommonHeaderV12" xmlns:httpsca="http://www.ibm.com/xmlns/prod/websphere/http/sca/6.1.0" xmlns:mq="http://www.ibm.com/xmlns/prod/websphere/mq/sca/6.0.0" xmlns:p="http://GES_Lib_Common/bo" xmlns:p1="http://GES_MF_CommonService/bo" xmlns:p2="http://ws-i.org/profiles/basic/1.1/xsd" xmlns:tns="http://www.ibm.com/websphere/sibx/smo/v6.0.1" xmlns:tns1="http://aig.us.com/ges/services/GESCommonServiceV2" xmlns:tns2="http://aig.us.com/ges/schema" xmlns:tns3="http://aig.us.com/ges/ext/v1" xmlns:tns4="http://www.w3.org/2005/08/addressing" xmlns:tns5="http://www.w3.org/2003/05/soap-envelope" xmlns:tns_1="wsdl.http://aig.us.com/ges/services/GESCommonServiceV2" xmlns:wsa="http://schemas.xmlsoap.org/ws/2004/08/addressing" xmlns:sc="http://aig.us.com/ges/schema" xmlns:v12="http://aig.com/CommonHeaderV12" xmlns:v2_1="http://aig.us.com/ges/services/GESCommonServiceV2" xsi:type="anyType"/>
    </EISHeader>
    <WSAHeader version="http://www.w3.org/2005/08/addressing">
      <io15:To>http://tempuri.org</io15:To>
      <ReferenceParameters/>
      <io15:From>
        <io15:Address>http://tempuri.org</io15:Address>
        <io15:ReferenceParameters/>
        <io15:Metadata/>
      </io15:From>
      <io15:ReplyTo>
        <io15:Address>http://tempuri.org</io15:Address>
        <io15:ReferenceParameters/>
        <io15:Metadata/>
      </io15:ReplyTo>
      <io15:FaultTo>
        <io15:Address>http://tempuri.org</io15:Address>
        <io15:ReferenceParameters/>
        <io15:Metadata/>
      </io15:FaultTo>
      <io15:Action>http://tempuri.org</io15:Action>
      <io15:MessageID>http://tempuri.org</io15:MessageID>
      <io15:RelatesTo RelationshipType="http://www.w3.org/2005/08/addressing/reply">http://tempuri.org</io15:RelatesTo>
    </WSAHeader>
  </headers>
  <body xsi:type="io2:filerRecordsByMatchKeyResponseMsg">
    <io6:filterRecordsByMatchKeyResponseParameter>
      <io11:PerfectMatch>
        <io11:location>
          <io11:sovLocation>
            <io10:sovLocId>8489489</io10:sovLocId>
            <io10:locationSource>GES</io10:locationSource>
            <io10:matchScore>PERFECT MATCH</io10:matchScore>
            <io10:distanceFrom>100</io10:distanceFrom>
            <io10:agreementRequestId name="Opportunity Number">10160</io10:agreementRequestId>
            <io10:structure>
              <io10:structureId>2478266</io10:structureId>
              <io10:physObjectId>1318566</io10:physObjectId>
              <io10:constructionType>
                <io10:constrnTypCd>9</io10:constrnTypCd>
                <io10:constrnTypDs>Braced Steel Frame</io10:constrnTypDs>
                <io10:constrnTypId>717</io10:constrnTypId>
                <io10:clsfctnScheme>ATC</io10:clsfctnScheme>
              </io10:constructionType>
              <io10:occupationType>
                <io10:ocptnTypCd>3</io10:ocptnTypCd>
                <io10:ocptnTypDs>Temporary Lodging</io10:ocptnTypDs>
                <io10:ocptnTypId>7004</io10:ocptnTypId>
                <io10:clsfctnScheme>ATC</io10:clsfctnScheme>
              </io10:occupationType>
              <io10:structureType>STRUCTURE</io10:structureType>
              <io10:effectiveFromDate>2015-12-08</io10:effectiveFromDate>
              <io10:xtrnlRefNo>11</io10:xtrnlRefNo>
              <io10:bltYr>1984</io10:bltYr>
              <io10:noOfStories>2</io10:noOfStories>
              <io10:creatUsrId>Karthik3.5</io10:creatUsrId>
              <io10:updUsrId>ESB-PBBI</io10:updUsrId>
              <io10:currency>
                <io10:crncyCd>USD</io10:crncyCd>
                <io10:crncyDs>UNITED STATES DOLLAR</io10:crncyDs>
              </io10:currency>
              <io10:structureSecModifier>
                <io10:StructureSecModifier>
                  <io10:name name="Terrorism Occupancy">Commercial</io10:name>
                  <io10:cdGrpLabel>FREETEXT</io10:cdGrpLabel>
                </io10:StructureSecModifier>
              </io10:structureSecModifier>
            </io10:structure>
            <io10:actvIn>Y</io10:actvIn>
            <io10:geographicArea>
              <io10:ggrphcArId>2391884</io10:ggrphcArId>
              <io10:ctyNm>Sioux Falls</io10:ctyNm>
              <io10:addr>701 E 60th St N</io10:addr>
              <io10:postalCd>57104-0432</io10:postalCd>
              <io10:stNm>SD</io10:stNm>
              <io10:cntyNm>Minnehaha</io10:cntyNm>
              <io10:lattdInDegrs>
                <io10:Value>43.601072</io10:Value>
              </io10:lattdInDegrs>
              <io10:lngtdInDegrs>
                <io10:Value>-96.718947</io10:Value>
              </io10:lngtdInDegrs>
              <io10:cntryNm>United States</io10:cntryNm>
              <io10:geoRsltnLvlId>16</io10:geoRsltnLvlId>
              <io10:addrConfdncPc>100</io10:addrConfdncPc>
              <io10:addrXtensn/>
              <io10:isAddrStndrdizedIn>Y</io10:isAddrStndrdizedIn>
              <io10:locPrecision>The result is an Address Point</io10:locPrecision>
              <io10:crestaZone/>
              <io10:subcrestaZone/>
            </io10:geographicArea>
            <io10:autoAugmentIn>Y</io10:autoAugmentIn>
            <io10:esbCrossReferenceInfo>
              <io10:sovLocId>8489489</io10:sovLocId>
            </io10:esbCrossReferenceInfo>
            <io10:mdmCrossReferenceInfo>
              <io10:mdmContId>925844955864470549</io10:mdmContId>
              <io10:mdmContCmpntId>734144955882086019</io10:mdmContCmpntId>
              <io10:mdmHoldgId>270449558820849213</io10:mdmHoldgId>
              <io10:mdmAddrId>637044955882080110</io10:mdmAddrId>
              <io10:sovLocId>8489489</io10:sovLocId>
            </io10:mdmCrossReferenceInfo>
            <io10:pbCrossReferenceInfo>
              <io10:sovLocId>8489489</io10:sovLocId>
              <io10:geoRsltnLvlId>16</io10:geoRsltnLvlId>
              <io10:mtchky>T235S214USA</io10:mtchky>
              <io10:addrConfdncPc>100</io10:addrConfdncPc>
              <io10:addrXtensn/>
              <io10:addrStatCd/>
              <io10:isAddrStndrdizedIn>Y</io10:isAddrStndrdizedIn>
              <io10:addrStatDesc/>
              <io10:UserProvidedInfo>
                <io10:lattdInDegrs Code="PBBI">
                  <io10:Value>43.601072</io10:Value>
                </io10:lattdInDegrs>
                <io10:lngtdInDegrs Code="PBBI">
                  <io10:Value>-96.718947</io10:Value>
                </io10:lngtdInDegrs>
              </io10:UserProvidedInfo>
            </io10:pbCrossReferenceInfo>
            <io10:isRequestForUpdate>false</io10:isRequestForUpdate>
            <io10:UserProvidedInfo/>
          </io11:sovLocation>
        </io11:location>
        <io11:location>
          <io11:sovLocation>
            <io10:sovLocId>8489489</io10:sovLocId>
            <io10:locationSource>GES</io10:locationSource>
            <io10:matchScore>PERFECT MATCH</io10:matchScore>
            <io10:distanceFrom>100</io10:distanceFrom>
            <io10:agreementRequestId name="Opportunity Number">10160</io10:agreementRequestId>
            <io10:structure>
              <io10:structureId>2478266</io10:structureId>
              <io10:physObjectId>1318566</io10:physObjectId>
              <io10:constructionType>
                <io10:constrnTypCd>9</io10:constrnTypCd>
                <io10:constrnTypDs>Braced Steel Frame</io10:constrnTypDs>
                <io10:constrnTypId>717</io10:constrnTypId>
                <io10:clsfctnScheme>ATC</io10:clsfctnScheme>
              </io10:constructionType>
              <io10:occupationType>
                <io10:ocptnTypCd>3</io10:ocptnTypCd>
                <io10:ocptnTypDs>Temporary Lodging</io10:ocptnTypDs>
                <io10:ocptnTypId>7004</io10:ocptnTypId>
                <io10:clsfctnScheme>ATC</io10:clsfctnScheme>
              </io10:occupationType>
              <io10:structureType>STRUCTURE</io10:structureType>
              <io10:effectiveFromDate>2015-12-09</io10:effectiveFromDate>
              <io10:xtrnlRefNo>11</io10:xtrnlRefNo>
              <io10:bltYr>1984</io10:bltYr>
              <io10:noOfStories>2</io10:noOfStories>
              <io10:creatUsrId>Karthik3.5</io10:creatUsrId>
              <io10:updUsrId>ESB-PBBI</io10:updUsrId>
              <io10:currency>
                <io10:crncyCd>USD</io10:crncyCd>
                <io10:crncyDs>UNITED STATES DOLLAR</io10:crncyDs>
              </io10:currency>
              <io10:structureSecModifier>
                <io10:StructureSecModifier>
                  <io10:name name="Terrorism Occupancy">Commercial</io10:name>
                  <io10:cdGrpLabel>FREETEXT</io10:cdGrpLabel>
                </io10:StructureSecModifier>
              </io10:structureSecModifier>
            </io10:structure>
            <io10:actvIn>Y</io10:actvIn>
            <io10:geographicArea>
              <io10:ggrphcArId>2391884</io10:ggrphcArId>
              <io10:ctyNm>Sioux Falls</io10:ctyNm>
              <io10:addr>701 E 60th St N</io10:addr>
              <io10:postalCd>57104-0432</io10:postalCd>
              <io10:stNm>SD</io10:stNm>
              <io10:cntyNm>Minnehaha</io10:cntyNm>
              <io10:lattdInDegrs>
                <io10:Value>43.601072</io10:Value>
              </io10:lattdInDegrs>
              <io10:lngtdInDegrs>
                <io10:Value>-96.718947</io10:Value>
              </io10:lngtdInDegrs>
              <io10:cntryNm>United States</io10:cntryNm>
              <io10:geoRsltnLvlId>16</io10:geoRsltnLvlId>
              <io10:addrConfdncPc>100</io10:addrConfdncPc>
              <io10:addrXtensn/>
              <io10:isAddrStndrdizedIn>Y</io10:isAddrStndrdizedIn>
              <io10:locPrecision>The result is an Address Point</io10:locPrecision>
              <io10:crestaZone/>
              <io10:subcrestaZone/>
            </io10:geographicArea>
            <io10:autoAugmentIn>Y</io10:autoAugmentIn>
            <io10:esbCrossReferenceInfo>
              <io10:sovLocId>8489489</io10:sovLocId>
            </io10:esbCrossReferenceInfo>
            <io10:mdmCrossReferenceInfo>
              <io10:mdmContId>925844955864470549</io10:mdmContId>
              <io10:mdmContCmpntId>774144965243462698</io10:mdmContCmpntId>
              <io10:mdmHoldgId>651449652434624572</io10:mdmHoldgId>
              <io10:mdmAddrId>637044955882080110</io10:mdmAddrId>
              <io10:sovLocId>8489489</io10:sovLocId>
            </io10:mdmCrossReferenceInfo>
            <io10:pbCrossReferenceInfo>
              <io10:sovLocId>8489489</io10:sovLocId>
              <io10:geoRsltnLvlId>16</io10:geoRsltnLvlId>
              <io10:mtchky>T235S214USA</io10:mtchky>
              <io10:addrConfdncPc>100</io10:addrConfdncPc>
              <io10:addrXtensn/>
              <io10:addrStatCd/>
              <io10:isAddrStndrdizedIn>Y</io10:isAddrStndrdizedIn>
              <io10:addrStatDesc/>
              <io10:UserProvidedInfo>
                <io10:lattdInDegrs Code="PBBI">
                  <io10:Value>43.601072</io10:Value>
                </io10:lattdInDegrs>
                <io10:lngtdInDegrs Code="PBBI">
                  <io10:Value>-96.718947</io10:Value>
                </io10:lngtdInDegrs>
              </io10:UserProvidedInfo>
            </io10:pbCrossReferenceInfo>
            <io10:isRequestForUpdate>false</io10:isRequestForUpdate>
            <io10:UserProvidedInfo/>
          </io11:sovLocation>
        </io11:location>
      </io11:PerfectMatch>
      <io11:HighProbable/>
      <io11:LowProbable/>
      <io11:NotAMatch/>
    </io6:filterRecordsByMatchKeyResponseParameter>
  </body>
</io4:smo>