<?xml version="1.0" encoding="UTF-8"?><ns0:smo xmlns:ns0="http://www.ibm.com/websphere/sibx/smo/v6.0.1" xmlns:ns1="http://schemas.xmlsoap.org/ws/2004/08/addressing" xmlns:ns4="http://www.ibm.com/xmlns/prod/websphere/http/sca/6.1.0" xmlns:ns5="http://www.w3.org/2005/08/addressing" xmlns:ns6="http://aig.us.com/ges/services/GESCommonServiceV2" xmlns:ns7="http://aig.us.com/ges/schema" xmlns:ns8="http://aig.us.com/ges" xmlns:ns9="http://aig.com/CommonHeaderV12" xmlns:soap12="http://www.w3.org/2003/05/soap-envelope">
  <context>
    <correlation>
      <errorCode>errorCode</errorCode>
    </correlation>
    <transient>
      <PB_MULTI_MATCH>PB_MULTI_MATCH</PB_MULTI_MATCH>
      <MDM_DEDUP_EXCP>MDM_DEDUP_EXCP</MDM_DEDUP_EXCP>
      <FAILED>FAILED</FAILED>
      <PENDING_DA>PENDING_DA</PENDING_DA>
      <DoNotAutoScrub>DoNotAutoScrub</DoNotAutoScrub>
      <AutoScrub>AutoScrub</AutoScrub>
    </transient>
    <failInfo>
      <failureString>failureString</failureString>
      <origin>origin</origin>
      <invocationPath>
        <primitive inTerminal="" name="" outTerminal=""/>
      </invocationPath>
      <predecessor/>
    </failInfo>
    <primitiveContext>
      <EndpointLookupContext>
        <endpointReference>
          <ns1:Address>http://tempuri.org</ns1:Address>
          <ns1:ReferenceProperties/>
          <ns1:ReferenceParameters/>
          <ns1:PortType>QName</ns1:PortType>
          <ns1:ServiceName PortName="NCName">QName</ns1:ServiceName>
        </endpointReference>
        <registryAnnotations>
          <property>
            <name>name</name>
            <value>value</value>
          </property>
          <classification>http://tempuri.org</classification>
          <relationship>
            <relationshipName>relationshipName</relationshipName>
            <targetName>targetName</targetName>
            <targetNamespace>http://tempuri.org</targetNamespace>
            <targetVersion>targetVersion</targetVersion>
          </relationship>
        </registryAnnotations>
      </EndpointLookupContext>
      <FanOutContext>
        <iteration>0</iteration>
        <occurrence/>
      </FanOutContext>
      <WTXContext>
        <mapServerLocation>http://tempuri.org</mapServerLocation>
        <dynamicMap>0F00</dynamicMap>
        <mapInstances>
          <mapInstance>0</mapInstance>
          <auditInfo>auditInfo</auditInfo>
        </mapInstances>
      </WTXContext>
    </primitiveContext>
    <shared/>
    <dynamicProperty isPropagated="true">
      <propertySets>
        <group>group</group>
        <properties>
          <name>name</name>
          <value>value</value>
          <type>type</type>
        </properties>
      </propertySets>
    </dynamicProperty>
    <userContext>
      <entries>
        <name>name</name>
        <value/>
        <type>type</type>
      </entries>
    </userContext>
  </context>
  <headers>
    <SMOHeader>
      <MessageUUID>MessageUUID</MessageUUID>
      <Version>
        <Version>0</Version>
        <Release>0</Release>
        <Modification>0</Modification>
      </Version>
      <MessageType>MessageType</MessageType>
      <Operation>Operation</Operation>
      <Action>Action</Action>
      <Target bindingType="NotSet" import="" repositoryMetadata="">
        <address>http://tempuri.org</address>
      </Target>
      <AlternateTarget bindingType="NotSet" import="" repositoryMetadata="">
        <address>http://tempuri.org</address>
      </AlternateTarget>
      <SourceNode>SourceNode</SourceNode>
      <SourceBindingType>NotSet</SourceBindingType>
      <Interface>Interface</Interface>
    </SMOHeader>
    <JMSHeader>
      <JMSDestination>http://tempuri.org</JMSDestination>
      <JMSDeliveryMode>NonPersistent</JMSDeliveryMode>
      <JMSMessageID>JMSMessageID</JMSMessageID>
      <JMSTimestamp>0</JMSTimestamp>
      <JMSCorrelationID>JMSCorrelationID</JMSCorrelationID>
      <JMSReplyTo>http://tempuri.org</JMSReplyTo>
      <JMSRedelivered>true</JMSRedelivered>
      <JMSType>JMSType</JMSType>
      <JMSExpiration>0</JMSExpiration>
      <JMSPriority>0</JMSPriority>
    </JMSHeader>
    <SOAPHeader>
      <nameSpace>http://tempuri.org</nameSpace>
      <name>NCName</name>
      <prefix>NCName</prefix>
      <value/>
    </SOAPHeader>
    <SOAPFaultInfo>
      <faultcode>QName</faultcode>
      <faultstring>faultstring</faultstring>
      <faultactor>http://tempuri.org</faultactor>
      <extendedFaultInfo>
        <Code>
          <soap12:Value>ns2://www.w3.org/2003/05/soap-envelope}DataEncodingUnknown</soap12:Value>
          <soap12:Subcode>
            <soap12:Value>QName</soap12:Value>
            <soap12:Subcode/>
          </soap12:Subcode>
        </Code>
        <Reason>
          <soap12:Text>tns4:Text</soap12:Text>
        </Reason>
        <Node>http://tempuri.org</Node>
        <Role>http://tempuri.org</Role>
      </extendedFaultInfo>
    </SOAPFaultInfo>
    <properties>
      <name>name</name>
      <value>value</value>
      <type>type</type>
    </properties>
    <MQHeader>
      <md>
        <Report>0</Report>
        <MsgType>0</MsgType>
        <Expiry>0</Expiry>
        <Feedback>0</Feedback>
        <Priority>0</Priority>
        <Persistence>0</Persistence>
        <MsgId>0F00</MsgId>
        <CorrelId>0F00</CorrelId>
        <BackoutCount>0</BackoutCount>
        <ReplyToQ>ReplyToQ</ReplyToQ>
        <ReplyToQMgr>ReplyToQMgr</ReplyToQMgr>
        <UserIdentifier>UserIdentifier</UserIdentifier>
        <AccountingToken>0F00</AccountingToken>
        <ApplIdentityData>ApplIdentityData</ApplIdentityData>
        <PutApplType>0</PutApplType>
        <PutApplName>PutApplName</PutApplName>
        <PutDate>PutDate</PutDate>
        <PutTime>PutTime</PutTime>
        <ApplOriginData>ApplOriginData</ApplOriginData>
        <GroupId>0F00</GroupId>
        <MsgSeqNumber>0</MsgSeqNumber>
        <Offset>0</Offset>
        <MsgFlags>0</MsgFlags>
        <OriginalLength>0</OriginalLength>
      </md>
      <control/>
      <header>
        <Encoding>0</Encoding>
        <CodedCharSetId>0</CodedCharSetId>
        <Format>Format</Format>
        <value/>
      </header>
    </MQHeader>
    <HTTPHeader>
      <control>
        <ns4:URL>http://tempuri.org</ns4:URL>
        <ns4:Version>1.0</ns4:Version>
        <ns4:Method>httpsca:Method</ns4:Method>
        <ns4:DynamicOverrideURL>http://tempuri.org</ns4:DynamicOverrideURL>
        <ns4:DynamicOverrideVersion>1.0</ns4:DynamicOverrideVersion>
        <ns4:DynamicOverrideMethod>httpsca:DynamicOverrideMethod</ns4:DynamicOverrideMethod>
        <ns4:MediaType>httpsca:MediaType</ns4:MediaType>
        <ns4:Charset>httpsca:Charset</ns4:Charset>
        <ns4:TransferEncoding>httpsca:TransferEncoding</ns4:TransferEncoding>
        <ns4:ContentEncoding>httpsca:ContentEncoding</ns4:ContentEncoding>
        <ns4:StatusCode>0</ns4:StatusCode>
        <ns4:ReasonPhrase>httpsca:ReasonPhrase</ns4:ReasonPhrase>
        <ns4:ContentLength>0</ns4:ContentLength>
        <ns4:ExportContextPath>httpsca:ExportContextPath</ns4:ExportContextPath>
        <ns4:Authentication>
          <ns4:credentials>
            <ns4:userId>httpsca:userId</ns4:userId>
            <ns4:password>httpsca:password</ns4:password>
          </ns4:credentials>
          <ns4:authenticationType>Basic</ns4:authenticationType>
        </ns4:Authentication>
        <ns4:SSLSettings>
          <ns4:SSLVersion>SSL</ns4:SSLVersion>
          <ns4:SSLDebug>false</ns4:SSLDebug>
          <ns4:KeyStoreType>JKS</ns4:KeyStoreType>
          <ns4:TrustStoreType>JKS</ns4:TrustStoreType>
          <ns4:KeyStore>httpsca:KeyStore</ns4:KeyStore>
          <ns4:KeyStoreAlias>httpsca:KeyStoreAlias</ns4:KeyStoreAlias>
          <ns4:KeyStorePassword>httpsca:KeyStorePassword</ns4:KeyStorePassword>
          <ns4:TrustStore>httpsca:TrustStore</ns4:TrustStore>
          <ns4:TrustStorePassword>httpsca:TrustStorePassword</ns4:TrustStorePassword>
          <ns4:UseClientAuth>false</ns4:UseClientAuth>
        </ns4:SSLSettings>
        <ns4:ProxySettings>
          <ns4:proxyHost>httpsca:proxyHost</ns4:proxyHost>
          <ns4:proxyPort>0</ns4:proxyPort>
          <ns4:proxyType>http</ns4:proxyType>
          <ns4:proxyCredentials>
            <ns4:userId>httpsca:userId</ns4:userId>
            <ns4:password>httpsca:password</ns4:password>
          </ns4:proxyCredentials>
          <ns4:nonProxyHost>httpsca:nonProxyHost</ns4:nonProxyHost>
        </ns4:ProxySettings>
      </control>
      <header>
        <ns4:name>httpsca:name</ns4:name>
        <ns4:value>httpsca:value</ns4:value>
      </header>
    </HTTPHeader>
    <EISHeader>
      <EISInteractionSpec/>
      <EISConnectionSpec/>
    </EISHeader>
    <WSAHeader version="http://www.w3.org/2005/08/addressing">
      <ns5:To>http://tempuri.org</ns5:To>
      <ReferenceParameters/>
      <ns5:From>
        <ns5:Address>http://tempuri.org</ns5:Address>
        <ns5:ReferenceParameters/>
        <ns5:Metadata/>
      </ns5:From>
      <ns5:ReplyTo>
        <ns5:Address>http://tempuri.org</ns5:Address>
        <ns5:ReferenceParameters/>
        <ns5:Metadata/>
      </ns5:ReplyTo>
      <ns5:FaultTo>
        <ns5:Address>http://tempuri.org</ns5:Address>
        <ns5:ReferenceParameters/>
        <ns5:Metadata/>
      </ns5:FaultTo>
      <ns5:Action>http://tempuri.org</ns5:Action>
      <ns5:MessageID>http://tempuri.org</ns5:MessageID>
      <ns5:RelatesTo RelationshipType="http://www.w3.org/2005/08/addressing/reply">http://tempuri.org</ns5:RelatesTo>
    </WSAHeader>
  </headers>
  <body>
    <ns6:filterRecordsRequestParameter>
      <ns7:version>tns2:version</ns7:version>
      <ns7:filterRecordsInput>
        <ns7:arrayOfLocations>
          <ns7:version>tns2:version</ns7:version>
          <ns7:location>
            <ns7:sovLocation>
              <ns8:version>ges:version</ns8:version>
              <ns8:sovLocId>0</ns8:sovLocId>
              <ns8:matchScore>0</ns8:matchScore>
              <ns8:agreementRequestId name="Policy Number">ges:agreementRequestId</ns8:agreementRequestId>
              <ns8:structure>
                <ns8:structureId>0</ns8:structureId>
                <ns8:typeId>0</ns8:typeId>
                <ns8:physObjectId>0</ns8:physObjectId>
                <ns8:constructionType>
                  <ns8:constrnTypCd>ges:constrnTypCd</ns8:constrnTypCd>
                  <ns8:constrnTypDs>ges:constrnTypDs</ns8:constrnTypDs>
                  <ns8:constrnTypId>0</ns8:constrnTypId>
                  <ns8:clsfctnScheme>ges:clsfctnScheme</ns8:clsfctnScheme>
                </ns8:constructionType>
                <ns8:occupationType>
                  <ns8:ocptnTypCd>ges:ocptnTypCd</ns8:ocptnTypCd>
                  <ns8:ocptnTypDs>ges:ocptnTypDs</ns8:ocptnTypDs>
                  <ns8:ocptnTypId>0</ns8:ocptnTypId>
                  <ns8:clsfctnScheme>ges:clsfctnScheme</ns8:clsfctnScheme>
                </ns8:occupationType>
                <ns8:structureType>ges:structureType</ns8:structureType>
                <ns8:name>ges:name</ns8:name>
                <ns8:description>ges:description</ns8:description>
                <ns8:basicDataIncomplete>ges:basicDataIncomplete</ns8:basicDataIncomplete>
                <ns8:populationInfoId>0</ns8:populationInfoId>
                <ns8:effectiveFromDate>2001-01-01+05:30</ns8:effectiveFromDate>
                <ns8:effectiveToDate>2001-01-01+05:30</ns8:effectiveToDate>
                <ns8:xtrnlRefNo>ges:xtrnlRefNo</ns8:xtrnlRefNo>
                <ns8:noOfRsks>0</ns8:noOfRsks>
                <ns8:bldgValAm>0.0</ns8:bldgValAm>
                <ns8:cntntsValAm>0.0</ns8:cntntsValAm>
                <ns8:biValAm>0.0</ns8:biValAm>
                <ns8:totalPropertyDamageValueAm>0.0</ns8:totalPropertyDamageValueAm>
                <ns8:totalSumInsuredValueAm>0.0</ns8:totalSumInsuredValueAm>
                <ns8:flrAr>ges:flrAr</ns8:flrAr>
                <ns8:flrArUom>ges:flrArUom</ns8:flrArUom>
                <ns8:bltYr>0</ns8:bltYr>
                <ns8:noOfStories>0</ns8:noOfStories>
                <ns8:bldgHght>ges:bldgHght</ns8:bldgHght>
                <ns8:bldgHghtUom>ges:bldgHghtUom</ns8:bldgHghtUom>
                <ns8:lastUpgraddYr>0</ns8:lastUpgraddYr>
                <ns8:flrOfInt>ges:flrOfInt</ns8:flrOfInt>
                <ns8:constrnTypTx>ges:constrnTypTx</ns8:constrnTypTx>
                <ns8:ocptnTypTx>ges:ocptnTypTx</ns8:ocptnTypTx>
                <ns8:currntVersnFl>ges:currntVersnFl</ns8:currntVersnFl>
                <ns8:creatTs>2001-12-31T12:00:00.000+05:30</ns8:creatTs>
                <ns8:creatUsrId>ges:creatUsrId</ns8:creatUsrId>
                <ns8:updTs>2001-12-31T12:00:00.000+05:30</ns8:updTs>
                <ns8:updUsrId>ges:updUsrId</ns8:updUsrId>
                <ns8:srcFileNm>ges:srcFileNm</ns8:srcFileNm>
                <ns8:siteNm>ges:siteNm</ns8:siteNm>
                <ns8:coNmBusUnt>ges:coNmBusUnt</ns8:coNmBusUnt>
                <ns8:prmryBldgIn>ges:prmryBldgIn</ns8:prmryBldgIn>
                <ns8:currency>
                  <ns8:crncyCd>ges:crncyCd</ns8:crncyCd>
                  <ns8:crncyDs>ges:crncyDs</ns8:crncyDs>
                  <ns8:efctvDt>2001-01-01+05:30</ns8:efctvDt>
                  <ns8:isoAlphCrncyCd>ges:isoAlphCrncyCd</ns8:isoAlphCrncyCd>
                  <ns8:crncyId>0</ns8:crncyId>
                  <ns8:isoNmrcCrncyCd>0</ns8:isoNmrcCrncyCd>
                  <ns8:currencyExchangeRate>
                    <ns8:fromCrncyId>0</ns8:fromCrncyId>
                    <ns8:toCrncyId>0</ns8:toCrncyId>
                    <ns8:cnvrsnRt>0.0</ns8:cnvrsnRt>
                    <ns8:cnvrsnDt>2001-01-01+05:30</ns8:cnvrsnDt>
                    <ns8:rtTypIn>ges:rtTypIn</ns8:rtTypIn>
                    <ns8:xchngRtId>0</ns8:xchngRtId>
                  </ns8:currencyExchangeRate>
                </ns8:currency>
                <ns8:structureSecModifier>
                  <ns8:StructureSecModifier>
                    <ns8:name name="">ges:name</ns8:name>
                    <ns8:scheme>ges:scheme</ns8:scheme>
                    <ns8:cdId>0</ns8:cdId>
                    <ns8:cdVal>ges:cdVal</ns8:cdVal>
                    <ns8:cdLabel>ges:cdLabel</ns8:cdLabel>
                    <ns8:cdGrpVal>ges:cdGrpVal</ns8:cdGrpVal>
                    <ns8:cdGrpLabel>ges:cdGrpLabel</ns8:cdGrpLabel>
                  </ns8:StructureSecModifier>
                </ns8:structureSecModifier>
                <ns8:sic3DCd>0</ns8:sic3DCd>
                <ns8:sic4DCd>0</ns8:sic4DCd>
                <ns8:sicGroup>ges:sicGroup</ns8:sicGroup>
                <ns8:sicDesc>ges:sicDesc</ns8:sicDesc>
                <ns8:uwtngMngmtAdjsmt>ges:uwtngMngmtAdjsmt</ns8:uwtngMngmtAdjsmt>
                <ns8:graspLocId>ges:graspLocId</ns8:graspLocId>
                <ns8:aeNm>ges:aeNm</ns8:aeNm>
                <ns8:sentForITV>true</ns8:sentForITV>
                <ns8:ITVValtnDt>2001-01-01+05:30</ns8:ITVValtnDt>
                <ns8:chngPct>0.0</ns8:chngPct>
                <ns8:DQI>0.0</ns8:DQI>
                <ns8:strValtnId>0</ns8:strValtnId>
                <ns8:TEVal>0.0</ns8:TEVal>
                <ns8:ttl>0.0</ns8:ttl>
                <ns8:typId>0</ns8:typId>
                <ns8:LocationCoverages>
                  <ns8:LoationCoverage>
                    <ns8:Coverage>
                      <ns8:AttributeNm>ges:AttributeNm</ns8:AttributeNm>
                      <ns8:categoryId>0</ns8:categoryId>
                      <ns8:typId>0</ns8:typId>
                      <ns8:typNm>ges:typNm</ns8:typNm>
                      <ns8:source>ges:source</ns8:source>
                    </ns8:Coverage>
                    <ns8:CoverageValue>
                      <ns8:DecimalValue>0.0</ns8:DecimalValue>
                      <ns8:Unit>ges:Unit</ns8:Unit>
                    </ns8:CoverageValue>
                  </ns8:LoationCoverage>
                </ns8:LocationCoverages>
                <ns8:LocationNonCoverages>
                  <ns8:LocationNonCoverage>
                    <ns8:Coverage>
                      <ns8:AttributeNm>ges:AttributeNm</ns8:AttributeNm>
                      <ns8:categoryId>0</ns8:categoryId>
                      <ns8:typId>0</ns8:typId>
                      <ns8:typNm>ges:typNm</ns8:typNm>
                      <ns8:source>ges:source</ns8:source>
                    </ns8:Coverage>
                    <ns8:CoverageValue>
                      <ns8:DecimalValue>0.0</ns8:DecimalValue>
                      <ns8:Unit>ges:Unit</ns8:Unit>
                    </ns8:CoverageValue>
                  </ns8:LocationNonCoverage>
                </ns8:LocationNonCoverages>
                <ns8:SiteCampusId>ges:SiteCampusId</ns8:SiteCampusId>
              </ns8:structure>
              <ns8:physicalObject>
                <ns8:physObjectId>0</ns8:physObjectId>
                <ns8:typeId>0</ns8:typeId>
                <ns8:populationInfoId>0</ns8:populationInfoId>
                <ns8:creatTs>2001-12-31T12:00:00.000+05:30</ns8:creatTs>
                <ns8:creatUsrId>ges:creatUsrId</ns8:creatUsrId>
                <ns8:updTs>2001-12-31T12:00:00.000+05:30</ns8:updTs>
                <ns8:updUsrId>ges:updUsrId</ns8:updUsrId>
                <ns8:graspInfo>
                  <ns8:engnrgBldgVal>0.0</ns8:engnrgBldgVal>
                  <ns8:engnrgMachryVal>0.0</ns8:engnrgMachryVal>
                  <ns8:ibi>0.0</ns8:ibi>
                  <ns8:floodZnWithinPropLn>ges:floodZnWithinPropLn</ns8:floodZnWithinPropLn>
                  <ns8:floodZn1000ftFromPropLn>ges:floodZn1000ftFromPropLn</ns8:floodZn1000ftFromPropLn>
                  <ns8:surgeXpsr>ges:surgeXpsr</ns8:surgeXpsr>
                  <ns8:hailstormXpsr>ges:hailstormXpsr</ns8:hailstormXpsr>
                  <ns8:snowLodXpsr>ges:snowLodXpsr</ns8:snowLodXpsr>
                  <ns8:othCatXpsr>ges:othCatXpsr</ns8:othCatXpsr>
                  <ns8:engnrgOvrrdHzrdGrd>ges:engnrgOvrrdHzrdGrd</ns8:engnrgOvrrdHzrdGrd>
                  <ns8:ovrlHeRtg>0.0</ns8:ovrlHeRtg>
                  <ns8:locRskRtgFire>0.0</ns8:locRskRtgFire>
                  <ns8:locRskRtgCat>0.0</ns8:locRskRtgCat>
                  <ns8:locRskRtgCompst>0.0</ns8:locRskRtgCompst>
                  <ns8:ttlOcpdBldgAr>0.0</ns8:ttlOcpdBldgAr>
                  <ns8:ttlOcpdStories>0</ns8:ttlOcpdStories>
                  <ns8:adqtAutmtcSprnklrsPct>0.0</ns8:adqtAutmtcSprnklrsPct>
                  <ns8:neededAutmtcSprnklrsPct>0.0</ns8:neededAutmtcSprnklrsPct>
                  <ns8:autmtcSprnklrsPct>0.0</ns8:autmtcSprnklrsPct>
                  <ns8:predominantConstrnCls>ges:predominantConstrnCls</ns8:predominantConstrnCls>
                  <ns8:predominantPrtctnCls>ges:predominantPrtctnCls</ns8:predominantPrtctnCls>
                  <ns8:surgeTtlLe>0.0</ns8:surgeTtlLe>
                  <ns8:floodTtlLe100Yr>0.0</ns8:floodTtlLe100Yr>
                  <ns8:floodTtlLe500Yr>0.0</ns8:floodTtlLe500Yr>
                  <ns8:floodTtlLe>0.0</ns8:floodTtlLe>
                  <ns8:floodTtlMfl>0.0</ns8:floodTtlMfl>
                  <ns8:wndTtlLe100Yr>0.0</ns8:wndTtlLe100Yr>
                  <ns8:wndTtlLe500Yr>ges:wndTtlLe500Yr</ns8:wndTtlLe500Yr>
                  <ns8:wndTtlNle>0.0</ns8:wndTtlNle>
                  <ns8:eqLe>0.0</ns8:eqLe>
                  <ns8:ttlMfl>0.0</ns8:ttlMfl>
                  <ns8:ttlEml>0.0</ns8:ttlEml>
                  <ns8:ttlPml>0.0</ns8:ttlPml>
                  <ns8:ttlMas>0.0</ns8:ttlMas>
                  <ns8:ttlNle>0.0</ns8:ttlNle>
                  <ns8:ttlLe>0.0</ns8:ttlLe>
                  <ns8:ttlObjLos>0.0</ns8:ttlObjLos>
                  <ns8:locCls>ges:locCls</ns8:locCls>
                  <ns8:fireIndx>ges:fireIndx</ns8:fireIndx>
                  <ns8:xplosnIndx>ges:xplosnIndx</ns8:xplosnIndx>
                  <ns8:xplosnRskAdqtlyEngnred>ges:xplosnRskAdqtlyEngnred</ns8:xplosnRskAdqtlyEngnred>
                  <ns8:fldDesktpAsesd>ges:fldDesktpAsesd</ns8:fldDesktpAsesd>
                  <ns8:engnrgSrc>ges:engnrgSrc</ns8:engnrgSrc>
                  <ns8:graspCntntVal>0.0</ns8:graspCntntVal>
                  <ns8:graspTmElmntVal>0.0</ns8:graspTmElmntVal>
                  <ns8:graspTpdVal>0.0</ns8:graspTpdVal>
                  <ns8:graspLat>0.0</ns8:graspLat>
                  <ns8:graspLng>0.0</ns8:graspLng>
                  <ns8:graspPrecisionCd>0.0</ns8:graspPrecisionCd>
                </ns8:graspInfo>
              </ns8:physicalObject>
              <ns8:actvIn>ges:actvIn</ns8:actvIn>
              <ns8:effectiveFromDate>2001-01-01+05:30</ns8:effectiveFromDate>
              <ns8:effectiveToDate>2001-01-01+05:30</ns8:effectiveToDate>
              <ns8:geographicArea>
                <ns8:ggrphcArId>0</ns8:ggrphcArId>
                <ns8:typNm>ges:typNm</ns8:typNm>
                <ns8:vlidFromTs>2001-12-31T12:00:00.000+05:30</ns8:vlidFromTs>
                <ns8:vlidToTs>2001-12-31T12:00:00.000+05:30</ns8:vlidToTs>
                <ns8:ctyNm>ges:ctyNm</ns8:ctyNm>
                <ns8:addr>ges:addr</ns8:addr>
                <ns8:postalCd>ges:postalCd</ns8:postalCd>
                <ns8:stNm>ges:stNm</ns8:stNm>
                <ns8:dstrctNm>ges:dstrctNm</ns8:dstrctNm>
                <ns8:cntyNm>ges:cntyNm</ns8:cntyNm>
                <ns8:lattdInDegrs>ges:lattdInDegrs</ns8:lattdInDegrs>
                <ns8:lngtdInDegrs>ges:lngtdInDegrs</ns8:lngtdInDegrs>
                <ns8:cntryNm>ges:cntryNm</ns8:cntryNm>
                <ns8:langCd>ges:langCd</ns8:langCd>
                <ns8:geoRsltnLvlId>0</ns8:geoRsltnLvlId>
                <ns8:addrConfdncPc>0.0</ns8:addrConfdncPc>
                <ns8:addrXtensn>ges:addrXtensn</ns8:addrXtensn>
                <ns8:isAddrStndrdizedIn>ges:isAddrStndrdizedIn</ns8:isAddrStndrdizedIn>
                <ns8:locPrecision>ges:locPrecision</ns8:locPrecision>
                <ns8:crestaZone>
                  <ns8:crestaZnId>0</ns8:crestaZnId>
                  <ns8:crCntryFip>ges:crCntryFip</ns8:crCntryFip>
                  <ns8:crCrestaId>ges:crCrestaId</ns8:crCrestaId>
                  <ns8:crFips>ges:crFips</ns8:crFips>
                  <ns8:crGeocd>ges:crGeocd</ns8:crGeocd>
                  <ns8:crIso3Alph>ges:crIso3Alph</ns8:crIso3Alph>
                  <ns8:crIso3No>ges:crIso3No</ns8:crIso3No>
                  <ns8:crPerlTyp>ges:crPerlTyp</ns8:crPerlTyp>
                  <ns8:crStFips>ges:crStFips</ns8:crStFips>
                  <ns8:crSbIso>ges:crSbIso</ns8:crSbIso>
                  <ns8:crZnNo>ges:crZnNo</ns8:crZnNo>
                  <ns8:crDcmntat>ges:crDcmntat</ns8:crDcmntat>
                  <ns8:crNm>ges:crNm</ns8:crNm>
                  <ns8:geographicArea/>
                </ns8:crestaZone>
                <ns8:subcrestaZone>
                  <ns8:crszCntryFip>ges:crszCntryFip</ns8:crszCntryFip>
                  <ns8:crszCrestaId>ges:crszCrestaId</ns8:crszCrestaId>
                  <ns8:crszFips>ges:crszFips</ns8:crszFips>
                  <ns8:crszGeocd>ges:crszGeocd</ns8:crszGeocd>
                  <ns8:crszIso3Alph>ges:crszIso3Alph</ns8:crszIso3Alph>
                  <ns8:crszIso3No>ges:crszIso3No</ns8:crszIso3No>
                  <ns8:crszPerlTyp>ges:crszPerlTyp</ns8:crszPerlTyp>
                  <ns8:crszStFips>ges:crszStFips</ns8:crszStFips>
                  <ns8:crszSbIso>ges:crszSbIso</ns8:crszSbIso>
                  <ns8:crszSznNo>ges:crszSznNo</ns8:crszSznNo>
                  <ns8:crszDcmntat>ges:crszDcmntat</ns8:crszDcmntat>
                  <ns8:crszNm>ges:crszNm</ns8:crszNm>
                  <ns8:crszParZoNum>ges:crszParZoNum</ns8:crszParZoNum>
                  <ns8:crszTyp>ges:crszTyp</ns8:crszTyp>
                  <ns8:sbcrestaZnId>0</ns8:sbcrestaZnId>
                  <ns8:geographicArea/>
                </ns8:subcrestaZone>
                <ns8:cntryId>0</ns8:cntryId>
                <ns8:placeId>0</ns8:placeId>
                <ns8:basicdataIncomplete>ges:basicdataIncomplete</ns8:basicdataIncomplete>
                <ns8:addr2>ges:addr2</ns8:addr2>
                <ns8:blok>ges:blok</ns8:blok>
                <ns8:blokGrp>ges:blokGrp</ns8:blokGrp>
                <ns8:geoCdId>0</ns8:geoCdId>
                <ns8:geoCdTyId>0</ns8:geoCdTyId>
                <ns8:geoCdTyNm>ges:geoCdTyNm</ns8:geoCdTyNm>
                <ns8:LocationHazards>
                  <ns8:LocationHazard>
                    <ns8:Coverage>
                      <ns8:AttributeNm>ges:AttributeNm</ns8:AttributeNm>
                      <ns8:categoryId>0</ns8:categoryId>
                      <ns8:typId>0</ns8:typId>
                      <ns8:typNm>ges:typNm</ns8:typNm>
                      <ns8:source>ges:source</ns8:source>
                    </ns8:Coverage>
                    <ns8:CoverageValue>
                      <ns8:DecimalValue>0.0</ns8:DecimalValue>
                      <ns8:Unit>ges:Unit</ns8:Unit>
                    </ns8:CoverageValue>
                    <ns8:HazardId>0</ns8:HazardId>
                    <ns8:LookUpId>0</ns8:LookUpId>
                  </ns8:LocationHazard>
                </ns8:LocationHazards>
              </ns8:geographicArea>
              <ns8:autoAugmentIn>ges:autoAugmentIn</ns8:autoAugmentIn>
              <ns8:esbCrossReferenceInfo>
                <ns8:prcsngStatCd>PENDING_DA</ns8:prcsngStatCd>
                <ns8:prcsngStatTs>2001-12-31T12:00:00.000+05:30</ns8:prcsngStatTs>
                <ns8:retryCnt>0</ns8:retryCnt>
                <ns8:sovLocId>0</ns8:sovLocId>
                <ns8:errMsg>ges:errMsg</ns8:errMsg>
                <ns8:augmentStatIn>ges:augmentStatIn</ns8:augmentStatIn>
              </ns8:esbCrossReferenceInfo>
              <ns8:mdmCrossReferenceInfo>
                <ns8:mdmContId>ges:mdmContId</ns8:mdmContId>
                <ns8:mdmContCmpntId>ges:mdmContCmpntId</ns8:mdmContCmpntId>
                <ns8:mdmHoldgId>ges:mdmHoldgId</ns8:mdmHoldgId>
                <ns8:mdmAddrId>ges:mdmAddrId</ns8:mdmAddrId>
                <ns8:sovLocId>ges:sovLocId</ns8:sovLocId>
                <ns8:graspReviewed>N</ns8:graspReviewed>
              </ns8:mdmCrossReferenceInfo>
              <ns8:mdmException>
                <ns8:langCd>ges:langCd</ns8:langCd>
                <ns8:ctyNm>ges:ctyNm</ns8:ctyNm>
                <ns8:postalCd>ges:postalCd</ns8:postalCd>
                <ns8:stNm>ges:stNm</ns8:stNm>
                <ns8:addrStatCd>ges:addrStatCd</ns8:addrStatCd>
                <ns8:dstrctNm>ges:dstrctNm</ns8:dstrctNm>
                <ns8:cntyNm>ges:cntyNm</ns8:cntyNm>
                <ns8:lattdInDegrs>ges:lattdInDegrs</ns8:lattdInDegrs>
                <ns8:lngtdInDegrs>ges:lngtdInDegrs</ns8:lngtdInDegrs>
                <ns8:coBusUnt>ges:coBusUnt</ns8:coBusUnt>
                <ns8:cntryNm>ges:cntryNm</ns8:cntryNm>
                <ns8:geoRsltnLvlId>0</ns8:geoRsltnLvlId>
                <ns8:mtchky>ges:mtchky</ns8:mtchky>
                <ns8:addrConfdncPc>0.0</ns8:addrConfdncPc>
                <ns8:addrLn1>ges:addrLn1</ns8:addrLn1>
                <ns8:addrLn2>ges:addrLn2</ns8:addrLn2>
                <ns8:addrLn3>ges:addrLn3</ns8:addrLn3>
                <ns8:addrXtensn>ges:addrXtensn</ns8:addrXtensn>
                <ns8:pbLocId>ges:pbLocId</ns8:pbLocId>
                <ns8:geoStat>ges:geoStat</ns8:geoStat>
                <ns8:geoStatCd>ges:geoStatCd</ns8:geoStatCd>
                <ns8:geoStatDesc>ges:geoStatDesc</ns8:geoStatDesc>
                <ns8:dplctSqn>0</ns8:dplctSqn>
                <ns8:flrAr>ges:flrAr</ns8:flrAr>
                <ns8:flrArUom>ges:flrArUom</ns8:flrArUom>
                <ns8:occupancyScheme>ges:occupancyScheme</ns8:occupancyScheme>
                <ns8:occupancyTypCd>ges:occupancyTypCd</ns8:occupancyTypCd>
                <ns8:bltYr>0</ns8:bltYr>
                <ns8:noOfRsks>0</ns8:noOfRsks>
                <ns8:noOfStories>0</ns8:noOfStories>
                <ns8:bldgHght>0</ns8:bldgHght>
                <ns8:bldgHghtUom>ges:bldgHghtUom</ns8:bldgHghtUom>
                <ns8:constrnSchemeCd>ges:constrnSchemeCd</ns8:constrnSchemeCd>
                <ns8:constrnTypCd>ges:constrnTypCd</ns8:constrnTypCd>
                <ns8:lastUpgraddYr>0</ns8:lastUpgraddYr>
                <ns8:flrOfInt>ges:flrOfInt</ns8:flrOfInt>
                <ns8:mdmContId>0</ns8:mdmContId>
                <ns8:mdmContCmpntId>0</ns8:mdmContCmpntId>
                <ns8:mdmHoldgId>0</ns8:mdmHoldgId>
                <ns8:mdmAddrId>0</ns8:mdmAddrId>
                <ns8:isAddrStndrdizedIn>ges:isAddrStndrdizedIn</ns8:isAddrStndrdizedIn>
                <ns8:mdmHoldgStartDt>2001-12-31T12:00:00.000+05:30</ns8:mdmHoldgStartDt>
                <ns8:propTypCd>0</ns8:propTypCd>
                <ns8:addr>ges:addr</ns8:addr>
                <ns8:locNm>ges:locNm</ns8:locNm>
                <ns8:siteNm>ges:siteNm</ns8:siteNm>
                <ns8:cntryCd>ges:cntryCd</ns8:cntryCd>
                <ns8:stCd>ges:stCd</ns8:stCd>
                <ns8:addrStatDesc>ges:addrStatDesc</ns8:addrStatDesc>
                <ns8:mtchScore>0</ns8:mtchScore>
                <ns8:locPrecision>ges:locPrecision</ns8:locPrecision>
                <ns8:sovLocId>0</ns8:sovLocId>
                <ns8:prmryBldgIn>ges:prmryBldgIn</ns8:prmryBldgIn>
                <ns8:graspReviewed>N</ns8:graspReviewed>
              </ns8:mdmException>
              <ns8:pbCrossReferenceInfo>
                <ns8:sovLocId>0</ns8:sovLocId>
                <ns8:geoRsltnLvlId>0</ns8:geoRsltnLvlId>
                <ns8:mtchky>ges:mtchky</ns8:mtchky>
                <ns8:addrConfdncPc>0.0</ns8:addrConfdncPc>
                <ns8:addrXtensn>ges:addrXtensn</ns8:addrXtensn>
                <ns8:addrStatCd>ges:addrStatCd</ns8:addrStatCd>
                <ns8:isAddrStndrdizedIn>ges:isAddrStndrdizedIn</ns8:isAddrStndrdizedIn>
                <ns8:addrStatDesc>ges:addrStatDesc</ns8:addrStatDesc>
                <ns8:canAr>ges:canAr</ns8:canAr>
                <ns8:canFloodZn>ges:canFloodZn</ns8:canFloodZn>
                <ns8:canPrvnc>ges:canPrvnc</ns8:canPrvnc>
                <ns8:canRiver>ges:canRiver</ns8:canRiver>
                <ns8:dstnc>ges:dstnc</ns8:dstnc>
                <ns8:dstncUnit>ges:dstncUnit</ns8:dstncUnit>
              </ns8:pbCrossReferenceInfo>
              <ns8:pbException>
                <ns8:langCd>ges:langCd</ns8:langCd>
                <ns8:ctyNm>ges:ctyNm</ns8:ctyNm>
                <ns8:postalCd>ges:postalCd</ns8:postalCd>
                <ns8:stNm>ges:stNm</ns8:stNm>
                <ns8:addrStatCd>ges:addrStatCd</ns8:addrStatCd>
                <ns8:dstrctNm>ges:dstrctNm</ns8:dstrctNm>
                <ns8:cntyNm>ges:cntyNm</ns8:cntyNm>
                <ns8:lattdInDegrs>ges:lattdInDegrs</ns8:lattdInDegrs>
                <ns8:lngtdInDegrs>ges:lngtdInDegrs</ns8:lngtdInDegrs>
                <ns8:coBusUnt>ges:coBusUnt</ns8:coBusUnt>
                <ns8:cntryNm>ges:cntryNm</ns8:cntryNm>
                <ns8:geoRsltnLvlId>0</ns8:geoRsltnLvlId>
                <ns8:mtchky>ges:mtchky</ns8:mtchky>
                <ns8:addrConfdncPc>0.0</ns8:addrConfdncPc>
                <ns8:addrLn1>ges:addrLn1</ns8:addrLn1>
                <ns8:addrLn2>ges:addrLn2</ns8:addrLn2>
                <ns8:addrLn3>ges:addrLn3</ns8:addrLn3>
                <ns8:addrLn4>ges:addrLn4</ns8:addrLn4>
                <ns8:multiMtchCnt>0</ns8:multiMtchCnt>
                <ns8:geoStat>ges:geoStat</ns8:geoStat>
                <ns8:geoStatCd>ges:geoStatCd</ns8:geoStatCd>
                <ns8:geoStatDesc>ges:geoStatDesc</ns8:geoStatDesc>
                <ns8:mtchSqn>0</ns8:mtchSqn>
                <ns8:addrStatDesc>ges:addrStatDesc</ns8:addrStatDesc>
                <ns8:locPrecision>ges:locPrecision</ns8:locPrecision>
                <ns8:addrStat>ges:addrStat</ns8:addrStat>
                <ns8:sovLocId>0</ns8:sovLocId>
                <ns8:canAr>ges:canAr</ns8:canAr>
                <ns8:canFloodZn>ges:canFloodZn</ns8:canFloodZn>
                <ns8:canPrvnc>ges:canPrvnc</ns8:canPrvnc>
                <ns8:canRiver>ges:canRiver</ns8:canRiver>
                <ns8:canStat>ges:canStat</ns8:canStat>
                <ns8:canStatCd>ges:canStatCd</ns8:canStatCd>
                <ns8:canStatDesc>ges:canStatDesc</ns8:canStatDesc>
                <ns8:crCntryFip>ges:crCntryFip</ns8:crCntryFip>
                <ns8:crCrestaId>ges:crCrestaId</ns8:crCrestaId>
                <ns8:crFips>ges:crFips</ns8:crFips>
                <ns8:crGeocd>ges:crGeocd</ns8:crGeocd>
                <ns8:crIso3Alph>ges:crIso3Alph</ns8:crIso3Alph>
                <ns8:crIso3No>ges:crIso3No</ns8:crIso3No>
                <ns8:crPerlTyp>ges:crPerlTyp</ns8:crPerlTyp>
                <ns8:crStFips>ges:crStFips</ns8:crStFips>
                <ns8:crSbIso>ges:crSbIso</ns8:crSbIso>
                <ns8:crZnNo>ges:crZnNo</ns8:crZnNo>
                <ns8:crDcmntat>ges:crDcmntat</ns8:crDcmntat>
                <ns8:crNm>ges:crNm</ns8:crNm>
                <ns8:crStat>ges:crStat</ns8:crStat>
                <ns8:crStatCd>ges:crStatCd</ns8:crStatCd>
                <ns8:crStatDesc>ges:crStatDesc</ns8:crStatDesc>
                <ns8:crszCntryFip>ges:crszCntryFip</ns8:crszCntryFip>
                <ns8:crszCrestaId>ges:crszCrestaId</ns8:crszCrestaId>
                <ns8:crszFips>ges:crszFips</ns8:crszFips>
                <ns8:crszGeocd>ges:crszGeocd</ns8:crszGeocd>
                <ns8:crszIso3Alph>ges:crszIso3Alph</ns8:crszIso3Alph>
                <ns8:crszIso3No>ges:crszIso3No</ns8:crszIso3No>
                <ns8:crszPerlTyp>ges:crszPerlTyp</ns8:crszPerlTyp>
                <ns8:crszStFips>ges:crszStFips</ns8:crszStFips>
                <ns8:crszSbIso>ges:crszSbIso</ns8:crszSbIso>
                <ns8:crszSznNo>ges:crszSznNo</ns8:crszSznNo>
                <ns8:crszDcmntat>ges:crszDcmntat</ns8:crszDcmntat>
                <ns8:crszNm>ges:crszNm</ns8:crszNm>
                <ns8:crszParZoNum>ges:crszParZoNum</ns8:crszParZoNum>
                <ns8:crszTyp>ges:crszTyp</ns8:crszTyp>
                <ns8:crszStat>ges:crszStat</ns8:crszStat>
                <ns8:crszStatCd>ges:crszStatCd</ns8:crszStatCd>
                <ns8:crszStatDesc>ges:crszStatDesc</ns8:crszStatDesc>
                <ns8:addrXtensn>ges:addrXtensn</ns8:addrXtensn>
                <ns8:nonvlidateColList>ges:nonvlidateColList</ns8:nonvlidateColList>
                <ns8:dstnc>ges:dstnc</ns8:dstnc>
                <ns8:dstncUnt>ges:dstncUnt</ns8:dstncUnt>
              </ns8:pbException>
              <ns8:isRequestForUpdate>true</ns8:isRequestForUpdate>
            </ns7:sovLocation>
          </ns7:location>
          <ns7:location>
            <ns7:sovLocation>
              <ns8:version/>
              <ns8:sovLocId>0</ns8:sovLocId>
              <ns8:matchScore>0</ns8:matchScore>
              <ns8:agreementRequestId name="Policy Number"/>
              <ns8:structure>
                <ns8:structureId>0</ns8:structureId>
                <ns8:typeId>0</ns8:typeId>
                <ns8:physObjectId>0</ns8:physObjectId>
                <ns8:constructionType>
                  <ns8:constrnTypCd/>
                  <ns8:constrnTypDs/>
                  <ns8:constrnTypId>0</ns8:constrnTypId>
                  <ns8:clsfctnScheme/>
                </ns8:constructionType>
                <ns8:occupationType>
                  <ns8:ocptnTypCd/>
                  <ns8:ocptnTypDs/>
                  <ns8:ocptnTypId>0</ns8:ocptnTypId>
                  <ns8:clsfctnScheme/>
                </ns8:occupationType>
                <ns8:structureType/>
                <ns8:name/>
                <ns8:description/>
                <ns8:basicDataIncomplete/>
                <ns8:populationInfoId>0</ns8:populationInfoId>
                <ns8:effectiveFromDate>2014-12-31+05:30</ns8:effectiveFromDate>
                <ns8:effectiveToDate>2014-12-31+05:30</ns8:effectiveToDate>
                <ns8:xtrnlRefNo/>
                <ns8:noOfRsks>0</ns8:noOfRsks>
                <ns8:bldgValAm>0</ns8:bldgValAm>
                <ns8:cntntsValAm>0</ns8:cntntsValAm>
                <ns8:biValAm>0</ns8:biValAm>
                <ns8:totalPropertyDamageValueAm>0</ns8:totalPropertyDamageValueAm>
                <ns8:totalSumInsuredValueAm>0</ns8:totalSumInsuredValueAm>
                <ns8:flrAr/>
                <ns8:flrArUom/>
                <ns8:bltYr>0</ns8:bltYr>
                <ns8:noOfStories>0</ns8:noOfStories>
                <ns8:bldgHght/>
                <ns8:bldgHghtUom/>
                <ns8:lastUpgraddYr>0</ns8:lastUpgraddYr>
                <ns8:flrOfInt/>
                <ns8:constrnTypTx/>
                <ns8:ocptnTypTx/>
                <ns8:currntVersnFl/>
                <ns8:creatTs>2014-12-31T12:32:28.781+05:30</ns8:creatTs>
                <ns8:creatUsrId/>
                <ns8:updTs>2014-12-31T12:32:28.781+05:30</ns8:updTs>
                <ns8:updUsrId/>
                <ns8:srcFileNm/>
                <ns8:siteNm/>
                <ns8:coNmBusUnt/>
                <ns8:prmryBldgIn/>
                <ns8:currency>
                  <ns8:crncyCd/>
                  <ns8:crncyDs/>
                  <ns8:efctvDt>2014-12-31+05:30</ns8:efctvDt>
                  <ns8:isoAlphCrncyCd/>
                  <ns8:crncyId>0</ns8:crncyId>
                  <ns8:isoNmrcCrncyCd>0</ns8:isoNmrcCrncyCd>
                </ns8:currency>
                <ns8:structureSecModifier/>
                <ns8:sic3DCd>0</ns8:sic3DCd>
                <ns8:sic4DCd>0</ns8:sic4DCd>
                <ns8:sicGroup/>
                <ns8:sicDesc/>
                <ns8:uwtngMngmtAdjsmt/>
                <ns8:graspLocId/>
                <ns8:aeNm/>
                <ns8:sentForITV>false</ns8:sentForITV>
                <ns8:ITVValtnDt>2014-12-31+05:30</ns8:ITVValtnDt>
                <ns8:chngPct>0</ns8:chngPct>
                <ns8:DQI>0</ns8:DQI>
                <ns8:strValtnId>0</ns8:strValtnId>
                <ns8:TEVal>0</ns8:TEVal>
                <ns8:ttl>0</ns8:ttl>
                <ns8:typId>0</ns8:typId>
                <ns8:LocationCoverages/>
                <ns8:LocationNonCoverages/>
                <ns8:SiteCampusId/>
              </ns8:structure>
              <ns8:physicalObject>
                <ns8:physObjectId>0</ns8:physObjectId>
                <ns8:typeId>0</ns8:typeId>
                <ns8:populationInfoId>0</ns8:populationInfoId>
                <ns8:creatTs>2014-12-31T12:32:28.781+05:30</ns8:creatTs>
                <ns8:creatUsrId/>
                <ns8:updTs>2014-12-31T12:32:28.781+05:30</ns8:updTs>
                <ns8:updUsrId/>
                <ns8:graspInfo>
                  <ns8:engnrgBldgVal>0</ns8:engnrgBldgVal>
                  <ns8:engnrgMachryVal>0</ns8:engnrgMachryVal>
                  <ns8:ibi>0</ns8:ibi>
                  <ns8:floodZnWithinPropLn/>
                  <ns8:floodZn1000ftFromPropLn/>
                  <ns8:surgeXpsr/>
                  <ns8:hailstormXpsr/>
                  <ns8:snowLodXpsr/>
                  <ns8:othCatXpsr/>
                  <ns8:engnrgOvrrdHzrdGrd/>
                  <ns8:ovrlHeRtg>0</ns8:ovrlHeRtg>
                  <ns8:locRskRtgFire>0</ns8:locRskRtgFire>
                  <ns8:locRskRtgCat>0</ns8:locRskRtgCat>
                  <ns8:locRskRtgCompst>0</ns8:locRskRtgCompst>
                  <ns8:ttlOcpdBldgAr>0</ns8:ttlOcpdBldgAr>
                  <ns8:ttlOcpdStories>0</ns8:ttlOcpdStories>
                  <ns8:adqtAutmtcSprnklrsPct>0</ns8:adqtAutmtcSprnklrsPct>
                  <ns8:neededAutmtcSprnklrsPct>0</ns8:neededAutmtcSprnklrsPct>
                  <ns8:autmtcSprnklrsPct>0</ns8:autmtcSprnklrsPct>
                  <ns8:predominantConstrnCls/>
                  <ns8:predominantPrtctnCls/>
                  <ns8:surgeTtlLe>0</ns8:surgeTtlLe>
                  <ns8:floodTtlLe100Yr>0</ns8:floodTtlLe100Yr>
                  <ns8:floodTtlLe500Yr>0</ns8:floodTtlLe500Yr>
                  <ns8:floodTtlLe>0</ns8:floodTtlLe>
                  <ns8:floodTtlMfl>0</ns8:floodTtlMfl>
                  <ns8:wndTtlLe100Yr>0</ns8:wndTtlLe100Yr>
                  <ns8:wndTtlLe500Yr/>
                  <ns8:wndTtlNle>0</ns8:wndTtlNle>
                  <ns8:eqLe>0</ns8:eqLe>
                  <ns8:ttlMfl>0</ns8:ttlMfl>
                  <ns8:ttlEml>0</ns8:ttlEml>
                  <ns8:ttlPml>0</ns8:ttlPml>
                  <ns8:ttlMas>0</ns8:ttlMas>
                  <ns8:ttlNle>0</ns8:ttlNle>
                  <ns8:ttlLe>0</ns8:ttlLe>
                  <ns8:ttlObjLos>0</ns8:ttlObjLos>
                  <ns8:locCls/>
                  <ns8:fireIndx/>
                  <ns8:xplosnIndx/>
                  <ns8:xplosnRskAdqtlyEngnred/>
                  <ns8:fldDesktpAsesd/>
                  <ns8:engnrgSrc/>
                  <ns8:graspCntntVal>0</ns8:graspCntntVal>
                  <ns8:graspTmElmntVal>0</ns8:graspTmElmntVal>
                  <ns8:graspTpdVal>0</ns8:graspTpdVal>
                  <ns8:graspLat>0</ns8:graspLat>
                  <ns8:graspLng>0</ns8:graspLng>
                  <ns8:graspPrecisionCd>0</ns8:graspPrecisionCd>
                </ns8:graspInfo>
              </ns8:physicalObject>
              <ns8:actvIn/>
              <ns8:effectiveFromDate>2014-12-31+05:30</ns8:effectiveFromDate>
              <ns8:effectiveToDate>2014-12-31+05:30</ns8:effectiveToDate>
              <ns8:geographicArea>
                <ns8:ggrphcArId>0</ns8:ggrphcArId>
                <ns8:typNm/>
                <ns8:vlidFromTs>2014-12-31T12:32:28.796+05:30</ns8:vlidFromTs>
                <ns8:vlidToTs>2014-12-31T12:32:28.796+05:30</ns8:vlidToTs>
                <ns8:ctyNm/>
                <ns8:addr/>
                <ns8:postalCd/>
                <ns8:stNm/>
                <ns8:dstrctNm/>
                <ns8:cntyNm/>
                <ns8:lattdInDegrs/>
                <ns8:lngtdInDegrs/>
                <ns8:cntryNm/>
                <ns8:langCd/>
                <ns8:geoRsltnLvlId>0</ns8:geoRsltnLvlId>
                <ns8:addrConfdncPc>0</ns8:addrConfdncPc>
                <ns8:addrXtensn/>
                <ns8:isAddrStndrdizedIn/>
                <ns8:locPrecision/>
                <ns8:crestaZone>
                  <ns8:crestaZnId>0</ns8:crestaZnId>
                  <ns8:crCntryFip/>
                  <ns8:crCrestaId/>
                  <ns8:crFips/>
                  <ns8:crGeocd/>
                  <ns8:crIso3Alph/>
                  <ns8:crIso3No/>
                  <ns8:crPerlTyp/>
                  <ns8:crStFips/>
                  <ns8:crSbIso/>
                  <ns8:crZnNo/>
                  <ns8:crDcmntat/>
                  <ns8:crNm/>
                </ns8:crestaZone>
                <ns8:subcrestaZone>
                  <ns8:crszCntryFip/>
                  <ns8:crszCrestaId/>
                  <ns8:crszFips/>
                  <ns8:crszGeocd/>
                  <ns8:crszIso3Alph/>
                  <ns8:crszIso3No/>
                  <ns8:crszPerlTyp/>
                  <ns8:crszStFips/>
                  <ns8:crszSbIso/>
                  <ns8:crszSznNo/>
                  <ns8:crszDcmntat/>
                  <ns8:crszNm/>
                  <ns8:crszParZoNum/>
                  <ns8:crszTyp/>
                  <ns8:sbcrestaZnId>0</ns8:sbcrestaZnId>
                </ns8:subcrestaZone>
                <ns8:cntryId>0</ns8:cntryId>
                <ns8:placeId>0</ns8:placeId>
                <ns8:basicdataIncomplete/>
                <ns8:addr2/>
                <ns8:blok/>
                <ns8:blokGrp/>
                <ns8:geoCdId>0</ns8:geoCdId>
                <ns8:geoCdTyId>0</ns8:geoCdTyId>
                <ns8:geoCdTyNm/>
                <ns8:LocationHazards/>
              </ns8:geographicArea>
              <ns8:autoAugmentIn/>
              <ns8:esbCrossReferenceInfo>
                <ns8:prcsngStatCd>MDM_DEDUP_EXCP</ns8:prcsngStatCd>
                <ns8:prcsngStatTs>2014-12-31T12:33:15.625+05:30</ns8:prcsngStatTs>
                <ns8:retryCnt>0</ns8:retryCnt>
                <ns8:sovLocId>0</ns8:sovLocId>
                <ns8:errMsg/>
                <ns8:augmentStatIn/>
              </ns8:esbCrossReferenceInfo>
              <ns8:isRequestForUpdate>false</ns8:isRequestForUpdate>
            </ns7:sovLocation>
          </ns7:location>
          <ns7:NoOfLocations>tns2:NoOfLocations</ns7:NoOfLocations>
          <ns7:SovId>tns2:SovId</ns7:SovId>
          <ns7:SovVersionId>tns2:SovVersionId</ns7:SovVersionId>
        </ns7:arrayOfLocations>
      </ns7:filterRecordsInput>
    </ns6:filterRecordsRequestParameter>
    <ns9:RequestHeader>
      <ns9:ServiceRequestContext>
        <ServiceInvocationOriginator>ServiceInvocationOriginator</ServiceInvocationOriginator>
        <ServiceInvoker>ServiceInvoker</ServiceInvoker>
        <ServiceProvider>ServiceProvider</ServiceProvider>
        <ClientId>ClientId</ClientId>
        <UserID>UserID</UserID>
        <RequestMessageId>RequestMessageId</RequestMessageId>
        <RequestTimestamp>2001-12-31T12:00:00.000+05:30</RequestTimestamp>
        <InteractionProtocol>SynchronousRequestAndResponse</InteractionProtocol>
        <CallbackURI>CallbackURI</CallbackURI>
        <ServiceInvocationChainEnabled>true</ServiceInvocationChainEnabled>
      </ns9:ServiceRequestContext>
    </ns9:RequestHeader>
  </body>
  <attachments>
    <contentID>http://tempuri.org</contentID>
    <contentType>token</contentType>
    <data>MA==</data>
  </attachments>
</ns0:smo>