<?xml version="1.0" encoding="UTF-8"?><io3:smo xmlns:io3="http://www.ibm.com/websphere/sibx/smo/v6.0.1" xmlns:tns="http://aig.us.com/ges/schema" xmlns:ges="http://aig.us.com/ges" xmlns:io14="http://www.w3.org/2005/08/addressing" xmlns:io13="http://GES_MF_CommonService/bo" xmlns:xsd4xsd="http://www.w3.org/2001/XMLSchema" xmlns:io12="http://GES_Lib_Common/bo" xmlns:io11="http://www.ibm.com/xmlns/prod/websphere/http/sca/6.1.0" xmlns:io10="http://aig.us.com/ges/schema" xmlns:io9="http://aig.us.com/ges" xmlns:io8="http://schemas.xmlsoap.org/ws/2004/08/addressing" xmlns:io7="http://www.ibm.com/xmlns/prod/websphere/mq/sca/6.0.0" xmlns:io6="http://aig.com/CommonHeaderV12" xmlns:io5="http://aig.us.com/ges/services/GESCommonServiceV2" xmlns:io4="http://aig.us.com/ges/common/v3" xmlns:xsi="http://www.w3.org/2001/XMLSchema-instance" xmlns:io2="http://www.w3.org/2003/05/soap-envelope" xmlns:io="wsdl.http://aig.us.com/ges/services/GESCommonServiceV2">
  <context>
    <correlation xsi:type="io12:ExceptionObj">
      <errorCode>errorCode</errorCode>
    </correlation>
    <transient xsi:type="io13:CommonServiceTransientContext">
      <PB_MULTI_MATCH>PB_MULTI_MATCH</PB_MULTI_MATCH>
      <MDM_DEDUP_EXCP>MDM_DEDUP_EXCP</MDM_DEDUP_EXCP>
      <FAILED>FAILED</FAILED>
      <PENDING_DA>PENDING_DA</PENDING_DA>
      <DoNotAutoScrub>DoNotAutoScrub</DoNotAutoScrub>
      <AutoScrub>AutoScrub</AutoScrub>
    </transient>
    <failInfo>
      <failureString>failureString</failureString>
      <origin>origin</origin>
      <invocationPath xmlns:ns0="http://www.ibm.com/websphere/sibx/smo/v6.0.1" xmlns:ns1="http://schemas.xmlsoap.org/ws/2004/08/addressing" xmlns:ns4="http://www.ibm.com/xmlns/prod/websphere/http/sca/6.1.0" xmlns:ns5="http://www.w3.org/2005/08/addressing" xmlns:ns6="http://aig.us.com/ges/services/GESCommonServiceV2" xmlns:ns7="http://aig.us.com/ges/schema" xmlns:ns8="http://aig.us.com/ges" xmlns:ns9="http://aig.com/CommonHeaderV12" xmlns:soap12="http://www.w3.org/2003/05/soap-envelope">
        <primitive inTerminal="" name="" outTerminal=""/>
      </invocationPath>
      <predecessor xmlns:ns0="http://www.ibm.com/websphere/sibx/smo/v6.0.1" xmlns:ns1="http://schemas.xmlsoap.org/ws/2004/08/addressing" xmlns:ns4="http://www.ibm.com/xmlns/prod/websphere/http/sca/6.1.0" xmlns:ns5="http://www.w3.org/2005/08/addressing" xmlns:ns6="http://aig.us.com/ges/services/GESCommonServiceV2" xmlns:ns7="http://aig.us.com/ges/schema" xmlns:ns8="http://aig.us.com/ges" xmlns:ns9="http://aig.com/CommonHeaderV12" xmlns:soap12="http://www.w3.org/2003/05/soap-envelope"/>
    </failInfo>
    <primitiveContext>
      <EndpointLookupContext>
        <endpointReference>
          <io8:Address>http://tempuri.org</io8:Address>
          <io8:ReferenceProperties/>
          <io8:ReferenceParameters/>
          <io8:PortType>QName</io8:PortType>
          <io8:ServiceName PortName="NCName">QName</io8:ServiceName>
        </endpointReference>
        <registryAnnotations>
          <property>
            <name>name</name>
            <value>value</value>
          </property>
          <classification>http://tempuri.org</classification>
          <relationship>
            <relationshipName>relationshipName</relationshipName>
            <targetName>targetName</targetName>
            <targetNamespace>http://tempuri.org</targetNamespace>
            <targetVersion>targetVersion</targetVersion>
          </relationship>
        </registryAnnotations>
      </EndpointLookupContext>
      <FanOutContext>
        <iteration>0</iteration>
        <occurrence xmlns:ns0="http://www.ibm.com/websphere/sibx/smo/v6.0.1" xmlns:ns1="http://schemas.xmlsoap.org/ws/2004/08/addressing" xmlns:ns4="http://www.ibm.com/xmlns/prod/websphere/http/sca/6.1.0" xmlns:ns5="http://www.w3.org/2005/08/addressing" xmlns:ns6="http://aig.us.com/ges/services/GESCommonServiceV2" xmlns:ns7="http://aig.us.com/ges/schema" xmlns:ns8="http://aig.us.com/ges" xmlns:ns9="http://aig.com/CommonHeaderV12" xmlns:soap12="http://www.w3.org/2003/05/soap-envelope"/>
      </FanOutContext>
      <WTXContext>
        <mapServerLocation>http://tempuri.org</mapServerLocation>
        <dynamicMap>0F00</dynamicMap>
        <mapInstances>
          <mapInstance>0</mapInstance>
          <auditInfo>auditInfo</auditInfo>
        </mapInstances>
      </WTXContext>
    </primitiveContext>
    <shared xmlns:ns0="http://www.ibm.com/websphere/sibx/smo/v6.0.1" xmlns:ns1="http://schemas.xmlsoap.org/ws/2004/08/addressing" xmlns:ns4="http://www.ibm.com/xmlns/prod/websphere/http/sca/6.1.0" xmlns:ns5="http://www.w3.org/2005/08/addressing" xmlns:ns6="http://aig.us.com/ges/services/GESCommonServiceV2" xmlns:ns7="http://aig.us.com/ges/schema" xmlns:ns8="http://aig.us.com/ges" xmlns:ns9="http://aig.com/CommonHeaderV12" xmlns:soap12="http://www.w3.org/2003/05/soap-envelope"/>
    <dynamicProperty isPropagated="true">
      <propertySets>
        <group>group</group>
        <properties>
          <name>name</name>
          <value>value</value>
          <type>type</type>
        </properties>
      </propertySets>
    </dynamicProperty>
    <userContext>
      <entries>
        <name>name</name>
        <value xmlns:ns0="http://www.ibm.com/websphere/sibx/smo/v6.0.1" xmlns:ns1="http://schemas.xmlsoap.org/ws/2004/08/addressing" xmlns:ns4="http://www.ibm.com/xmlns/prod/websphere/http/sca/6.1.0" xmlns:ns5="http://www.w3.org/2005/08/addressing" xmlns:ns6="http://aig.us.com/ges/services/GESCommonServiceV2" xmlns:ns7="http://aig.us.com/ges/schema" xmlns:ns8="http://aig.us.com/ges" xmlns:ns9="http://aig.com/CommonHeaderV12" xmlns:soap12="http://www.w3.org/2003/05/soap-envelope"/>
        <type>type</type>
      </entries>
    </userContext>
  </context>
  <headers>
    <SMOHeader>
      <MessageUUID>MessageUUID</MessageUUID>
      <Version>
        <Version>0</Version>
        <Release>0</Release>
        <Modification>0</Modification>
      </Version>
      <MessageType>MessageType</MessageType>
      <Operation>Operation</Operation>
      <Action>Action</Action>
      <Target bindingType="NotSet" import="" repositoryMetadata="">
        <address>http://tempuri.org</address>
      </Target>
      <AlternateTarget bindingType="NotSet" import="" repositoryMetadata="">
        <address>http://tempuri.org</address>
      </AlternateTarget>
      <SourceNode>SourceNode</SourceNode>
      <SourceBindingType>NotSet</SourceBindingType>
      <Interface>Interface</Interface>
    </SMOHeader>
    <JMSHeader>
      <JMSDestination>http://tempuri.org</JMSDestination>
      <JMSDeliveryMode>NonPersistent</JMSDeliveryMode>
      <JMSMessageID>JMSMessageID</JMSMessageID>
      <JMSTimestamp>0</JMSTimestamp>
      <JMSCorrelationID>JMSCorrelationID</JMSCorrelationID>
      <JMSReplyTo>http://tempuri.org</JMSReplyTo>
      <JMSRedelivered>true</JMSRedelivered>
      <JMSType>JMSType</JMSType>
      <JMSExpiration>0</JMSExpiration>
      <JMSPriority>0</JMSPriority>
    </JMSHeader>
    <SOAPHeader>
      <nameSpace>http://tempuri.org</nameSpace>
      <name>NCName</name>
      <prefix>NCName</prefix>
      <value xmlns:ns0="http://www.ibm.com/websphere/sibx/smo/v6.0.1" xmlns:ns1="http://schemas.xmlsoap.org/ws/2004/08/addressing" xmlns:ns4="http://www.ibm.com/xmlns/prod/websphere/http/sca/6.1.0" xmlns:ns5="http://www.w3.org/2005/08/addressing" xmlns:ns6="http://aig.us.com/ges/services/GESCommonServiceV2" xmlns:ns7="http://aig.us.com/ges/schema" xmlns:ns8="http://aig.us.com/ges" xmlns:ns9="http://aig.com/CommonHeaderV12" xmlns:soap12="http://www.w3.org/2003/05/soap-envelope"/>
    </SOAPHeader>
    <SOAPFaultInfo>
      <faultcode>QName</faultcode>
      <faultstring>faultstring</faultstring>
      <faultactor>http://tempuri.org</faultactor>
      <extendedFaultInfo>
        <Code>
          <io2:Value>ns2://www.w3.org/2003/05/soap-envelope}DataEncodingUnknown</io2:Value>
          <io2:Subcode>
            <io2:Value>QName</io2:Value>
            <soap12:Subcode xmlns:soap12="http://www.w3.org/2003/05/soap-envelope" xmlns:ns0="http://www.ibm.com/websphere/sibx/smo/v6.0.1" xmlns:ns1="http://schemas.xmlsoap.org/ws/2004/08/addressing" xmlns:ns4="http://www.ibm.com/xmlns/prod/websphere/http/sca/6.1.0" xmlns:ns5="http://www.w3.org/2005/08/addressing" xmlns:ns6="http://aig.us.com/ges/services/GESCommonServiceV2" xmlns:ns7="http://aig.us.com/ges/schema" xmlns:ns8="http://aig.us.com/ges" xmlns:ns9="http://aig.com/CommonHeaderV12"/>
          </io2:Subcode>
        </Code>
        <Reason>
          <io2:Text xml:lang="">tns4:Text</io2:Text>
        </Reason>
        <Node>http://tempuri.org</Node>
        <Role>http://tempuri.org</Role>
      </extendedFaultInfo>
    </SOAPFaultInfo>
    <properties>
      <name>name</name>
      <value>value</value>
      <type>type</type>
    </properties>
    <MQHeader>
      <md>
        <Report>0</Report>
        <MsgType>0</MsgType>
        <Expiry>0</Expiry>
        <Feedback>0</Feedback>
        <Priority>0</Priority>
        <Persistence>0</Persistence>
        <MsgId>0F00</MsgId>
        <CorrelId>0F00</CorrelId>
        <BackoutCount>0</BackoutCount>
        <ReplyToQ>ReplyToQ</ReplyToQ>
        <ReplyToQMgr>ReplyToQMgr</ReplyToQMgr>
        <UserIdentifier>UserIdentifier</UserIdentifier>
        <AccountingToken>0F00</AccountingToken>
        <ApplIdentityData>ApplIdentityData</ApplIdentityData>
        <PutApplType>0</PutApplType>
        <PutApplName>PutApplName</PutApplName>
        <PutDate>PutDate</PutDate>
        <PutTime>PutTime</PutTime>
        <ApplOriginData>ApplOriginData</ApplOriginData>
        <GroupId>0F00</GroupId>
        <MsgSeqNumber>0</MsgSeqNumber>
        <Offset>0</Offset>
        <MsgFlags>0</MsgFlags>
        <OriginalLength>0</OriginalLength>
      </md>
      <control/>
      <header>
        <Encoding>0</Encoding>
        <CodedCharSetId>0</CodedCharSetId>
        <Format>Format</Format>
        <value xmlns:ns0="http://www.ibm.com/websphere/sibx/smo/v6.0.1" xmlns:ns1="http://schemas.xmlsoap.org/ws/2004/08/addressing" xmlns:ns4="http://www.ibm.com/xmlns/prod/websphere/http/sca/6.1.0" xmlns:ns5="http://www.w3.org/2005/08/addressing" xmlns:ns6="http://aig.us.com/ges/services/GESCommonServiceV2" xmlns:ns7="http://aig.us.com/ges/schema" xmlns:ns8="http://aig.us.com/ges" xmlns:ns9="http://aig.com/CommonHeaderV12" xmlns:soap12="http://www.w3.org/2003/05/soap-envelope"/>
      </header>
    </MQHeader>
    <HTTPHeader>
      <control>
        <io11:URL>http://tempuri.org</io11:URL>
        <io11:Version>1.0</io11:Version>
        <io11:Method>httpsca:Method</io11:Method>
        <io11:DynamicOverrideURL>http://tempuri.org</io11:DynamicOverrideURL>
        <io11:DynamicOverrideVersion>1.0</io11:DynamicOverrideVersion>
        <io11:DynamicOverrideMethod>httpsca:DynamicOverrideMethod</io11:DynamicOverrideMethod>
        <io11:MediaType>httpsca:MediaType</io11:MediaType>
        <io11:Charset>httpsca:Charset</io11:Charset>
        <io11:TransferEncoding>httpsca:TransferEncoding</io11:TransferEncoding>
        <io11:ContentEncoding>httpsca:ContentEncoding</io11:ContentEncoding>
        <io11:StatusCode>0</io11:StatusCode>
        <io11:ReasonPhrase>httpsca:ReasonPhrase</io11:ReasonPhrase>
        <io11:ContentLength>0</io11:ContentLength>
        <io11:ExportContextPath>httpsca:ExportContextPath</io11:ExportContextPath>
        <io11:Authentication>
          <io11:credentials>
            <io11:userId>httpsca:userId</io11:userId>
            <io11:password>httpsca:password</io11:password>
          </io11:credentials>
          <io11:authenticationType>Basic</io11:authenticationType>
        </io11:Authentication>
        <io11:SSLSettings>
          <io11:SSLVersion>SSL</io11:SSLVersion>
          <io11:SSLDebug>false</io11:SSLDebug>
          <io11:KeyStoreType>JKS</io11:KeyStoreType>
          <io11:TrustStoreType>JKS</io11:TrustStoreType>
          <io11:KeyStore>httpsca:KeyStore</io11:KeyStore>
          <io11:KeyStoreAlias>httpsca:KeyStoreAlias</io11:KeyStoreAlias>
          <io11:KeyStorePassword>httpsca:KeyStorePassword</io11:KeyStorePassword>
          <io11:TrustStore>httpsca:TrustStore</io11:TrustStore>
          <io11:TrustStorePassword>httpsca:TrustStorePassword</io11:TrustStorePassword>
          <io11:UseClientAuth>false</io11:UseClientAuth>
        </io11:SSLSettings>
        <io11:ProxySettings>
          <io11:proxyHost>httpsca:proxyHost</io11:proxyHost>
          <io11:proxyPort>0</io11:proxyPort>
          <io11:proxyType>http</io11:proxyType>
          <io11:proxyCredentials>
            <io11:userId>httpsca:userId</io11:userId>
            <io11:password>httpsca:password</io11:password>
          </io11:proxyCredentials>
          <io11:nonProxyHost>httpsca:nonProxyHost</io11:nonProxyHost>
        </io11:ProxySettings>
      </control>
      <header>
        <io11:name>httpsca:name</io11:name>
        <io11:value>httpsca:value</io11:value>
      </header>
    </HTTPHeader>
    <EISHeader>
      <EISInteractionSpec xmlns:ns0="http://www.ibm.com/websphere/sibx/smo/v6.0.1" xmlns:ns1="http://schemas.xmlsoap.org/ws/2004/08/addressing" xmlns:ns4="http://www.ibm.com/xmlns/prod/websphere/http/sca/6.1.0" xmlns:ns5="http://www.w3.org/2005/08/addressing" xmlns:ns6="http://aig.us.com/ges/services/GESCommonServiceV2" xmlns:ns7="http://aig.us.com/ges/schema" xmlns:ns8="http://aig.us.com/ges" xmlns:ns9="http://aig.com/CommonHeaderV12" xmlns:soap12="http://www.w3.org/2003/05/soap-envelope"/>
      <EISConnectionSpec xmlns:ns0="http://www.ibm.com/websphere/sibx/smo/v6.0.1" xmlns:ns1="http://schemas.xmlsoap.org/ws/2004/08/addressing" xmlns:ns4="http://www.ibm.com/xmlns/prod/websphere/http/sca/6.1.0" xmlns:ns5="http://www.w3.org/2005/08/addressing" xmlns:ns6="http://aig.us.com/ges/services/GESCommonServiceV2" xmlns:ns7="http://aig.us.com/ges/schema" xmlns:ns8="http://aig.us.com/ges" xmlns:ns9="http://aig.com/CommonHeaderV12" xmlns:soap12="http://www.w3.org/2003/05/soap-envelope"/>
    </EISHeader>
    <WSAHeader version="http://www.w3.org/2005/08/addressing">
      <io14:To>http://tempuri.org</io14:To>
      <ReferenceParameters/>
      <io14:From>
        <io14:Address>http://tempuri.org</io14:Address>
        <io14:ReferenceParameters/>
        <io14:Metadata/>
      </io14:From>
      <io14:ReplyTo>
        <io14:Address>http://tempuri.org</io14:Address>
        <io14:ReferenceParameters/>
        <io14:Metadata/>
      </io14:ReplyTo>
      <io14:FaultTo>
        <io14:Address>http://tempuri.org</io14:Address>
        <io14:ReferenceParameters/>
        <io14:Metadata/>
      </io14:FaultTo>
      <io14:Action>http://tempuri.org</io14:Action>
      <io14:MessageID>http://tempuri.org</io14:MessageID>
      <io14:RelatesTo RelationshipType="http://www.w3.org/2005/08/addressing/reply">http://tempuri.org</io14:RelatesTo>
    </WSAHeader>
  </headers>
  <body xsi:type="io:filterRecordsResponseMsg">
    <io5:filterRecordsResponseParameter>
      <io10:version>tns2:version</io10:version>
      <io10:filterRecordsResult>
        <io10:mdmExceptionLocations>
          <io10:mdmExceptionlocations>
            <io10:version>tns2:version</io10:version>
            <io10:location>
              <io10:sovLocation>
                <io9:version/>
                <io9:sovLocId>0</io9:sovLocId>
                <io9:matchScore>0</io9:matchScore>
                <io9:agreementRequestId name="Policy Number"/>
                <io9:structure>
                  <io9:structureId>0</io9:structureId>
                  <io9:typeId>0</io9:typeId>
                  <io9:physObjectId>0</io9:physObjectId>
                  <io9:constructionType>
                    <io9:constrnTypCd/>
                    <io9:constrnTypDs/>
                    <io9:constrnTypId>0</io9:constrnTypId>
                    <io9:clsfctnScheme/>
                  </io9:constructionType>
                  <io9:occupationType>
                    <io9:ocptnTypCd/>
                    <io9:ocptnTypDs/>
                    <io9:ocptnTypId>0</io9:ocptnTypId>
                    <io9:clsfctnScheme/>
                  </io9:occupationType>
                  <io9:structureType/>
                  <io9:name/>
                  <io9:description/>
                  <io9:basicDataIncomplete/>
                  <io9:populationInfoId>0</io9:populationInfoId>
                  <io9:effectiveFromDate>2014-12-31+05:30</io9:effectiveFromDate>
                  <io9:effectiveToDate>2014-12-31+05:30</io9:effectiveToDate>
                  <io9:xtrnlRefNo/>
                  <io9:noOfRsks>0</io9:noOfRsks>
                  <io9:bldgValAm>0</io9:bldgValAm>
                  <io9:cntntsValAm>0</io9:cntntsValAm>
                  <io9:biValAm>0</io9:biValAm>
                  <io9:totalPropertyDamageValueAm>0</io9:totalPropertyDamageValueAm>
                  <io9:totalSumInsuredValueAm>0</io9:totalSumInsuredValueAm>
                  <io9:flrAr/>
                  <io9:flrArUom/>
                  <io9:bltYr>0</io9:bltYr>
                  <io9:noOfStories>0</io9:noOfStories>
                  <io9:bldgHght/>
                  <io9:bldgHghtUom/>
                  <io9:lastUpgraddYr>0</io9:lastUpgraddYr>
                  <io9:flrOfInt/>
                  <io9:constrnTypTx/>
                  <io9:ocptnTypTx/>
                  <io9:currntVersnFl/>
                  <io9:creatTs>2014-12-31T12:32:28.781+05:30</io9:creatTs>
                  <io9:creatUsrId/>
                  <io9:updTs>2014-12-31T12:32:28.781+05:30</io9:updTs>
                  <io9:updUsrId/>
                  <io9:srcFileNm/>
                  <io9:siteNm/>
                  <io9:coNmBusUnt/>
                  <io9:prmryBldgIn/>
                  <io9:currency>
                    <io9:crncyCd/>
                    <io9:crncyDs/>
                    <io9:efctvDt>2014-12-31+05:30</io9:efctvDt>
                    <io9:isoAlphCrncyCd/>
                    <io9:crncyId>0</io9:crncyId>
                    <io9:isoNmrcCrncyCd>0</io9:isoNmrcCrncyCd>
                  </io9:currency>
                  <io9:structureSecModifier/>
                  <io9:sic3DCd>0</io9:sic3DCd>
                  <io9:sic4DCd>0</io9:sic4DCd>
                  <io9:sicGroup/>
                  <io9:sicDesc/>
                  <io9:uwtngMngmtAdjsmt/>
                  <io9:graspLocId/>
                  <io9:aeNm/>
                  <io9:sentForITV>false</io9:sentForITV>
                  <io9:ITVValtnDt>2014-12-31+05:30</io9:ITVValtnDt>
                  <io9:chngPct>0</io9:chngPct>
                  <io9:DQI>0</io9:DQI>
                  <io9:strValtnId>0</io9:strValtnId>
                  <io9:TEVal>0</io9:TEVal>
                  <io9:ttl>0</io9:ttl>
                  <io9:typId>0</io9:typId>
                  <io9:LocationCoverages/>
                  <io9:LocationNonCoverages/>
                  <io9:SiteCampusId/>
                </io9:structure>
                <io9:physicalObject>
                  <io9:physObjectId>0</io9:physObjectId>
                  <io9:typeId>0</io9:typeId>
                  <io9:populationInfoId>0</io9:populationInfoId>
                  <io9:creatTs>2014-12-31T12:32:28.781+05:30</io9:creatTs>
                  <io9:creatUsrId/>
                  <io9:updTs>2014-12-31T12:32:28.781+05:30</io9:updTs>
                  <io9:updUsrId/>
                  <io9:graspInfo>
                    <io9:engnrgBldgVal>0</io9:engnrgBldgVal>
                    <io9:engnrgMachryVal>0</io9:engnrgMachryVal>
                    <io9:ibi>0</io9:ibi>
                    <io9:floodZnWithinPropLn/>
                    <io9:floodZn1000ftFromPropLn/>
                    <io9:surgeXpsr/>
                    <io9:hailstormXpsr/>
                    <io9:snowLodXpsr/>
                    <io9:othCatXpsr/>
                    <io9:engnrgOvrrdHzrdGrd/>
                    <io9:ovrlHeRtg>0</io9:ovrlHeRtg>
                    <io9:locRskRtgFire>0</io9:locRskRtgFire>
                    <io9:locRskRtgCat>0</io9:locRskRtgCat>
                    <io9:locRskRtgCompst>0</io9:locRskRtgCompst>
                    <io9:ttlOcpdBldgAr>0</io9:ttlOcpdBldgAr>
                    <io9:ttlOcpdStories>0</io9:ttlOcpdStories>
                    <io9:adqtAutmtcSprnklrsPct>0</io9:adqtAutmtcSprnklrsPct>
                    <io9:neededAutmtcSprnklrsPct>0</io9:neededAutmtcSprnklrsPct>
                    <io9:autmtcSprnklrsPct>0</io9:autmtcSprnklrsPct>
                    <io9:predominantConstrnCls/>
                    <io9:predominantPrtctnCls/>
                    <io9:surgeTtlLe>0</io9:surgeTtlLe>
                    <io9:floodTtlLe100Yr>0</io9:floodTtlLe100Yr>
                    <io9:floodTtlLe500Yr>0</io9:floodTtlLe500Yr>
                    <io9:floodTtlLe>0</io9:floodTtlLe>
                    <io9:floodTtlMfl>0</io9:floodTtlMfl>
                    <io9:wndTtlLe100Yr>0</io9:wndTtlLe100Yr>
                    <io9:wndTtlLe500Yr/>
                    <io9:wndTtlNle>0</io9:wndTtlNle>
                    <io9:eqLe>0</io9:eqLe>
                    <io9:ttlMfl>0</io9:ttlMfl>
                    <io9:ttlEml>0</io9:ttlEml>
                    <io9:ttlPml>0</io9:ttlPml>
                    <io9:ttlMas>0</io9:ttlMas>
                    <io9:ttlNle>0</io9:ttlNle>
                    <io9:ttlLe>0</io9:ttlLe>
                    <io9:ttlObjLos>0</io9:ttlObjLos>
                    <io9:locCls/>
                    <io9:fireIndx/>
                    <io9:xplosnIndx/>
                    <io9:xplosnRskAdqtlyEngnred/>
                    <io9:fldDesktpAsesd/>
                    <io9:engnrgSrc/>
                    <io9:graspCntntVal>0</io9:graspCntntVal>
                    <io9:graspTmElmntVal>0</io9:graspTmElmntVal>
                    <io9:graspTpdVal>0</io9:graspTpdVal>
                    <io9:graspLat>0</io9:graspLat>
                    <io9:graspLng>0</io9:graspLng>
                    <io9:graspPrecisionCd>0</io9:graspPrecisionCd>
                  </io9:graspInfo>
                </io9:physicalObject>
                <io9:actvIn/>
                <io9:effectiveFromDate>2014-12-31+05:30</io9:effectiveFromDate>
                <io9:effectiveToDate>2014-12-31+05:30</io9:effectiveToDate>
                <io9:geographicArea>
                  <io9:ggrphcArId>0</io9:ggrphcArId>
                  <io9:typNm/>
                  <io9:vlidFromTs>2014-12-31T12:32:28.796+05:30</io9:vlidFromTs>
                  <io9:vlidToTs>2014-12-31T12:32:28.796+05:30</io9:vlidToTs>
                  <io9:ctyNm/>
                  <io9:addr/>
                  <io9:postalCd/>
                  <io9:stNm/>
                  <io9:dstrctNm/>
                  <io9:cntyNm/>
                  <io9:lattdInDegrs/>
                  <io9:lngtdInDegrs/>
                  <io9:cntryNm/>
                  <io9:langCd/>
                  <io9:geoRsltnLvlId>0</io9:geoRsltnLvlId>
                  <io9:addrConfdncPc>0</io9:addrConfdncPc>
                  <io9:addrXtensn/>
                  <io9:isAddrStndrdizedIn/>
                  <io9:locPrecision/>
                  <io9:crestaZone>
                    <io9:crestaZnId>0</io9:crestaZnId>
                    <io9:crCntryFip/>
                    <io9:crCrestaId/>
                    <io9:crFips/>
                    <io9:crGeocd/>
                    <io9:crIso3Alph/>
                    <io9:crIso3No/>
                    <io9:crPerlTyp/>
                    <io9:crStFips/>
                    <io9:crSbIso/>
                    <io9:crZnNo/>
                    <io9:crDcmntat/>
                    <io9:crNm/>
                  </io9:crestaZone>
                  <io9:subcrestaZone>
                    <io9:crszCntryFip/>
                    <io9:crszCrestaId/>
                    <io9:crszFips/>
                    <io9:crszGeocd/>
                    <io9:crszIso3Alph/>
                    <io9:crszIso3No/>
                    <io9:crszPerlTyp/>
                    <io9:crszStFips/>
                    <io9:crszSbIso/>
                    <io9:crszSznNo/>
                    <io9:crszDcmntat/>
                    <io9:crszNm/>
                    <io9:crszParZoNum/>
                    <io9:crszTyp/>
                    <io9:sbcrestaZnId>0</io9:sbcrestaZnId>
                  </io9:subcrestaZone>
                  <io9:cntryId>0</io9:cntryId>
                  <io9:placeId>0</io9:placeId>
                  <io9:basicdataIncomplete/>
                  <io9:addr2/>
                  <io9:blok/>
                  <io9:blokGrp/>
                  <io9:geoCdId>0</io9:geoCdId>
                  <io9:geoCdTyId>0</io9:geoCdTyId>
                  <io9:geoCdTyNm/>
                  <io9:LocationHazards/>
                </io9:geographicArea>
                <io9:autoAugmentIn/>
                <io9:esbCrossReferenceInfo>
                  <io9:prcsngStatCd>MDM_DEDUP_EXCP</io9:prcsngStatCd>
                  <io9:prcsngStatTs>2014-12-31T12:33:15.625+05:30</io9:prcsngStatTs>
                  <io9:retryCnt>0</io9:retryCnt>
                  <io9:sovLocId>0</io9:sovLocId>
                  <io9:errMsg/>
                  <io9:augmentStatIn/>
                </io9:esbCrossReferenceInfo>
                <io9:isRequestForUpdate>false</io9:isRequestForUpdate>
              </io10:sovLocation>
            </io10:location>
            <io10:NoOfLocations>tns2:NoOfLocations</io10:NoOfLocations>
            <io10:SovId>tns2:SovId</io10:SovId>
            <io10:SovVersionId>tns2:SovVersionId</io10:SovVersionId>
          </io10:mdmExceptionlocations>
        </io10:mdmExceptionLocations>
        <io10:newLocations>
          <io10:newlocations>
            <io10:version>tns2:version</io10:version>
            <io10:location>
              <io10:sovLocation>
                <io9:version>ges:version</io9:version>
                <io9:sovLocId>0</io9:sovLocId>
                <io9:matchScore>0</io9:matchScore>
                <io9:agreementRequestId name="Policy Number">ges:agreementRequestId</io9:agreementRequestId>
                <io9:structure>
                  <io9:structureId>0</io9:structureId>
                  <io9:typeId>0</io9:typeId>
                  <io9:physObjectId>0</io9:physObjectId>
                  <io9:constructionType>
                    <io9:constrnTypCd>ges:constrnTypCd</io9:constrnTypCd>
                    <io9:constrnTypDs>ges:constrnTypDs</io9:constrnTypDs>
                    <io9:constrnTypId>0</io9:constrnTypId>
                    <io9:clsfctnScheme>ges:clsfctnScheme</io9:clsfctnScheme>
                  </io9:constructionType>
                  <io9:occupationType>
                    <io9:ocptnTypCd>ges:ocptnTypCd</io9:ocptnTypCd>
                    <io9:ocptnTypDs>ges:ocptnTypDs</io9:ocptnTypDs>
                    <io9:ocptnTypId>0</io9:ocptnTypId>
                    <io9:clsfctnScheme>ges:clsfctnScheme</io9:clsfctnScheme>
                  </io9:occupationType>
                  <io9:structureType>ges:structureType</io9:structureType>
                  <io9:name>ges:name</io9:name>
                  <io9:description>ges:description</io9:description>
                  <io9:basicDataIncomplete>ges:basicDataIncomplete</io9:basicDataIncomplete>
                  <io9:populationInfoId>0</io9:populationInfoId>
                  <io9:effectiveFromDate>2001-01-01+05:30</io9:effectiveFromDate>
                  <io9:effectiveToDate>2001-01-01+05:30</io9:effectiveToDate>
                  <io9:xtrnlRefNo>ges:xtrnlRefNo</io9:xtrnlRefNo>
                  <io9:noOfRsks>0</io9:noOfRsks>
                  <io9:bldgValAm>0.0</io9:bldgValAm>
                  <io9:cntntsValAm>0.0</io9:cntntsValAm>
                  <io9:biValAm>0.0</io9:biValAm>
                  <io9:totalPropertyDamageValueAm>0.0</io9:totalPropertyDamageValueAm>
                  <io9:totalSumInsuredValueAm>0.0</io9:totalSumInsuredValueAm>
                  <io9:flrAr>ges:flrAr</io9:flrAr>
                  <io9:flrArUom>ges:flrArUom</io9:flrArUom>
                  <io9:bltYr>0</io9:bltYr>
                  <io9:noOfStories>0</io9:noOfStories>
                  <io9:bldgHght>ges:bldgHght</io9:bldgHght>
                  <io9:bldgHghtUom>ges:bldgHghtUom</io9:bldgHghtUom>
                  <io9:lastUpgraddYr>0</io9:lastUpgraddYr>
                  <io9:flrOfInt>ges:flrOfInt</io9:flrOfInt>
                  <io9:constrnTypTx>ges:constrnTypTx</io9:constrnTypTx>
                  <io9:ocptnTypTx>ges:ocptnTypTx</io9:ocptnTypTx>
                  <io9:currntVersnFl>ges:currntVersnFl</io9:currntVersnFl>
                  <io9:creatTs>2001-12-31T12:00:00.000+05:30</io9:creatTs>
                  <io9:creatUsrId>ges:creatUsrId</io9:creatUsrId>
                  <io9:updTs>2001-12-31T12:00:00.000+05:30</io9:updTs>
                  <io9:updUsrId>ges:updUsrId</io9:updUsrId>
                  <io9:srcFileNm>ges:srcFileNm</io9:srcFileNm>
                  <io9:siteNm>ges:siteNm</io9:siteNm>
                  <io9:coNmBusUnt>ges:coNmBusUnt</io9:coNmBusUnt>
                  <io9:prmryBldgIn>ges:prmryBldgIn</io9:prmryBldgIn>
                  <io9:currency>
                    <io9:crncyCd>ges:crncyCd</io9:crncyCd>
                    <io9:crncyDs>ges:crncyDs</io9:crncyDs>
                    <io9:efctvDt>2001-01-01+05:30</io9:efctvDt>
                    <io9:isoAlphCrncyCd>ges:isoAlphCrncyCd</io9:isoAlphCrncyCd>
                    <io9:crncyId>0</io9:crncyId>
                    <io9:isoNmrcCrncyCd>0</io9:isoNmrcCrncyCd>
                    <io9:currencyExchangeRate>
                      <io9:fromCrncyId>0</io9:fromCrncyId>
                      <io9:toCrncyId>0</io9:toCrncyId>
                      <io9:cnvrsnRt>0.0</io9:cnvrsnRt>
                      <io9:cnvrsnDt>2001-01-01+05:30</io9:cnvrsnDt>
                      <io9:rtTypIn>ges:rtTypIn</io9:rtTypIn>
                      <io9:xchngRtId>0</io9:xchngRtId>
                    </io9:currencyExchangeRate>
                  </io9:currency>
                  <io9:structureSecModifier>
                    <io9:StructureSecModifier>
                      <io9:name name="">ges:name</io9:name>
                      <io9:scheme>ges:scheme</io9:scheme>
                      <io9:cdId>0</io9:cdId>
                      <io9:cdVal>ges:cdVal</io9:cdVal>
                      <io9:cdLabel>ges:cdLabel</io9:cdLabel>
                      <io9:cdGrpVal>ges:cdGrpVal</io9:cdGrpVal>
                      <io9:cdGrpLabel>ges:cdGrpLabel</io9:cdGrpLabel>
                    </io9:StructureSecModifier>
                  </io9:structureSecModifier>
                  <io9:sic3DCd>0</io9:sic3DCd>
                  <io9:sic4DCd>0</io9:sic4DCd>
                  <io9:sicGroup>ges:sicGroup</io9:sicGroup>
                  <io9:sicDesc>ges:sicDesc</io9:sicDesc>
                  <io9:uwtngMngmtAdjsmt>ges:uwtngMngmtAdjsmt</io9:uwtngMngmtAdjsmt>
                  <io9:graspLocId>ges:graspLocId</io9:graspLocId>
                  <io9:aeNm>ges:aeNm</io9:aeNm>
                  <io9:sentForITV>true</io9:sentForITV>
                  <io9:ITVValtnDt>2001-01-01+05:30</io9:ITVValtnDt>
                  <io9:chngPct>0.0</io9:chngPct>
                  <io9:DQI>0.0</io9:DQI>
                  <io9:strValtnId>0</io9:strValtnId>
                  <io9:TEVal>0.0</io9:TEVal>
                  <io9:ttl>0.0</io9:ttl>
                  <io9:typId>0</io9:typId>
                  <io9:LocationCoverages>
                    <io9:LoationCoverage>
                      <io9:Coverage>
                        <io9:AttributeNm>ges:AttributeNm</io9:AttributeNm>
                        <io9:categoryId>0</io9:categoryId>
                        <io9:typId>0</io9:typId>
                        <io9:typNm>ges:typNm</io9:typNm>
                        <io9:source>ges:source</io9:source>
                      </io9:Coverage>
                      <io9:CoverageValue>
                        <io9:DecimalValue>0.0</io9:DecimalValue>
                        <io9:Unit>ges:Unit</io9:Unit>
                      </io9:CoverageValue>
                    </io9:LoationCoverage>
                  </io9:LocationCoverages>
                  <io9:LocationNonCoverages>
                    <io9:LocationNonCoverage>
                      <io9:Coverage>
                        <io9:AttributeNm>ges:AttributeNm</io9:AttributeNm>
                        <io9:categoryId>0</io9:categoryId>
                        <io9:typId>0</io9:typId>
                        <io9:typNm>ges:typNm</io9:typNm>
                        <io9:source>ges:source</io9:source>
                      </io9:Coverage>
                      <io9:CoverageValue>
                        <io9:DecimalValue>0.0</io9:DecimalValue>
                        <io9:Unit>ges:Unit</io9:Unit>
                      </io9:CoverageValue>
                    </io9:LocationNonCoverage>
                  </io9:LocationNonCoverages>
                  <io9:SiteCampusId>ges:SiteCampusId</io9:SiteCampusId>
                </io9:structure>
                <io9:physicalObject>
                  <io9:physObjectId>0</io9:physObjectId>
                  <io9:typeId>0</io9:typeId>
                  <io9:populationInfoId>0</io9:populationInfoId>
                  <io9:creatTs>2001-12-31T12:00:00.000+05:30</io9:creatTs>
                  <io9:creatUsrId>ges:creatUsrId</io9:creatUsrId>
                  <io9:updTs>2001-12-31T12:00:00.000+05:30</io9:updTs>
                  <io9:updUsrId>ges:updUsrId</io9:updUsrId>
                  <io9:graspInfo>
                    <io9:engnrgBldgVal>0.0</io9:engnrgBldgVal>
                    <io9:engnrgMachryVal>0.0</io9:engnrgMachryVal>
                    <io9:ibi>0.0</io9:ibi>
                    <io9:floodZnWithinPropLn>ges:floodZnWithinPropLn</io9:floodZnWithinPropLn>
                    <io9:floodZn1000ftFromPropLn>ges:floodZn1000ftFromPropLn</io9:floodZn1000ftFromPropLn>
                    <io9:surgeXpsr>ges:surgeXpsr</io9:surgeXpsr>
                    <io9:hailstormXpsr>ges:hailstormXpsr</io9:hailstormXpsr>
                    <io9:snowLodXpsr>ges:snowLodXpsr</io9:snowLodXpsr>
                    <io9:othCatXpsr>ges:othCatXpsr</io9:othCatXpsr>
                    <io9:engnrgOvrrdHzrdGrd>ges:engnrgOvrrdHzrdGrd</io9:engnrgOvrrdHzrdGrd>
                    <io9:ovrlHeRtg>0.0</io9:ovrlHeRtg>
                    <io9:locRskRtgFire>0.0</io9:locRskRtgFire>
                    <io9:locRskRtgCat>0.0</io9:locRskRtgCat>
                    <io9:locRskRtgCompst>0.0</io9:locRskRtgCompst>
                    <io9:ttlOcpdBldgAr>0.0</io9:ttlOcpdBldgAr>
                    <io9:ttlOcpdStories>0</io9:ttlOcpdStories>
                    <io9:adqtAutmtcSprnklrsPct>0.0</io9:adqtAutmtcSprnklrsPct>
                    <io9:neededAutmtcSprnklrsPct>0.0</io9:neededAutmtcSprnklrsPct>
                    <io9:autmtcSprnklrsPct>0.0</io9:autmtcSprnklrsPct>
                    <io9:predominantConstrnCls>ges:predominantConstrnCls</io9:predominantConstrnCls>
                    <io9:predominantPrtctnCls>ges:predominantPrtctnCls</io9:predominantPrtctnCls>
                    <io9:surgeTtlLe>0.0</io9:surgeTtlLe>
                    <io9:floodTtlLe100Yr>0.0</io9:floodTtlLe100Yr>
                    <io9:floodTtlLe500Yr>0.0</io9:floodTtlLe500Yr>
                    <io9:floodTtlLe>0.0</io9:floodTtlLe>
                    <io9:floodTtlMfl>0.0</io9:floodTtlMfl>
                    <io9:wndTtlLe100Yr>0.0</io9:wndTtlLe100Yr>
                    <io9:wndTtlLe500Yr>ges:wndTtlLe500Yr</io9:wndTtlLe500Yr>
                    <io9:wndTtlNle>0.0</io9:wndTtlNle>
                    <io9:eqLe>0.0</io9:eqLe>
                    <io9:ttlMfl>0.0</io9:ttlMfl>
                    <io9:ttlEml>0.0</io9:ttlEml>
                    <io9:ttlPml>0.0</io9:ttlPml>
                    <io9:ttlMas>0.0</io9:ttlMas>
                    <io9:ttlNle>0.0</io9:ttlNle>
                    <io9:ttlLe>0.0</io9:ttlLe>
                    <io9:ttlObjLos>0.0</io9:ttlObjLos>
                    <io9:locCls>ges:locCls</io9:locCls>
                    <io9:fireIndx>ges:fireIndx</io9:fireIndx>
                    <io9:xplosnIndx>ges:xplosnIndx</io9:xplosnIndx>
                    <io9:xplosnRskAdqtlyEngnred>ges:xplosnRskAdqtlyEngnred</io9:xplosnRskAdqtlyEngnred>
                    <io9:fldDesktpAsesd>ges:fldDesktpAsesd</io9:fldDesktpAsesd>
                    <io9:engnrgSrc>ges:engnrgSrc</io9:engnrgSrc>
                    <io9:graspCntntVal>0.0</io9:graspCntntVal>
                    <io9:graspTmElmntVal>0.0</io9:graspTmElmntVal>
                    <io9:graspTpdVal>0.0</io9:graspTpdVal>
                    <io9:graspLat>0.0</io9:graspLat>
                    <io9:graspLng>0.0</io9:graspLng>
                    <io9:graspPrecisionCd>0.0</io9:graspPrecisionCd>
                  </io9:graspInfo>
                </io9:physicalObject>
                <io9:actvIn>ges:actvIn</io9:actvIn>
                <io9:effectiveFromDate>2001-01-01+05:30</io9:effectiveFromDate>
                <io9:effectiveToDate>2001-01-01+05:30</io9:effectiveToDate>
                <io9:geographicArea>
                  <io9:ggrphcArId>0</io9:ggrphcArId>
                  <io9:typNm>ges:typNm</io9:typNm>
                  <io9:vlidFromTs>2001-12-31T12:00:00.000+05:30</io9:vlidFromTs>
                  <io9:vlidToTs>2001-12-31T12:00:00.000+05:30</io9:vlidToTs>
                  <io9:ctyNm>ges:ctyNm</io9:ctyNm>
                  <io9:addr>ges:addr</io9:addr>
                  <io9:postalCd>ges:postalCd</io9:postalCd>
                  <io9:stNm>ges:stNm</io9:stNm>
                  <io9:dstrctNm>ges:dstrctNm</io9:dstrctNm>
                  <io9:cntyNm>ges:cntyNm</io9:cntyNm>
                  <io9:lattdInDegrs>ges:lattdInDegrs</io9:lattdInDegrs>
                  <io9:lngtdInDegrs>ges:lngtdInDegrs</io9:lngtdInDegrs>
                  <io9:cntryNm>ges:cntryNm</io9:cntryNm>
                  <io9:langCd>ges:langCd</io9:langCd>
                  <io9:geoRsltnLvlId>0</io9:geoRsltnLvlId>
                  <io9:addrConfdncPc>0.0</io9:addrConfdncPc>
                  <io9:addrXtensn>ges:addrXtensn</io9:addrXtensn>
                  <io9:isAddrStndrdizedIn>ges:isAddrStndrdizedIn</io9:isAddrStndrdizedIn>
                  <io9:locPrecision>ges:locPrecision</io9:locPrecision>
                  <io9:crestaZone>
                    <io9:crestaZnId>0</io9:crestaZnId>
                    <io9:crCntryFip>ges:crCntryFip</io9:crCntryFip>
                    <io9:crCrestaId>ges:crCrestaId</io9:crCrestaId>
                    <io9:crFips>ges:crFips</io9:crFips>
                    <io9:crGeocd>ges:crGeocd</io9:crGeocd>
                    <io9:crIso3Alph>ges:crIso3Alph</io9:crIso3Alph>
                    <io9:crIso3No>ges:crIso3No</io9:crIso3No>
                    <io9:crPerlTyp>ges:crPerlTyp</io9:crPerlTyp>
                    <io9:crStFips>ges:crStFips</io9:crStFips>
                    <io9:crSbIso>ges:crSbIso</io9:crSbIso>
                    <io9:crZnNo>ges:crZnNo</io9:crZnNo>
                    <io9:crDcmntat>ges:crDcmntat</io9:crDcmntat>
                    <io9:crNm>ges:crNm</io9:crNm>
                    <ns8:geographicArea xmlns:ns8="http://aig.us.com/ges" xmlns:ns0="http://www.ibm.com/websphere/sibx/smo/v6.0.1" xmlns:ns1="http://schemas.xmlsoap.org/ws/2004/08/addressing" xmlns:ns4="http://www.ibm.com/xmlns/prod/websphere/http/sca/6.1.0" xmlns:ns5="http://www.w3.org/2005/08/addressing" xmlns:ns6="http://aig.us.com/ges/services/GESCommonServiceV2" xmlns:ns7="http://aig.us.com/ges/schema" xmlns:ns9="http://aig.com/CommonHeaderV12" xmlns:soap12="http://www.w3.org/2003/05/soap-envelope"/>
                  </io9:crestaZone>
                  <io9:subcrestaZone>
                    <io9:crszCntryFip>ges:crszCntryFip</io9:crszCntryFip>
                    <io9:crszCrestaId>ges:crszCrestaId</io9:crszCrestaId>
                    <io9:crszFips>ges:crszFips</io9:crszFips>
                    <io9:crszGeocd>ges:crszGeocd</io9:crszGeocd>
                    <io9:crszIso3Alph>ges:crszIso3Alph</io9:crszIso3Alph>
                    <io9:crszIso3No>ges:crszIso3No</io9:crszIso3No>
                    <io9:crszPerlTyp>ges:crszPerlTyp</io9:crszPerlTyp>
                    <io9:crszStFips>ges:crszStFips</io9:crszStFips>
                    <io9:crszSbIso>ges:crszSbIso</io9:crszSbIso>
                    <io9:crszSznNo>ges:crszSznNo</io9:crszSznNo>
                    <io9:crszDcmntat>ges:crszDcmntat</io9:crszDcmntat>
                    <io9:crszNm>ges:crszNm</io9:crszNm>
                    <io9:crszParZoNum>ges:crszParZoNum</io9:crszParZoNum>
                    <io9:crszTyp>ges:crszTyp</io9:crszTyp>
                    <io9:sbcrestaZnId>0</io9:sbcrestaZnId>
                    <ns8:geographicArea xmlns:ns8="http://aig.us.com/ges" xmlns:ns0="http://www.ibm.com/websphere/sibx/smo/v6.0.1" xmlns:ns1="http://schemas.xmlsoap.org/ws/2004/08/addressing" xmlns:ns4="http://www.ibm.com/xmlns/prod/websphere/http/sca/6.1.0" xmlns:ns5="http://www.w3.org/2005/08/addressing" xmlns:ns6="http://aig.us.com/ges/services/GESCommonServiceV2" xmlns:ns7="http://aig.us.com/ges/schema" xmlns:ns9="http://aig.com/CommonHeaderV12" xmlns:soap12="http://www.w3.org/2003/05/soap-envelope"/>
                  </io9:subcrestaZone>
                  <io9:cntryId>0</io9:cntryId>
                  <io9:placeId>0</io9:placeId>
                  <io9:basicdataIncomplete>ges:basicdataIncomplete</io9:basicdataIncomplete>
                  <io9:addr2>ges:addr2</io9:addr2>
                  <io9:blok>ges:blok</io9:blok>
                  <io9:blokGrp>ges:blokGrp</io9:blokGrp>
                  <io9:geoCdId>0</io9:geoCdId>
                  <io9:geoCdTyId>0</io9:geoCdTyId>
                  <io9:geoCdTyNm>ges:geoCdTyNm</io9:geoCdTyNm>
                  <io9:LocationHazards>
                    <io9:LocationHazard>
                      <io9:Coverage>
                        <io9:AttributeNm>ges:AttributeNm</io9:AttributeNm>
                        <io9:categoryId>0</io9:categoryId>
                        <io9:typId>0</io9:typId>
                        <io9:typNm>ges:typNm</io9:typNm>
                        <io9:source>ges:source</io9:source>
                      </io9:Coverage>
                      <io9:CoverageValue>
                        <io9:DecimalValue>0.0</io9:DecimalValue>
                        <io9:Unit>ges:Unit</io9:Unit>
                      </io9:CoverageValue>
                      <io9:HazardId>0</io9:HazardId>
                      <io9:LookUpId>0</io9:LookUpId>
                    </io9:LocationHazard>
                  </io9:LocationHazards>
                </io9:geographicArea>
                <io9:autoAugmentIn>ges:autoAugmentIn</io9:autoAugmentIn>
                <io9:esbCrossReferenceInfo>
                  <io9:prcsngStatCd>PENDING_DA</io9:prcsngStatCd>
                  <io9:prcsngStatTs>2001-12-31T12:00:00.000+05:30</io9:prcsngStatTs>
                  <io9:retryCnt>0</io9:retryCnt>
                  <io9:sovLocId>0</io9:sovLocId>
                  <io9:errMsg>ges:errMsg</io9:errMsg>
                  <io9:augmentStatIn>ges:augmentStatIn</io9:augmentStatIn>
                </io9:esbCrossReferenceInfo>
                <io9:mdmCrossReferenceInfo>
                  <io9:mdmContId>ges:mdmContId</io9:mdmContId>
                  <io9:mdmContCmpntId>ges:mdmContCmpntId</io9:mdmContCmpntId>
                  <io9:mdmHoldgId>ges:mdmHoldgId</io9:mdmHoldgId>
                  <io9:mdmAddrId>ges:mdmAddrId</io9:mdmAddrId>
                  <io9:sovLocId>ges:sovLocId</io9:sovLocId>
                  <io9:graspReviewed>N</io9:graspReviewed>
                </io9:mdmCrossReferenceInfo>
                <io9:mdmException>
                  <io9:langCd>ges:langCd</io9:langCd>
                  <io9:ctyNm>ges:ctyNm</io9:ctyNm>
                  <io9:postalCd>ges:postalCd</io9:postalCd>
                  <io9:stNm>ges:stNm</io9:stNm>
                  <io9:addrStatCd>ges:addrStatCd</io9:addrStatCd>
                  <io9:dstrctNm>ges:dstrctNm</io9:dstrctNm>
                  <io9:cntyNm>ges:cntyNm</io9:cntyNm>
                  <io9:lattdInDegrs>ges:lattdInDegrs</io9:lattdInDegrs>
                  <io9:lngtdInDegrs>ges:lngtdInDegrs</io9:lngtdInDegrs>
                  <io9:coBusUnt>ges:coBusUnt</io9:coBusUnt>
                  <io9:cntryNm>ges:cntryNm</io9:cntryNm>
                  <io9:geoRsltnLvlId>0</io9:geoRsltnLvlId>
                  <io9:mtchky>ges:mtchky</io9:mtchky>
                  <io9:addrConfdncPc>0.0</io9:addrConfdncPc>
                  <io9:addrLn1>ges:addrLn1</io9:addrLn1>
                  <io9:addrLn2>ges:addrLn2</io9:addrLn2>
                  <io9:addrLn3>ges:addrLn3</io9:addrLn3>
                  <io9:addrXtensn>ges:addrXtensn</io9:addrXtensn>
                  <io9:pbLocId>ges:pbLocId</io9:pbLocId>
                  <io9:geoStat>ges:geoStat</io9:geoStat>
                  <io9:geoStatCd>ges:geoStatCd</io9:geoStatCd>
                  <io9:geoStatDesc>ges:geoStatDesc</io9:geoStatDesc>
                  <io9:dplctSqn>0</io9:dplctSqn>
                  <io9:flrAr>ges:flrAr</io9:flrAr>
                  <io9:flrArUom>ges:flrArUom</io9:flrArUom>
                  <io9:occupancyScheme>ges:occupancyScheme</io9:occupancyScheme>
                  <io9:occupancyTypCd>ges:occupancyTypCd</io9:occupancyTypCd>
                  <io9:bltYr>0</io9:bltYr>
                  <io9:noOfRsks>0</io9:noOfRsks>
                  <io9:noOfStories>0</io9:noOfStories>
                  <io9:bldgHght>0</io9:bldgHght>
                  <io9:bldgHghtUom>ges:bldgHghtUom</io9:bldgHghtUom>
                  <io9:constrnSchemeCd>ges:constrnSchemeCd</io9:constrnSchemeCd>
                  <io9:constrnTypCd>ges:constrnTypCd</io9:constrnTypCd>
                  <io9:lastUpgraddYr>0</io9:lastUpgraddYr>
                  <io9:flrOfInt>ges:flrOfInt</io9:flrOfInt>
                  <io9:mdmContId>0</io9:mdmContId>
                  <io9:mdmContCmpntId>0</io9:mdmContCmpntId>
                  <io9:mdmHoldgId>0</io9:mdmHoldgId>
                  <io9:mdmAddrId>0</io9:mdmAddrId>
                  <io9:isAddrStndrdizedIn>ges:isAddrStndrdizedIn</io9:isAddrStndrdizedIn>
                  <io9:mdmHoldgStartDt>2001-12-31T12:00:00.000+05:30</io9:mdmHoldgStartDt>
                  <io9:propTypCd>0</io9:propTypCd>
                  <io9:addr>ges:addr</io9:addr>
                  <io9:locNm>ges:locNm</io9:locNm>
                  <io9:siteNm>ges:siteNm</io9:siteNm>
                  <io9:cntryCd>ges:cntryCd</io9:cntryCd>
                  <io9:stCd>ges:stCd</io9:stCd>
                  <io9:addrStatDesc>ges:addrStatDesc</io9:addrStatDesc>
                  <io9:mtchScore>0</io9:mtchScore>
                  <io9:locPrecision>ges:locPrecision</io9:locPrecision>
                  <io9:sovLocId>0</io9:sovLocId>
                  <io9:prmryBldgIn>ges:prmryBldgIn</io9:prmryBldgIn>
                  <io9:graspReviewed>N</io9:graspReviewed>
                </io9:mdmException>
                <io9:pbCrossReferenceInfo>
                  <io9:sovLocId>0</io9:sovLocId>
                  <io9:geoRsltnLvlId>0</io9:geoRsltnLvlId>
                  <io9:mtchky>ges:mtchky</io9:mtchky>
                  <io9:addrConfdncPc>0.0</io9:addrConfdncPc>
                  <io9:addrXtensn>ges:addrXtensn</io9:addrXtensn>
                  <io9:addrStatCd>ges:addrStatCd</io9:addrStatCd>
                  <io9:isAddrStndrdizedIn>ges:isAddrStndrdizedIn</io9:isAddrStndrdizedIn>
                  <io9:addrStatDesc>ges:addrStatDesc</io9:addrStatDesc>
                  <io9:canAr>ges:canAr</io9:canAr>
                  <io9:canFloodZn>ges:canFloodZn</io9:canFloodZn>
                  <io9:canPrvnc>ges:canPrvnc</io9:canPrvnc>
                  <io9:canRiver>ges:canRiver</io9:canRiver>
                  <io9:dstnc>ges:dstnc</io9:dstnc>
                  <io9:dstncUnit>ges:dstncUnit</io9:dstncUnit>
                </io9:pbCrossReferenceInfo>
                <io9:pbException>
                  <io9:langCd>ges:langCd</io9:langCd>
                  <io9:ctyNm>ges:ctyNm</io9:ctyNm>
                  <io9:postalCd>ges:postalCd</io9:postalCd>
                  <io9:stNm>ges:stNm</io9:stNm>
                  <io9:addrStatCd>ges:addrStatCd</io9:addrStatCd>
                  <io9:dstrctNm>ges:dstrctNm</io9:dstrctNm>
                  <io9:cntyNm>ges:cntyNm</io9:cntyNm>
                  <io9:lattdInDegrs>ges:lattdInDegrs</io9:lattdInDegrs>
                  <io9:lngtdInDegrs>ges:lngtdInDegrs</io9:lngtdInDegrs>
                  <io9:coBusUnt>ges:coBusUnt</io9:coBusUnt>
                  <io9:cntryNm>ges:cntryNm</io9:cntryNm>
                  <io9:geoRsltnLvlId>0</io9:geoRsltnLvlId>
                  <io9:mtchky>ges:mtchky</io9:mtchky>
                  <io9:addrConfdncPc>0.0</io9:addrConfdncPc>
                  <io9:addrLn1>ges:addrLn1</io9:addrLn1>
                  <io9:addrLn2>ges:addrLn2</io9:addrLn2>
                  <io9:addrLn3>ges:addrLn3</io9:addrLn3>
                  <io9:addrLn4>ges:addrLn4</io9:addrLn4>
                  <io9:multiMtchCnt>0</io9:multiMtchCnt>
                  <io9:geoStat>ges:geoStat</io9:geoStat>
                  <io9:geoStatCd>ges:geoStatCd</io9:geoStatCd>
                  <io9:geoStatDesc>ges:geoStatDesc</io9:geoStatDesc>
                  <io9:mtchSqn>0</io9:mtchSqn>
                  <io9:addrStatDesc>ges:addrStatDesc</io9:addrStatDesc>
                  <io9:locPrecision>ges:locPrecision</io9:locPrecision>
                  <io9:addrStat>ges:addrStat</io9:addrStat>
                  <io9:sovLocId>0</io9:sovLocId>
                  <io9:canAr>ges:canAr</io9:canAr>
                  <io9:canFloodZn>ges:canFloodZn</io9:canFloodZn>
                  <io9:canPrvnc>ges:canPrvnc</io9:canPrvnc>
                  <io9:canRiver>ges:canRiver</io9:canRiver>
                  <io9:canStat>ges:canStat</io9:canStat>
                  <io9:canStatCd>ges:canStatCd</io9:canStatCd>
                  <io9:canStatDesc>ges:canStatDesc</io9:canStatDesc>
                  <io9:crCntryFip>ges:crCntryFip</io9:crCntryFip>
                  <io9:crCrestaId>ges:crCrestaId</io9:crCrestaId>
                  <io9:crFips>ges:crFips</io9:crFips>
                  <io9:crGeocd>ges:crGeocd</io9:crGeocd>
                  <io9:crIso3Alph>ges:crIso3Alph</io9:crIso3Alph>
                  <io9:crIso3No>ges:crIso3No</io9:crIso3No>
                  <io9:crPerlTyp>ges:crPerlTyp</io9:crPerlTyp>
                  <io9:crStFips>ges:crStFips</io9:crStFips>
                  <io9:crSbIso>ges:crSbIso</io9:crSbIso>
                  <io9:crZnNo>ges:crZnNo</io9:crZnNo>
                  <io9:crDcmntat>ges:crDcmntat</io9:crDcmntat>
                  <io9:crNm>ges:crNm</io9:crNm>
                  <io9:crStat>ges:crStat</io9:crStat>
                  <io9:crStatCd>ges:crStatCd</io9:crStatCd>
                  <io9:crStatDesc>ges:crStatDesc</io9:crStatDesc>
                  <io9:crszCntryFip>ges:crszCntryFip</io9:crszCntryFip>
                  <io9:crszCrestaId>ges:crszCrestaId</io9:crszCrestaId>
                  <io9:crszFips>ges:crszFips</io9:crszFips>
                  <io9:crszGeocd>ges:crszGeocd</io9:crszGeocd>
                  <io9:crszIso3Alph>ges:crszIso3Alph</io9:crszIso3Alph>
                  <io9:crszIso3No>ges:crszIso3No</io9:crszIso3No>
                  <io9:crszPerlTyp>ges:crszPerlTyp</io9:crszPerlTyp>
                  <io9:crszStFips>ges:crszStFips</io9:crszStFips>
                  <io9:crszSbIso>ges:crszSbIso</io9:crszSbIso>
                  <io9:crszSznNo>ges:crszSznNo</io9:crszSznNo>
                  <io9:crszDcmntat>ges:crszDcmntat</io9:crszDcmntat>
                  <io9:crszNm>ges:crszNm</io9:crszNm>
                  <io9:crszParZoNum>ges:crszParZoNum</io9:crszParZoNum>
                  <io9:crszTyp>ges:crszTyp</io9:crszTyp>
                  <io9:crszStat>ges:crszStat</io9:crszStat>
                  <io9:crszStatCd>ges:crszStatCd</io9:crszStatCd>
                  <io9:crszStatDesc>ges:crszStatDesc</io9:crszStatDesc>
                  <io9:addrXtensn>ges:addrXtensn</io9:addrXtensn>
                  <io9:nonvlidateColList>ges:nonvlidateColList</io9:nonvlidateColList>
                  <io9:dstnc>ges:dstnc</io9:dstnc>
                  <io9:dstncUnt>ges:dstncUnt</io9:dstncUnt>
                </io9:pbException>
                <io9:isRequestForUpdate>true</io9:isRequestForUpdate>
              </io10:sovLocation>
            </io10:location>
            <io10:NoOfLocations>tns2:NoOfLocations</io10:NoOfLocations>
            <io10:SovId>tns2:SovId</io10:SovId>
            <io10:SovVersionId>tns2:SovVersionId</io10:SovVersionId>
          </io10:newlocations>
        </io10:newLocations>
      </io10:filterRecordsResult>
    </io5:filterRecordsResponseParameter>
  </body>
  <attachments>
    <contentID>http://tempuri.org</contentID>
    <contentType>token</contentType>
    <data>MA==</data>
  </attachments>
</io3:smo>