<?xml version="1.0" encoding="UTF-8"?><io3:smo xmlns:io3="http://www.ibm.com/websphere/sibx/smo/v6.0.1" xmlns:io14="http://www.w3.org/2005/08/addressing" xmlns:xsd4xsd="http://www.w3.org/2001/XMLSchema" xmlns:io13="http://aig.us.com/ges/schema" xmlns:io12="http://aig.us.com/ges" xmlns:io11="http://www.ibm.com/xmlns/prod/websphere/http/sca/6.1.0" xmlns:io10="http://schemas.xmlsoap.org/ws/2004/08/addressing" xmlns:io9="http://www.ibm.com/xmlns/prod/websphere/mq/sca/6.0.0" xmlns:io8="http://aig.us.com/ges/services/ShapeFileService" xmlns:io6="http://aig.com/CommonHeaderV12" xmlns:io7="http://GES_BP_CleansingProcess/bo" xmlns:io5="wsdl.http://aig.us.com/ges/services/ShapeFileService" xmlns:io4="http://GES_BP_CleansingProcessApp/bo" xmlns:xsi="http://www.w3.org/2001/XMLSchema-instance" xmlns:io2="http://www.w3.org/2003/05/soap-envelope" xmlns:io="http://GES_Lib_Common">
  <context>
    <correlation xsi:type="io4:SharedContextObj">
      <shapeFileLocation>
        <sovLocation/>
      </shapeFileLocation>
    </correlation>
    <transient xsi:type="io4:LocalTransientContext">
      <RequestHeader>
        <io6:ServiceRequestContext>
          <ServiceInvocationOriginator>ServiceInvocationOriginator</ServiceInvocationOriginator>
          <ServiceInvoker>ServiceInvoker</ServiceInvoker>
          <ServiceProvider>ServiceProvider</ServiceProvider>
          <ClientId>ClientId</ClientId>
          <UserID>UserID</UserID>
          <RequestMessageId>RequestMessageId</RequestMessageId>
          <RequestTimestamp>2001-12-31T12:00:00</RequestTimestamp>
          <InteractionProtocol>SynchronousRequestAndResponse</InteractionProtocol>
          <CallbackURI>CallbackURI</CallbackURI>
          <ServiceInvocationChainEnabled>true</ServiceInvocationChainEnabled>
        </io6:ServiceRequestContext>
      </RequestHeader>
    </transient>
  </context>
  <headers>
    <SMOHeader>
      <MessageUUID>MessageUUID</MessageUUID>
      <Version>
        <Version>0</Version>
        <Release>0</Release>
        <Modification>0</Modification>
      </Version>
      <MessageType>MessageType</MessageType>
      <Operation>Operation</Operation>
      <Action>Action</Action>
      <Target bindingType="NotSet" import="" repositoryMetadata="">
        <address>http://tempuri.org</address>
      </Target>
      <AlternateTarget bindingType="NotSet" import="" repositoryMetadata="">
        <address>http://tempuri.org</address>
      </AlternateTarget>
      <SourceNode>SourceNode</SourceNode>
      <SourceBindingType>NotSet</SourceBindingType>
      <Interface>Interface</Interface>
    </SMOHeader>
    <JMSHeader>
      <JMSDestination>http://tempuri.org</JMSDestination>
      <JMSDeliveryMode>NonPersistent</JMSDeliveryMode>
      <JMSMessageID>JMSMessageID</JMSMessageID>
      <JMSTimestamp>0</JMSTimestamp>
      <JMSCorrelationID>JMSCorrelationID</JMSCorrelationID>
      <JMSReplyTo>http://tempuri.org</JMSReplyTo>
      <JMSRedelivered>true</JMSRedelivered>
      <JMSType>JMSType</JMSType>
      <JMSExpiration>0</JMSExpiration>
      <JMSPriority>0</JMSPriority>
    </JMSHeader>
    <SOAPHeader>
      <nameSpace>http://tempuri.org</nameSpace>
      <name>NCName</name>
      <prefix>NCName</prefix>
      <value xmlns:ch="http://aig.com/CommonHeaderV12" xmlns:ges="http://aig.us.com/ges" xmlns:httpsca="http://www.ibm.com/xmlns/prod/websphere/http/sca/6.1.0" xmlns:mq="http://www.ibm.com/xmlns/prod/websphere/mq/sca/6.0.0" xmlns:p="http://GES_BP_CleansingProcessApp/bo" xmlns:p1="http://GES_BP_CleansingProcess/bo" xmlns:p2="http://GES_Lib_Common" xmlns:tns="http://www.ibm.com/websphere/sibx/smo/v6.0.1" xmlns:tns1="http://aig.us.com/ges/services/ShapeFileService" xmlns:tns2="http://aig.us.com/ges/schema" xmlns:tns3="http://www.w3.org/2005/08/addressing" xmlns:tns4="http://www.w3.org/2003/05/soap-envelope" xmlns:tns_1="wsdl.http://aig.us.com/ges/services/ShapeFileService" xmlns:wsa="http://schemas.xmlsoap.org/ws/2004/08/addressing" xsi:type="anyType"/>
    </SOAPHeader>
    <SOAPFaultInfo>
      <faultcode>QName</faultcode>
      <faultstring>faultstring</faultstring>
      <faultactor>http://tempuri.org</faultactor>
      <extendedFaultInfo>
        <Code>
          <io2:Value>{http://www.w3.org/2003/05/soap-envelope}DataEncodingUnknown</io2:Value>
          <io2:Subcode>
            <io2:Value>QName</io2:Value>
            <tns4:Subcode xmlns:tns4="http://www.w3.org/2003/05/soap-envelope" xmlns:ch="http://aig.com/CommonHeaderV12" xmlns:ges="http://aig.us.com/ges" xmlns:httpsca="http://www.ibm.com/xmlns/prod/websphere/http/sca/6.1.0" xmlns:mq="http://www.ibm.com/xmlns/prod/websphere/mq/sca/6.0.0" xmlns:p="http://GES_BP_CleansingProcessApp/bo" xmlns:p1="http://GES_BP_CleansingProcess/bo" xmlns:p2="http://GES_Lib_Common" xmlns:tns="http://www.ibm.com/websphere/sibx/smo/v6.0.1" xmlns:tns1="http://aig.us.com/ges/services/ShapeFileService" xmlns:tns2="http://aig.us.com/ges/schema" xmlns:tns3="http://www.w3.org/2005/08/addressing" xmlns:tns_1="wsdl.http://aig.us.com/ges/services/ShapeFileService" xmlns:wsa="http://schemas.xmlsoap.org/ws/2004/08/addressing"/>
          </io2:Subcode>
        </Code>
        <Reason>
          <io2:Text xml:lang="">tns4:Text</io2:Text>
        </Reason>
        <Node>http://tempuri.org</Node>
        <Role>http://tempuri.org</Role>
      </extendedFaultInfo>
    </SOAPFaultInfo>
    <properties>
      <name>name</name>
      <value>value</value>
      <type>type</type>
    </properties>
    <MQHeader>
      <md>
        <Report>0</Report>
        <MsgType>0</MsgType>
        <Expiry>0</Expiry>
        <Feedback>0</Feedback>
        <Priority>0</Priority>
        <Persistence>0</Persistence>
        <MsgId>0F00</MsgId>
        <CorrelId>0F00</CorrelId>
        <BackoutCount>0</BackoutCount>
        <ReplyToQ>ReplyToQ</ReplyToQ>
        <ReplyToQMgr>ReplyToQMgr</ReplyToQMgr>
        <UserIdentifier>UserIdentifier</UserIdentifier>
        <AccountingToken>0F00</AccountingToken>
        <ApplIdentityData>ApplIdentityData</ApplIdentityData>
        <PutApplType>0</PutApplType>
        <PutApplName>PutApplName</PutApplName>
        <PutDate>PutDate</PutDate>
        <PutTime>PutTime</PutTime>
        <ApplOriginData>ApplOriginData</ApplOriginData>
        <GroupId>0F00</GroupId>
        <MsgSeqNumber>0</MsgSeqNumber>
        <Offset>0</Offset>
        <MsgFlags>0</MsgFlags>
        <OriginalLength>0</OriginalLength>
      </md>
      <control>
        <Encoding>0</Encoding>
        <CodedCharSetId>0</CodedCharSetId>
        <Format>Format</Format>
      </control>
      <header>
        <Encoding>0</Encoding>
        <CodedCharSetId>0</CodedCharSetId>
        <Format>Format</Format>
        <value xmlns:ch="http://aig.com/CommonHeaderV12" xmlns:ges="http://aig.us.com/ges" xmlns:httpsca="http://www.ibm.com/xmlns/prod/websphere/http/sca/6.1.0" xmlns:mq="http://www.ibm.com/xmlns/prod/websphere/mq/sca/6.0.0" xmlns:p="http://GES_BP_CleansingProcessApp/bo" xmlns:p1="http://GES_BP_CleansingProcess/bo" xmlns:p2="http://GES_Lib_Common" xmlns:tns="http://www.ibm.com/websphere/sibx/smo/v6.0.1" xmlns:tns1="http://aig.us.com/ges/services/ShapeFileService" xmlns:tns2="http://aig.us.com/ges/schema" xmlns:tns3="http://www.w3.org/2005/08/addressing" xmlns:tns4="http://www.w3.org/2003/05/soap-envelope" xmlns:tns_1="wsdl.http://aig.us.com/ges/services/ShapeFileService" xmlns:wsa="http://schemas.xmlsoap.org/ws/2004/08/addressing" xsi:type="anyType"/>
      </header>
    </MQHeader>
    <HTTPHeader>
      <control>
        <io11:URL>http://tempuri.org</io11:URL>
        <io11:Version>1.0</io11:Version>
        <io11:Method>httpsca:Method</io11:Method>
        <io11:DynamicOverrideURL>http://tempuri.org</io11:DynamicOverrideURL>
        <io11:DynamicOverrideVersion>1.0</io11:DynamicOverrideVersion>
        <io11:DynamicOverrideMethod>httpsca:DynamicOverrideMethod</io11:DynamicOverrideMethod>
        <io11:MediaType>httpsca:MediaType</io11:MediaType>
        <io11:Charset>httpsca:Charset</io11:Charset>
        <io11:TransferEncoding>httpsca:TransferEncoding</io11:TransferEncoding>
        <io11:ContentEncoding>httpsca:ContentEncoding</io11:ContentEncoding>
        <io11:StatusCode>0</io11:StatusCode>
        <io11:ReasonPhrase>httpsca:ReasonPhrase</io11:ReasonPhrase>
        <io11:ContentLength>0</io11:ContentLength>
        <io11:ExportContextPath>httpsca:ExportContextPath</io11:ExportContextPath>
        <io11:Authentication>
          <io11:credentials>
            <io11:userId>httpsca:userId</io11:userId>
            <io11:password>httpsca:password</io11:password>
          </io11:credentials>
          <io11:authenticationType>Basic</io11:authenticationType>
        </io11:Authentication>
        <io11:SSLSettings>
          <io11:SSLVersion>SSL</io11:SSLVersion>
          <io11:SSLDebug>false</io11:SSLDebug>
          <io11:KeyStoreType>JKS</io11:KeyStoreType>
          <io11:TrustStoreType>JKS</io11:TrustStoreType>
          <io11:KeyStore>httpsca:KeyStore</io11:KeyStore>
          <io11:KeyStoreAlias>httpsca:KeyStoreAlias</io11:KeyStoreAlias>
          <io11:KeyStorePassword>httpsca:KeyStorePassword</io11:KeyStorePassword>
          <io11:TrustStore>httpsca:TrustStore</io11:TrustStore>
          <io11:TrustStorePassword>httpsca:TrustStorePassword</io11:TrustStorePassword>
          <io11:UseClientAuth>false</io11:UseClientAuth>
        </io11:SSLSettings>
        <io11:ProxySettings>
          <io11:proxyHost>httpsca:proxyHost</io11:proxyHost>
          <io11:proxyPort>0</io11:proxyPort>
          <io11:proxyType>http</io11:proxyType>
          <io11:proxyCredentials>
            <io11:userId>httpsca:userId</io11:userId>
            <io11:password>httpsca:password</io11:password>
          </io11:proxyCredentials>
          <io11:nonProxyHost>httpsca:nonProxyHost</io11:nonProxyHost>
        </io11:ProxySettings>
      </control>
      <header>
        <io11:name>httpsca:name</io11:name>
        <io11:value>httpsca:value</io11:value>
      </header>
    </HTTPHeader>
    <EISHeader>
      <EISInteractionSpec xmlns:ch="http://aig.com/CommonHeaderV12" xmlns:ges="http://aig.us.com/ges" xmlns:httpsca="http://www.ibm.com/xmlns/prod/websphere/http/sca/6.1.0" xmlns:mq="http://www.ibm.com/xmlns/prod/websphere/mq/sca/6.0.0" xmlns:p="http://GES_BP_CleansingProcessApp/bo" xmlns:p1="http://GES_BP_CleansingProcess/bo" xmlns:p2="http://GES_Lib_Common" xmlns:tns="http://www.ibm.com/websphere/sibx/smo/v6.0.1" xmlns:tns1="http://aig.us.com/ges/services/ShapeFileService" xmlns:tns2="http://aig.us.com/ges/schema" xmlns:tns3="http://www.w3.org/2005/08/addressing" xmlns:tns4="http://www.w3.org/2003/05/soap-envelope" xmlns:tns_1="wsdl.http://aig.us.com/ges/services/ShapeFileService" xmlns:wsa="http://schemas.xmlsoap.org/ws/2004/08/addressing" xsi:type="anyType"/>
      <EISConnectionSpec xmlns:ch="http://aig.com/CommonHeaderV12" xmlns:ges="http://aig.us.com/ges" xmlns:httpsca="http://www.ibm.com/xmlns/prod/websphere/http/sca/6.1.0" xmlns:mq="http://www.ibm.com/xmlns/prod/websphere/mq/sca/6.0.0" xmlns:p="http://GES_BP_CleansingProcessApp/bo" xmlns:p1="http://GES_BP_CleansingProcess/bo" xmlns:p2="http://GES_Lib_Common" xmlns:tns="http://www.ibm.com/websphere/sibx/smo/v6.0.1" xmlns:tns1="http://aig.us.com/ges/services/ShapeFileService" xmlns:tns2="http://aig.us.com/ges/schema" xmlns:tns3="http://www.w3.org/2005/08/addressing" xmlns:tns4="http://www.w3.org/2003/05/soap-envelope" xmlns:tns_1="wsdl.http://aig.us.com/ges/services/ShapeFileService" xmlns:wsa="http://schemas.xmlsoap.org/ws/2004/08/addressing" xsi:type="anyType"/>
    </EISHeader>
    <WSAHeader version="http://www.w3.org/2005/08/addressing">
      <io14:To>http://tempuri.org</io14:To>
      <ReferenceParameters/>
      <io14:From>
        <io14:Address>http://tempuri.org</io14:Address>
        <io14:ReferenceParameters/>
        <io14:Metadata/>
      </io14:From>
      <io14:ReplyTo>
        <io14:Address>http://tempuri.org</io14:Address>
        <io14:ReferenceParameters/>
        <io14:Metadata/>
      </io14:ReplyTo>
      <io14:FaultTo>
        <io14:Address>http://tempuri.org</io14:Address>
        <io14:ReferenceParameters/>
        <io14:Metadata/>
      </io14:FaultTo>
      <io14:Action>http://tempuri.org</io14:Action>
      <io14:MessageID>http://tempuri.org</io14:MessageID>
      <io14:RelatesTo RelationshipType="http://www.w3.org/2005/08/addressing/reply">http://tempuri.org</io14:RelatesTo>
    </WSAHeader>
  </headers>
  <body xsi:type="io5:getShapeFileInfoRequestMsg">
    <io8:getShapeFileInfoRequest>
      <io13:lattd_in_dgrs>1</io13:lattd_in_dgrs>
      <io13:lngtd_in_dgrs>-1</io13:lngtd_in_dgrs>
      <io13:id>35141</io13:id>
    </io8:getShapeFileInfoRequest>
    <io8:getShapeFileInfoRequestHeader>
      <io6:ServiceRequestContext>
        <ServiceInvocationOriginator>ServiceInvocationOriginator</ServiceInvocationOriginator>
        <ServiceInvoker>ServiceInvoker</ServiceInvoker>
        <ServiceProvider>ServiceProvider</ServiceProvider>
        <ClientId>ClientId</ClientId>
        <UserID>UserID</UserID>
        <RequestMessageId>RequestMessageId</RequestMessageId>
        <RequestTimestamp>2001-12-31T12:00:00</RequestTimestamp>
        <InteractionProtocol>SynchronousRequestAndResponse</InteractionProtocol>
        <CallbackURI>CallbackURI</CallbackURI>
        <ServiceInvocationChainEnabled>true</ServiceInvocationChainEnabled>
      </io6:ServiceRequestContext>
    </io8:getShapeFileInfoRequestHeader>
  </body>
  <attachments>
    <contentID>http://tempuri.org</contentID>
    <contentType>token</contentType>
    <data>MA==</data>
  </attachments>
</io3:smo>