<?xml version="1.0" encoding="UTF-8"?><io3:smo xmlns:io3="http://www.ibm.com/websphere/sibx/smo/v6.0.1" xmlns:ges="http://aig.us.com/ges" xmlns:io13="http://www.w3.org/2005/08/addressing" xmlns:io12="http://GES_MF_CommonService/bo" xmlns:xsd4xsd="http://www.w3.org/2001/XMLSchema" xmlns:io11="http://GES_Lib_Common/bo" xmlns:io10="http://aig.us.com/ges/schema" xmlns:io8="http://www.ibm.com/xmlns/prod/websphere/http/sca/6.1.0" xmlns:io9="http://aig.us.com/ges" xmlns:io7="http://schemas.xmlsoap.org/ws/2004/08/addressing" xmlns:io6="http://www.ibm.com/xmlns/prod/websphere/mq/sca/6.0.0" xmlns:io5="http://aig.com/CommonHeaderV12" xmlns:out2="wsdl.http://aig.us.com/ges/services/DBUpdateHandlerV2" xmlns:io4="http://aig.us.com/ges/common/v3" xmlns:xsi="http://www.w3.org/2001/XMLSchema-instance" xmlns:out="http://aig.us.com/ges/services/DBUpdateHandlerV2" xmlns:io2="http://www.w3.org/2003/05/soap-envelope" xmlns:io="http://aig.us.com/ges/ext/v1" xmlns:in2="http://aig.us.com/ges/services/GESCommonServiceV2" xmlns:in="wsdl.http://aig.us.com/ges/services/GESCommonServiceV2">
  <context>
    <correlation xmlns:bons0="http://aig.us.com/ges/common/v3" xmlns:ch="http://aig.com/CommonHeaderV12" xmlns:httpsca="http://www.ibm.com/xmlns/prod/websphere/http/sca/6.1.0" xmlns:mq="http://www.ibm.com/xmlns/prod/websphere/mq/sca/6.0.0" xmlns:p="http://GES_Lib_Common/bo" xmlns:p1="http://GES_MF_CommonService/bo" xmlns:p2="http://ws-i.org/profiles/basic/1.1/xsd" xmlns:tns="http://www.ibm.com/websphere/sibx/smo/v6.0.1" xmlns:tns1="http://aig.us.com/ges/schema" xmlns:tns2="http://aig.us.com/ges/ext/v1" xmlns:tns3="http://aig.us.com/ges/services/GESCommonServiceV2" xmlns:tns4="http://www.w3.org/2005/08/addressing" xmlns:tns5="http://www.w3.org/2003/05/soap-envelope" xmlns:tns_1="wsdl.http://aig.us.com/ges/services/GESCommonServiceV2" xmlns:wsa="http://schemas.xmlsoap.org/ws/2004/08/addressing">
      <errorCode>errorCode</errorCode>
      <MinField>0</MinField>
      <MaxField>0</MaxField>
      <DummyString>DummyString</DummyString>
      <CountDummy>0</CountDummy>
    </correlation>
    <transient xmlns:bons0="http://aig.us.com/ges/common/v3" xmlns:ch="http://aig.com/CommonHeaderV12" xmlns:httpsca="http://www.ibm.com/xmlns/prod/websphere/http/sca/6.1.0" xmlns:mq="http://www.ibm.com/xmlns/prod/websphere/mq/sca/6.0.0" xmlns:p="http://GES_Lib_Common/bo" xmlns:p1="http://GES_MF_CommonService/bo" xmlns:p2="http://ws-i.org/profiles/basic/1.1/xsd" xmlns:tns="http://www.ibm.com/websphere/sibx/smo/v6.0.1" xmlns:tns1="http://aig.us.com/ges/schema" xmlns:tns2="http://aig.us.com/ges/ext/v1" xmlns:tns3="http://aig.us.com/ges/services/GESCommonServiceV2" xmlns:tns4="http://www.w3.org/2005/08/addressing" xmlns:tns5="http://www.w3.org/2003/05/soap-envelope" xmlns:tns_1="wsdl.http://aig.us.com/ges/services/GESCommonServiceV2" xmlns:wsa="http://schemas.xmlsoap.org/ws/2004/08/addressing">
      <getLocationsFromGESRequest>
        <tns1:sovID>tns1:sovID</tns1:sovID>
        <tns1:sovVersionId>tns1:sovVersionId</tns1:sovVersionId>
        <tns1:locationId>0</tns1:locationId>
        <tns1:locationsPerRequest>0</tns1:locationsPerRequest>
        <tns1:locationsReadTillNow>0</tns1:locationsReadTillNow>
        <tns1:totalNumberOfLocations>0</tns1:totalNumberOfLocations>
        <tns1:agreementId>tns1:agreementId</tns1:agreementId>
        <tns1:getOnlyErrorLocations>true</tns1:getOnlyErrorLocations>
        <tns1:getAllLocationsForSOV>true</tns1:getAllLocationsForSOV>
        <tns1:LocationByStatus>PENDING_DA</tns1:LocationByStatus>
      </getLocationsFromGESRequest>
      <sendMessageRequest>
        <tns1:version>tns1:version</tns1:version>
        <tns1:location>
          <tns1:sovLocation>
            <ges:version>ges:version</ges:version>
            <ges:sovLocId>ges:sovLocId</ges:sovLocId>
            <ges:locationSource>GES</ges:locationSource>
            <ges:matchScore>ges:matchScore</ges:matchScore>
            <ges:distanceFrom>ges:distanceFrom</ges:distanceFrom>
            <ges:agreementRequestId name="Policy Number">ges:agreementRequestId</ges:agreementRequestId>
            <ges:structure>
              <ges:structureId>0</ges:structureId>
              <ges:typeId>0</ges:typeId>
              <ges:physObjectId>0</ges:physObjectId>
              <ges:constructionType>
                <ges:constrnTypCd>ges:constrnTypCd</ges:constrnTypCd>
                <ges:constrnTypDs>ges:constrnTypDs</ges:constrnTypDs>
                <ges:constrnTypId>0</ges:constrnTypId>
                <ges:clsfctnScheme>ges:clsfctnScheme</ges:clsfctnScheme>
              </ges:constructionType>
              <ges:SourceConstructionTypes TargetScheme="">
                <ges:SourceConstructionType>
                  <ges:constrnTypCd>ges:constrnTypCd</ges:constrnTypCd>
                  <ges:constrnTypDs>ges:constrnTypDs</ges:constrnTypDs>
                  <ges:constrnTypId>0</ges:constrnTypId>
                  <ges:clsfctnScheme>ges:clsfctnScheme</ges:clsfctnScheme>
                </ges:SourceConstructionType>
              </ges:SourceConstructionTypes>
              <ges:occupationType>
                <ges:ocptnTypCd>ges:ocptnTypCd</ges:ocptnTypCd>
                <ges:ocptnTypDs>ges:ocptnTypDs</ges:ocptnTypDs>
                <ges:ocptnTypId>0</ges:ocptnTypId>
                <ges:clsfctnScheme>ges:clsfctnScheme</ges:clsfctnScheme>
              </ges:occupationType>
              <ges:structureType>ges:structureType</ges:structureType>
              <ges:name>ges:name</ges:name>
              <ges:description>ges:description</ges:description>
              <ges:basicDataIncomplete>ges:basicDataIncomplete</ges:basicDataIncomplete>
              <ges:populationInfoId>0</ges:populationInfoId>
              <ges:effectiveFromDate>2001-01-01</ges:effectiveFromDate>
              <ges:effectiveToDate>2001-01-01</ges:effectiveToDate>
              <ges:xtrnlRefNo>ges:xtrnlRefNo</ges:xtrnlRefNo>
              <ges:noOfRsks>0</ges:noOfRsks>
              <ges:bldgValAm>0.0</ges:bldgValAm>
              <ges:cntntsValAm>0.0</ges:cntntsValAm>
              <ges:biValAm>0.0</ges:biValAm>
              <ges:totalPropertyDamageValueAm>0.0</ges:totalPropertyDamageValueAm>
              <ges:totalSumInsuredValueAm>0.0</ges:totalSumInsuredValueAm>
              <ges:flrAr>ges:flrAr</ges:flrAr>
              <ges:flrArUom>ges:flrArUom</ges:flrArUom>
              <ges:bltYr>0</ges:bltYr>
              <ges:noOfStories>0</ges:noOfStories>
              <ges:bldgHght>ges:bldgHght</ges:bldgHght>
              <ges:bldgHghtUom>ges:bldgHghtUom</ges:bldgHghtUom>
              <ges:lastUpgraddYr>0</ges:lastUpgraddYr>
              <ges:flrOfInt>ges:flrOfInt</ges:flrOfInt>
              <ges:constrnTypTx>ges:constrnTypTx</ges:constrnTypTx>
              <ges:ocptnTypTx>ges:ocptnTypTx</ges:ocptnTypTx>
              <ges:currntVersnFl>ges:currntVersnFl</ges:currntVersnFl>
              <ges:creatTs>2001-12-31T12:00:00</ges:creatTs>
              <ges:creatUsrId>ges:creatUsrId</ges:creatUsrId>
              <ges:updTs>2001-12-31T12:00:00</ges:updTs>
              <ges:updUsrId>ges:updUsrId</ges:updUsrId>
              <ges:srcFileNm>ges:srcFileNm</ges:srcFileNm>
              <ges:siteNm>ges:siteNm</ges:siteNm>
              <ges:coNmBusUnt>ges:coNmBusUnt</ges:coNmBusUnt>
              <ges:prmryBldgIn>ges:prmryBldgIn</ges:prmryBldgIn>
              <ges:currency>
                <ges:crncyCd>ges:crncyCd</ges:crncyCd>
                <ges:crncyDs>ges:crncyDs</ges:crncyDs>
                <ges:efctvDt>2001-01-01</ges:efctvDt>
                <ges:isoAlphCrncyCd>ges:isoAlphCrncyCd</ges:isoAlphCrncyCd>
                <ges:crncyId>0</ges:crncyId>
                <ges:isoNmrcCrncyCd>0</ges:isoNmrcCrncyCd>
                <ges:currencyExchangeRate>
                  <ges:fromCrncyId>0</ges:fromCrncyId>
                  <ges:toCrncyId>0</ges:toCrncyId>
                  <ges:cnvrsnRt>0.0</ges:cnvrsnRt>
                  <ges:cnvrsnDt>2001-01-01</ges:cnvrsnDt>
                  <ges:rtTypIn>ges:rtTypIn</ges:rtTypIn>
                  <ges:xchngRtId>0</ges:xchngRtId>
                </ges:currencyExchangeRate>
              </ges:currency>
              <ges:structureSecModifier>
                <ges:StructureSecModifier>
                  <ges:name name="">ges:name</ges:name>
                  <ges:scheme>ges:scheme</ges:scheme>
                  <ges:cdId>0</ges:cdId>
                  <ges:cdVal>ges:cdVal</ges:cdVal>
                  <ges:cdLabel>ges:cdLabel</ges:cdLabel>
                  <ges:cdGrpVal>ges:cdGrpVal</ges:cdGrpVal>
                  <ges:cdGrpLabel>ges:cdGrpLabel</ges:cdGrpLabel>
                </ges:StructureSecModifier>
              </ges:structureSecModifier>
              <ges:sic3DCd>0</ges:sic3DCd>
              <ges:sic4DCd>0</ges:sic4DCd>
              <ges:sicGroup>ges:sicGroup</ges:sicGroup>
              <ges:sicDesc>ges:sicDesc</ges:sicDesc>
              <ges:uwtngMngmtAdjsmt>ges:uwtngMngmtAdjsmt</ges:uwtngMngmtAdjsmt>
              <ges:graspLocId>ges:graspLocId</ges:graspLocId>
              <ges:aeNm>ges:aeNm</ges:aeNm>
              <ges:sentForITV>true</ges:sentForITV>
              <ges:ITVValtnDt>2001-01-01</ges:ITVValtnDt>
              <ges:chngPct>0.0</ges:chngPct>
              <ges:DQI>0.0</ges:DQI>
              <ges:strValtnId>0</ges:strValtnId>
              <ges:TEVal>0.0</ges:TEVal>
              <ges:ttl>0.0</ges:ttl>
              <ges:typId>0</ges:typId>
              <ges:LocationCoverages>
                <ges:LoationCoverage>
                  <ges:Coverage>
                    <ges:categoryId>0</ges:categoryId>
                    <ges:typId>0</ges:typId>
                    <ges:source>ges:source</ges:source>
                  </ges:Coverage>
                  <ges:CoverageValue>
                    <ges:Unit>ges:Unit</ges:Unit>
                  </ges:CoverageValue>
                </ges:LoationCoverage>
              </ges:LocationCoverages>
              <ges:LocationNonCoverages>
                <ges:LocationNonCoverage>
                  <ges:Coverage>
                    <ges:categoryId>0</ges:categoryId>
                    <ges:typId>0</ges:typId>
                    <ges:source>ges:source</ges:source>
                  </ges:Coverage>
                  <ges:CoverageValue>
                    <ges:Unit>ges:Unit</ges:Unit>
                  </ges:CoverageValue>
                </ges:LocationNonCoverage>
              </ges:LocationNonCoverages>
              <ges:SiteCampusId>ges:SiteCampusId</ges:SiteCampusId>
            </ges:structure>
            <ges:physicalObject>
              <ges:physObjectId>0</ges:physObjectId>
              <ges:typeId>0</ges:typeId>
              <ges:populationInfoId>0</ges:populationInfoId>
              <ges:creatTs>2001-12-31T12:00:00</ges:creatTs>
              <ges:creatUsrId>ges:creatUsrId</ges:creatUsrId>
              <ges:updTs>2001-12-31T12:00:00</ges:updTs>
              <ges:updUsrId>ges:updUsrId</ges:updUsrId>
              <ges:graspInfo>
                <ges:engnrgBldgVal>0.0</ges:engnrgBldgVal>
                <ges:engnrgMachryVal>0.0</ges:engnrgMachryVal>
                <ges:ibi>0.0</ges:ibi>
                <ges:floodZnWithinPropLn>ges:floodZnWithinPropLn</ges:floodZnWithinPropLn>
                <ges:floodZn1000ftFromPropLn>ges:floodZn1000ftFromPropLn</ges:floodZn1000ftFromPropLn>
                <ges:surgeXpsr>ges:surgeXpsr</ges:surgeXpsr>
                <ges:hailstormXpsr>ges:hailstormXpsr</ges:hailstormXpsr>
                <ges:snowLodXpsr>ges:snowLodXpsr</ges:snowLodXpsr>
                <ges:othCatXpsr>ges:othCatXpsr</ges:othCatXpsr>
                <ges:engnrgOvrrdHzrdGrd>ges:engnrgOvrrdHzrdGrd</ges:engnrgOvrrdHzrdGrd>
                <ges:ovrlHeRtg>0.0</ges:ovrlHeRtg>
                <ges:locRskRtgFire>0.0</ges:locRskRtgFire>
                <ges:locRskRtgCat>0.0</ges:locRskRtgCat>
                <ges:locRskRtgCompst>0.0</ges:locRskRtgCompst>
                <ges:ttlOcpdBldgAr>0.0</ges:ttlOcpdBldgAr>
                <ges:ttlOcpdStories>0</ges:ttlOcpdStories>
                <ges:adqtAutmtcSprnklrsPct>0.0</ges:adqtAutmtcSprnklrsPct>
                <ges:neededAutmtcSprnklrsPct>0.0</ges:neededAutmtcSprnklrsPct>
                <ges:autmtcSprnklrsPct>0.0</ges:autmtcSprnklrsPct>
                <ges:predominantConstrnCls>ges:predominantConstrnCls</ges:predominantConstrnCls>
                <ges:predominantPrtctnCls>ges:predominantPrtctnCls</ges:predominantPrtctnCls>
                <ges:surgeTtlLe>0.0</ges:surgeTtlLe>
                <ges:floodTtlLe100Yr>0.0</ges:floodTtlLe100Yr>
                <ges:floodTtlLe500Yr>0.0</ges:floodTtlLe500Yr>
                <ges:floodTtlLe>0.0</ges:floodTtlLe>
                <ges:floodTtlMfl>0.0</ges:floodTtlMfl>
                <ges:wndTtlLe100Yr>0.0</ges:wndTtlLe100Yr>
                <ges:wndTtlLe500Yr>ges:wndTtlLe500Yr</ges:wndTtlLe500Yr>
                <ges:wndTtlNle>0.0</ges:wndTtlNle>
                <ges:eqLe>0.0</ges:eqLe>
                <ges:ttlMfl>0.0</ges:ttlMfl>
                <ges:ttlEml>0.0</ges:ttlEml>
                <ges:ttlPml>0.0</ges:ttlPml>
                <ges:ttlMas>0.0</ges:ttlMas>
                <ges:ttlNle>0.0</ges:ttlNle>
                <ges:ttlLe>0.0</ges:ttlLe>
                <ges:ttlObjLos>0.0</ges:ttlObjLos>
                <ges:locCls>ges:locCls</ges:locCls>
                <ges:fireIndx>ges:fireIndx</ges:fireIndx>
                <ges:xplosnIndx>ges:xplosnIndx</ges:xplosnIndx>
                <ges:xplosnRskAdqtlyEngnred>ges:xplosnRskAdqtlyEngnred</ges:xplosnRskAdqtlyEngnred>
                <ges:fldDesktpAsesd>ges:fldDesktpAsesd</ges:fldDesktpAsesd>
                <ges:engnrgSrc>ges:engnrgSrc</ges:engnrgSrc>
                <ges:graspCntntVal>0.0</ges:graspCntntVal>
                <ges:graspTmElmntVal>0.0</ges:graspTmElmntVal>
                <ges:graspTpdVal>0.0</ges:graspTpdVal>
                <ges:graspLat>0.0</ges:graspLat>
                <ges:graspLng>0.0</ges:graspLng>
                <ges:graspPrecisionCd>0.0</ges:graspPrecisionCd>
              </ges:graspInfo>
            </ges:physicalObject>
            <ges:actvIn>ges:actvIn</ges:actvIn>
            <ges:effectiveFromDate>2001-01-01</ges:effectiveFromDate>
            <ges:effectiveToDate>2001-01-01</ges:effectiveToDate>
            <ges:geographicArea>
              <ges:ggrphcArId>0</ges:ggrphcArId>
              <ges:typNm>ges:typNm</ges:typNm>
              <ges:vlidFromTs>2001-12-31T12:00:00</ges:vlidFromTs>
              <ges:vlidToTs>2001-12-31T12:00:00</ges:vlidToTs>
              <ges:ctyNm>ges:ctyNm</ges:ctyNm>
              <ges:addr>ges:addr</ges:addr>
              <ges:postalCd>ges:postalCd</ges:postalCd>
              <ges:stNm>ges:stNm</ges:stNm>
              <ges:dstrctNm>ges:dstrctNm</ges:dstrctNm>
              <ges:cntyNm>ges:cntyNm</ges:cntyNm>
              <ges:lattdInDegrs Code="">
                <ges:Value>ges:Value</ges:Value>
              </ges:lattdInDegrs>
              <ges:lngtdInDegrs Code="">
                <ges:Value>ges:Value</ges:Value>
              </ges:lngtdInDegrs>
              <ges:cntryNm>ges:cntryNm</ges:cntryNm>
              <ges:cntryCd>ges:cntryCd</ges:cntryCd>
              <ges:langCd>ges:langCd</ges:langCd>
              <ges:geoRsltnLvlId>0</ges:geoRsltnLvlId>
              <ges:addrConfdncPc>0.0</ges:addrConfdncPc>
              <ges:addrXtensn>ges:addrXtensn</ges:addrXtensn>
              <ges:isAddrStndrdizedIn>ges:isAddrStndrdizedIn</ges:isAddrStndrdizedIn>
              <ges:locPrecision>ges:locPrecision</ges:locPrecision>
              <ges:TranslatedPrecision>Rooftop</ges:TranslatedPrecision>
              <ges:crestaZone>
                <ges:crestaZnId>0</ges:crestaZnId>
                <ges:crCntryFip>ges:crCntryFip</ges:crCntryFip>
                <ges:crCrestaId>ges:crCrestaId</ges:crCrestaId>
                <ges:crFips>ges:crFips</ges:crFips>
                <ges:crGeocd>ges:crGeocd</ges:crGeocd>
                <ges:crIso3Alph>ges:crIso3Alph</ges:crIso3Alph>
                <ges:crIso3No>ges:crIso3No</ges:crIso3No>
                <ges:crPerlTyp>ges:crPerlTyp</ges:crPerlTyp>
                <ges:crStFips>ges:crStFips</ges:crStFips>
                <ges:crSbIso>ges:crSbIso</ges:crSbIso>
                <ges:crZnNo>ges:crZnNo</ges:crZnNo>
                <ges:crDcmntat>ges:crDcmntat</ges:crDcmntat>
                <ges:crNm>ges:crNm</ges:crNm>
                <ges:geographicArea/>
              </ges:crestaZone>
              <ges:subcrestaZone>
                <ges:crszCntryFip>ges:crszCntryFip</ges:crszCntryFip>
                <ges:crszCrestaId>ges:crszCrestaId</ges:crszCrestaId>
                <ges:crszFips>ges:crszFips</ges:crszFips>
                <ges:crszGeocd>ges:crszGeocd</ges:crszGeocd>
                <ges:crszIso3Alph>ges:crszIso3Alph</ges:crszIso3Alph>
                <ges:crszIso3No>ges:crszIso3No</ges:crszIso3No>
                <ges:crszPerlTyp>ges:crszPerlTyp</ges:crszPerlTyp>
                <ges:crszStFips>ges:crszStFips</ges:crszStFips>
                <ges:crszSbIso>ges:crszSbIso</ges:crszSbIso>
                <ges:crszSznNo>ges:crszSznNo</ges:crszSznNo>
                <ges:crszDcmntat>ges:crszDcmntat</ges:crszDcmntat>
                <ges:crszNm>ges:crszNm</ges:crszNm>
                <ges:crszParZoNum>ges:crszParZoNum</ges:crszParZoNum>
                <ges:crszTyp>ges:crszTyp</ges:crszTyp>
                <ges:sbcrestaZnId>0</ges:sbcrestaZnId>
                <ges:geographicArea/>
              </ges:subcrestaZone>
              <ges:cntryId>0</ges:cntryId>
              <ges:placeId>0</ges:placeId>
              <ges:basicdataIncomplete>ges:basicdataIncomplete</ges:basicdataIncomplete>
              <ges:addr2>ges:addr2</ges:addr2>
              <ges:blok>ges:blok</ges:blok>
              <ges:blokGrp>ges:blokGrp</ges:blokGrp>
              <ges:geoCdId>0</ges:geoCdId>
              <ges:geoCdTyId>0</ges:geoCdTyId>
              <ges:geoCdTyNm>ges:geoCdTyNm</ges:geoCdTyNm>
              <ges:LocationHazards>
                <ges:LocationHazard>
                  <ges:HazardNm>ges:HazardNm</ges:HazardNm>
                  <ges:HazardTyp>ges:HazardTyp</ges:HazardTyp>
                  <ges:HazardValue>ges:HazardValue</ges:HazardValue>
                  <ges:HazardDesc>ges:HazardDesc</ges:HazardDesc>
                </ges:LocationHazard>
              </ges:LocationHazards>
            </ges:geographicArea>
            <ges:autoAugmentIn>ges:autoAugmentIn</ges:autoAugmentIn>
            <ges:esbCrossReferenceInfo>
              <ges:prcsngStatCd>ges:prcsngStatCd</ges:prcsngStatCd>
              <ges:prcsngStatTs>2001-12-31T12:00:00</ges:prcsngStatTs>
              <ges:retryCnt>0</ges:retryCnt>
              <ges:sovLocId>0</ges:sovLocId>
              <ges:errMsg>ges:errMsg</ges:errMsg>
              <ges:augmentStatIn>ges:augmentStatIn</ges:augmentStatIn>
            </ges:esbCrossReferenceInfo>
            <ges:mdmCrossReferenceInfo>
              <ges:mdmContId>ges:mdmContId</ges:mdmContId>
              <ges:mdmContCmpntId>ges:mdmContCmpntId</ges:mdmContCmpntId>
              <ges:mdmHoldgId>ges:mdmHoldgId</ges:mdmHoldgId>
              <ges:mdmAddrId>ges:mdmAddrId</ges:mdmAddrId>
              <ges:sovLocId>ges:sovLocId</ges:sovLocId>
              <ges:graspReviewed>N</ges:graspReviewed>
            </ges:mdmCrossReferenceInfo>
            <ges:mdmException>
              <ges:langCd>ges:langCd</ges:langCd>
              <ges:ctyNm>ges:ctyNm</ges:ctyNm>
              <ges:postalCd>ges:postalCd</ges:postalCd>
              <ges:stNm>ges:stNm</ges:stNm>
              <ges:addrStatCd>ges:addrStatCd</ges:addrStatCd>
              <ges:dstrctNm>ges:dstrctNm</ges:dstrctNm>
              <ges:cntyNm>ges:cntyNm</ges:cntyNm>
              <ges:lattdInDegrs>ges:lattdInDegrs</ges:lattdInDegrs>
              <ges:lngtdInDegrs>ges:lngtdInDegrs</ges:lngtdInDegrs>
              <ges:coBusUnt>ges:coBusUnt</ges:coBusUnt>
              <ges:cntryNm>ges:cntryNm</ges:cntryNm>
              <ges:geoRsltnLvlId>0</ges:geoRsltnLvlId>
              <ges:mtchky>ges:mtchky</ges:mtchky>
              <ges:addrConfdncPc>0.0</ges:addrConfdncPc>
              <ges:addrLn1>ges:addrLn1</ges:addrLn1>
              <ges:addrLn2>ges:addrLn2</ges:addrLn2>
              <ges:addrLn3>ges:addrLn3</ges:addrLn3>
              <ges:addrXtensn>ges:addrXtensn</ges:addrXtensn>
              <ges:pbLocId>ges:pbLocId</ges:pbLocId>
              <ges:geoStat>ges:geoStat</ges:geoStat>
              <ges:geoStatCd>ges:geoStatCd</ges:geoStatCd>
              <ges:geoStatDesc>ges:geoStatDesc</ges:geoStatDesc>
              <ges:dplctSqn>0</ges:dplctSqn>
              <ges:flrAr>ges:flrAr</ges:flrAr>
              <ges:flrArUom>ges:flrArUom</ges:flrArUom>
              <ges:occupancyScheme>ges:occupancyScheme</ges:occupancyScheme>
              <ges:occupancyTypCd>ges:occupancyTypCd</ges:occupancyTypCd>
              <ges:bltYr>0</ges:bltYr>
              <ges:noOfRsks>0</ges:noOfRsks>
              <ges:noOfStories>0</ges:noOfStories>
              <ges:bldgHght>0</ges:bldgHght>
              <ges:bldgHghtUom>ges:bldgHghtUom</ges:bldgHghtUom>
              <ges:constrnSchemeCd>ges:constrnSchemeCd</ges:constrnSchemeCd>
              <ges:constrnTypCd>ges:constrnTypCd</ges:constrnTypCd>
              <ges:lastUpgraddYr>0</ges:lastUpgraddYr>
              <ges:flrOfInt>ges:flrOfInt</ges:flrOfInt>
              <ges:mdmContId>ges:mdmContId</ges:mdmContId>
              <ges:mdmContCmpntId>ges:mdmContCmpntId</ges:mdmContCmpntId>
              <ges:mdmHoldgId>ges:mdmHoldgId</ges:mdmHoldgId>
              <ges:mdmAddrId>ges:mdmAddrId</ges:mdmAddrId>
              <ges:isAddrStndrdizedIn>ges:isAddrStndrdizedIn</ges:isAddrStndrdizedIn>
              <ges:mdmHoldgStartDt>2001-12-31T12:00:00</ges:mdmHoldgStartDt>
              <ges:propTypCd>0</ges:propTypCd>
              <ges:addr>ges:addr</ges:addr>
              <ges:locNm>ges:locNm</ges:locNm>
              <ges:siteNm>ges:siteNm</ges:siteNm>
              <ges:cntryCd>ges:cntryCd</ges:cntryCd>
              <ges:stCd>ges:stCd</ges:stCd>
              <ges:addrStatDesc>ges:addrStatDesc</ges:addrStatDesc>
              <ges:mtchScore>ges:mtchScore</ges:mtchScore>
              <ges:locPrecision>ges:locPrecision</ges:locPrecision>
              <ges:sovLocId>0</ges:sovLocId>
              <ges:prmryBldgIn>ges:prmryBldgIn</ges:prmryBldgIn>
              <ges:graspReviewed>N</ges:graspReviewed>
            </ges:mdmException>
            <ges:pbCrossReferenceInfo>
              <ges:sovLocId>0</ges:sovLocId>
              <ges:geoRsltnLvlId>0</ges:geoRsltnLvlId>
              <ges:mtchky>ges:mtchky</ges:mtchky>
              <ges:addrConfdncPc>0.0</ges:addrConfdncPc>
              <ges:addrXtensn>ges:addrXtensn</ges:addrXtensn>
              <ges:addrStatCd>ges:addrStatCd</ges:addrStatCd>
              <ges:isAddrStndrdizedIn>ges:isAddrStndrdizedIn</ges:isAddrStndrdizedIn>
              <ges:addrStatDesc>ges:addrStatDesc</ges:addrStatDesc>
              <ges:canAr>ges:canAr</ges:canAr>
              <ges:canFloodZn>ges:canFloodZn</ges:canFloodZn>
              <ges:canPrvnc>ges:canPrvnc</ges:canPrvnc>
              <ges:canRiver>ges:canRiver</ges:canRiver>
              <ges:dstnc>ges:dstnc</ges:dstnc>
              <ges:dstncUnit>ges:dstncUnit</ges:dstncUnit>
              <ges:UserProvidedInfo>
                <ges:lattdInDegrs Code="">
                  <ges:Value>ges:Value</ges:Value>
                </ges:lattdInDegrs>
                <ges:lngtdInDegrs Code="">
                  <ges:Value>ges:Value</ges:Value>
                </ges:lngtdInDegrs>
                <ges:locationPrecision>ges:locationPrecision</ges:locationPrecision>
              </ges:UserProvidedInfo>
            </ges:pbCrossReferenceInfo>
            <ges:pbException>
              <ges:langCd>ges:langCd</ges:langCd>
              <ges:ctyNm>ges:ctyNm</ges:ctyNm>
              <ges:postalCd>ges:postalCd</ges:postalCd>
              <ges:stNm>ges:stNm</ges:stNm>
              <ges:addrStatCd>ges:addrStatCd</ges:addrStatCd>
              <ges:dstrctNm>ges:dstrctNm</ges:dstrctNm>
              <ges:cntyNm>ges:cntyNm</ges:cntyNm>
              <ges:lattdInDegrs>ges:lattdInDegrs</ges:lattdInDegrs>
              <ges:lngtdInDegrs>ges:lngtdInDegrs</ges:lngtdInDegrs>
              <ges:coBusUnt>ges:coBusUnt</ges:coBusUnt>
              <ges:cntryNm>ges:cntryNm</ges:cntryNm>
              <ges:geoRsltnLvlId>0</ges:geoRsltnLvlId>
              <ges:mtchky>ges:mtchky</ges:mtchky>
              <ges:addrConfdncPc>0.0</ges:addrConfdncPc>
              <ges:addrLn1>ges:addrLn1</ges:addrLn1>
              <ges:addrLn2>ges:addrLn2</ges:addrLn2>
              <ges:addrLn3>ges:addrLn3</ges:addrLn3>
              <ges:addrLn4>ges:addrLn4</ges:addrLn4>
              <ges:multiMtchCnt>0</ges:multiMtchCnt>
              <ges:geoStat>ges:geoStat</ges:geoStat>
              <ges:geoStatCd>ges:geoStatCd</ges:geoStatCd>
              <ges:geoStatDesc>ges:geoStatDesc</ges:geoStatDesc>
              <ges:mtchSqn>0</ges:mtchSqn>
              <ges:addrStatDesc>ges:addrStatDesc</ges:addrStatDesc>
              <ges:locPrecision>ges:locPrecision</ges:locPrecision>
              <ges:addrStat>ges:addrStat</ges:addrStat>
              <ges:sovLocId>0</ges:sovLocId>
              <ges:canAr>ges:canAr</ges:canAr>
              <ges:canFloodZn>ges:canFloodZn</ges:canFloodZn>
              <ges:canPrvnc>ges:canPrvnc</ges:canPrvnc>
              <ges:canRiver>ges:canRiver</ges:canRiver>
              <ges:canStat>ges:canStat</ges:canStat>
              <ges:canStatCd>ges:canStatCd</ges:canStatCd>
              <ges:canStatDesc>ges:canStatDesc</ges:canStatDesc>
              <ges:crCntryFip>ges:crCntryFip</ges:crCntryFip>
              <ges:crCrestaId>ges:crCrestaId</ges:crCrestaId>
              <ges:crFips>ges:crFips</ges:crFips>
              <ges:crGeocd>ges:crGeocd</ges:crGeocd>
              <ges:crIso3Alph>ges:crIso3Alph</ges:crIso3Alph>
              <ges:crIso3No>ges:crIso3No</ges:crIso3No>
              <ges:crPerlTyp>ges:crPerlTyp</ges:crPerlTyp>
              <ges:crStFips>ges:crStFips</ges:crStFips>
              <ges:crSbIso>ges:crSbIso</ges:crSbIso>
              <ges:crZnNo>ges:crZnNo</ges:crZnNo>
              <ges:crDcmntat>ges:crDcmntat</ges:crDcmntat>
              <ges:crNm>ges:crNm</ges:crNm>
              <ges:crStat>ges:crStat</ges:crStat>
              <ges:crStatCd>ges:crStatCd</ges:crStatCd>
              <ges:crStatDesc>ges:crStatDesc</ges:crStatDesc>
              <ges:crszCntryFip>ges:crszCntryFip</ges:crszCntryFip>
              <ges:crszCrestaId>ges:crszCrestaId</ges:crszCrestaId>
              <ges:crszFips>ges:crszFips</ges:crszFips>
              <ges:crszGeocd>ges:crszGeocd</ges:crszGeocd>
              <ges:crszIso3Alph>ges:crszIso3Alph</ges:crszIso3Alph>
              <ges:crszIso3No>ges:crszIso3No</ges:crszIso3No>
              <ges:crszPerlTyp>ges:crszPerlTyp</ges:crszPerlTyp>
              <ges:crszStFips>ges:crszStFips</ges:crszStFips>
              <ges:crszSbIso>ges:crszSbIso</ges:crszSbIso>
              <ges:crszSznNo>ges:crszSznNo</ges:crszSznNo>
              <ges:crszDcmntat>ges:crszDcmntat</ges:crszDcmntat>
              <ges:crszNm>ges:crszNm</ges:crszNm>
              <ges:crszParZoNum>ges:crszParZoNum</ges:crszParZoNum>
              <ges:crszTyp>ges:crszTyp</ges:crszTyp>
              <ges:crszStat>ges:crszStat</ges:crszStat>
              <ges:crszStatCd>ges:crszStatCd</ges:crszStatCd>
              <ges:crszStatDesc>ges:crszStatDesc</ges:crszStatDesc>
              <ges:addrXtensn>ges:addrXtensn</ges:addrXtensn>
              <ges:nonvlidateColList>ges:nonvlidateColList</ges:nonvlidateColList>
              <ges:dstnc>ges:dstnc</ges:dstnc>
              <ges:dstncUnt>ges:dstncUnt</ges:dstncUnt>
            </ges:pbException>
            <ges:isRequestForUpdate>true</ges:isRequestForUpdate>
            <ges:UserProvidedInfo>
              <ges:lattdInDegrs Code="">
                <ges:Value>ges:Value</ges:Value>
              </ges:lattdInDegrs>
              <ges:lngtdInDegrs Code="">
                <ges:Value>ges:Value</ges:Value>
              </ges:lngtdInDegrs>
              <ges:locationPrecision>ges:locationPrecision</ges:locationPrecision>
            </ges:UserProvidedInfo>
          </tns1:sovLocation>
          <tns1:Version>tns1:Version</tns1:Version>
        </tns1:location>
        <tns1:NoOfLocations>tns1:NoOfLocations</tns1:NoOfLocations>
        <tns1:SovId>tns1:SovId</tns1:SovId>
        <tns1:SovVersionId>tns1:SovVersionId</tns1:SovVersionId>
      </sendMessageRequest>
      <ch:RequestHeader>
        <ch:ServiceRequestContext>
          <ServiceInvocationOriginator>ServiceInvocationOriginator</ServiceInvocationOriginator>
          <ServiceInvoker>ServiceInvoker</ServiceInvoker>
          <ServiceProvider>ServiceProvider</ServiceProvider>
          <ClientId>ClientId</ClientId>
          <UserID>UserID</UserID>
          <RequestMessageId>RequestMessageId</RequestMessageId>
          <RequestTimestamp>2001-12-31T12:00:00</RequestTimestamp>
          <InteractionProtocol>SynchronousRequestAndResponse</InteractionProtocol>
          <CallbackURI>CallbackURI</CallbackURI>
          <ServiceInvocationChainEnabled>true</ServiceInvocationChainEnabled>
        </ch:ServiceRequestContext>
      </ch:RequestHeader>
      <RequestDateTime>2001-12-31T12:00:00</RequestDateTime>
      <ResponseDateTime>2001-12-31T12:00:00</ResponseDateTime>
      <ServiceInvoker>ServiceInvoker</ServiceInvoker>
      <ServiceProvider>ServiceProvider</ServiceProvider>
      <wsdlNs>wsdlNs</wsdlNs>
      <IsSequenced>true</IsSequenced>
      <IsAlgEnabled>true</IsAlgEnabled>
      <IsBatchEnabled>true</IsBatchEnabled>
      <batchSize>0</batchSize>
      <TotalLocations>0</TotalLocations>
    </transient>
    <failInfo>
      <failureString>failureString</failureString>
      <origin>origin</origin>
      <invocationPath>
        <primitive inTerminal="" name="" outTerminal=""/>
      </invocationPath>
      <predecessor xmlns:bons0="http://aig.us.com/ges/common/v3" xmlns:ch="http://aig.com/CommonHeaderV12" xmlns:httpsca="http://www.ibm.com/xmlns/prod/websphere/http/sca/6.1.0" xmlns:mq="http://www.ibm.com/xmlns/prod/websphere/mq/sca/6.0.0" xmlns:p="http://GES_Lib_Common/bo" xmlns:p1="http://GES_MF_CommonService/bo" xmlns:p2="http://ws-i.org/profiles/basic/1.1/xsd" xmlns:tns="http://www.ibm.com/websphere/sibx/smo/v6.0.1" xmlns:tns1="http://aig.us.com/ges/schema" xmlns:tns2="http://aig.us.com/ges/ext/v1" xmlns:tns3="http://aig.us.com/ges/services/GESCommonServiceV2" xmlns:tns4="http://www.w3.org/2005/08/addressing" xmlns:tns5="http://www.w3.org/2003/05/soap-envelope" xmlns:tns_1="wsdl.http://aig.us.com/ges/services/GESCommonServiceV2" xmlns:wsa="http://schemas.xmlsoap.org/ws/2004/08/addressing" tns:lang=""/>
    </failInfo>
    <primitiveContext>
      <EndpointLookupContext>
        <endpointReference>
          <io7:Address>http://tempuri.org</io7:Address>
          <io7:ReferenceProperties/>
          <io7:ReferenceParameters/>
          <io7:PortType>QName</io7:PortType>
          <io7:ServiceName PortName="NCName">QName</io7:ServiceName>
        </endpointReference>
        <registryAnnotations>
          <property>
            <name>name</name>
            <value>value</value>
          </property>
          <classification>http://tempuri.org</classification>
          <relationship>
            <relationshipName>relationshipName</relationshipName>
            <targetName>targetName</targetName>
            <targetNamespace>http://tempuri.org</targetNamespace>
            <targetVersion>targetVersion</targetVersion>
          </relationship>
        </registryAnnotations>
      </EndpointLookupContext>
      <FanOutContext>
        <iteration>0</iteration>
        <occurrence xmlns:bons0="http://aig.us.com/ges/common/v3" xmlns:ch="http://aig.com/CommonHeaderV12" xmlns:httpsca="http://www.ibm.com/xmlns/prod/websphere/http/sca/6.1.0" xmlns:mq="http://www.ibm.com/xmlns/prod/websphere/mq/sca/6.0.0" xmlns:p="http://GES_Lib_Common/bo" xmlns:p1="http://GES_MF_CommonService/bo" xmlns:p2="http://ws-i.org/profiles/basic/1.1/xsd" xmlns:tns="http://www.ibm.com/websphere/sibx/smo/v6.0.1" xmlns:tns1="http://aig.us.com/ges/schema" xmlns:tns2="http://aig.us.com/ges/ext/v1" xmlns:tns3="http://aig.us.com/ges/services/GESCommonServiceV2" xmlns:tns4="http://www.w3.org/2005/08/addressing" xmlns:tns5="http://www.w3.org/2003/05/soap-envelope" xmlns:tns_1="wsdl.http://aig.us.com/ges/services/GESCommonServiceV2" xmlns:wsa="http://schemas.xmlsoap.org/ws/2004/08/addressing" xsi:type="anyType"/>
      </FanOutContext>
      <WTXContext>
        <mapServerLocation>http://tempuri.org</mapServerLocation>
        <dynamicMap>0F00</dynamicMap>
        <mapInstances>
          <mapInstance>0</mapInstance>
          <auditInfo>auditInfo</auditInfo>
        </mapInstances>
      </WTXContext>
    </primitiveContext>
    <shared xmlns:bons0="http://aig.us.com/ges/common/v3" xmlns:ch="http://aig.com/CommonHeaderV12" xmlns:httpsca="http://www.ibm.com/xmlns/prod/websphere/http/sca/6.1.0" xmlns:mq="http://www.ibm.com/xmlns/prod/websphere/mq/sca/6.0.0" xmlns:p="http://GES_Lib_Common/bo" xmlns:p1="http://GES_MF_CommonService/bo" xmlns:p2="http://ws-i.org/profiles/basic/1.1/xsd" xmlns:tns="http://www.ibm.com/websphere/sibx/smo/v6.0.1" xmlns:tns1="http://aig.us.com/ges/schema" xmlns:tns2="http://aig.us.com/ges/ext/v1" xmlns:tns3="http://aig.us.com/ges/services/GESCommonServiceV2" xmlns:tns4="http://www.w3.org/2005/08/addressing" xmlns:tns5="http://www.w3.org/2003/05/soap-envelope" xmlns:tns_1="wsdl.http://aig.us.com/ges/services/GESCommonServiceV2" xmlns:wsa="http://schemas.xmlsoap.org/ws/2004/08/addressing" xsi:type="anyType"/>
    <dynamicProperty isPropagated="true">
      <propertySets>
        <group>group</group>
        <properties>
          <name>name</name>
          <value>value</value>
          <type>type</type>
        </properties>
      </propertySets>
    </dynamicProperty>
    <userContext>
      <entries>
        <name>name</name>
        <value xmlns:bons0="http://aig.us.com/ges/common/v3" xmlns:ch="http://aig.com/CommonHeaderV12" xmlns:httpsca="http://www.ibm.com/xmlns/prod/websphere/http/sca/6.1.0" xmlns:mq="http://www.ibm.com/xmlns/prod/websphere/mq/sca/6.0.0" xmlns:p="http://GES_Lib_Common/bo" xmlns:p1="http://GES_MF_CommonService/bo" xmlns:p2="http://ws-i.org/profiles/basic/1.1/xsd" xmlns:tns="http://www.ibm.com/websphere/sibx/smo/v6.0.1" xmlns:tns1="http://aig.us.com/ges/schema" xmlns:tns2="http://aig.us.com/ges/ext/v1" xmlns:tns3="http://aig.us.com/ges/services/GESCommonServiceV2" xmlns:tns4="http://www.w3.org/2005/08/addressing" xmlns:tns5="http://www.w3.org/2003/05/soap-envelope" xmlns:tns_1="wsdl.http://aig.us.com/ges/services/GESCommonServiceV2" xmlns:wsa="http://schemas.xmlsoap.org/ws/2004/08/addressing" xsi:type="anyType"/>
        <type>type</type>
      </entries>
    </userContext>
  </context>
  <headers>
    <SMOHeader>
      <MessageUUID>MessageUUID</MessageUUID>
      <Version>
        <Version>0</Version>
        <Release>0</Release>
        <Modification>0</Modification>
      </Version>
      <MessageType>MessageType</MessageType>
      <Operation>Operation</Operation>
      <Action>Action</Action>
      <Target bindingType="NotSet" import="" repositoryMetadata="">
        <address>http://tempuri.org</address>
      </Target>
      <AlternateTarget bindingType="NotSet" import="" repositoryMetadata="">
        <address>http://tempuri.org</address>
      </AlternateTarget>
      <SourceNode>SourceNode</SourceNode>
      <SourceBindingType>NotSet</SourceBindingType>
      <Interface>Interface</Interface>
    </SMOHeader>
    <JMSHeader>
      <JMSDestination>http://tempuri.org</JMSDestination>
      <JMSDeliveryMode>NonPersistent</JMSDeliveryMode>
      <JMSMessageID>JMSMessageID</JMSMessageID>
      <JMSTimestamp>0</JMSTimestamp>
      <JMSCorrelationID>JMSCorrelationID</JMSCorrelationID>
      <JMSReplyTo>http://tempuri.org</JMSReplyTo>
      <JMSRedelivered>true</JMSRedelivered>
      <JMSType>JMSType</JMSType>
      <JMSExpiration>0</JMSExpiration>
      <JMSPriority>0</JMSPriority>
    </JMSHeader>
    <SOAPHeader>
      <nameSpace>http://tempuri.org</nameSpace>
      <name>NCName</name>
      <prefix>NCName</prefix>
      <value xmlns:bons0="http://aig.us.com/ges/common/v3" xmlns:ch="http://aig.com/CommonHeaderV12" xmlns:httpsca="http://www.ibm.com/xmlns/prod/websphere/http/sca/6.1.0" xmlns:mq="http://www.ibm.com/xmlns/prod/websphere/mq/sca/6.0.0" xmlns:p="http://GES_Lib_Common/bo" xmlns:p1="http://GES_MF_CommonService/bo" xmlns:p2="http://ws-i.org/profiles/basic/1.1/xsd" xmlns:tns="http://www.ibm.com/websphere/sibx/smo/v6.0.1" xmlns:tns1="http://aig.us.com/ges/schema" xmlns:tns2="http://aig.us.com/ges/ext/v1" xmlns:tns3="http://aig.us.com/ges/services/GESCommonServiceV2" xmlns:tns4="http://www.w3.org/2005/08/addressing" xmlns:tns5="http://www.w3.org/2003/05/soap-envelope" xmlns:tns_1="wsdl.http://aig.us.com/ges/services/GESCommonServiceV2" xmlns:wsa="http://schemas.xmlsoap.org/ws/2004/08/addressing" xsi:type="anyType"/>
    </SOAPHeader>
    <SOAPFaultInfo>
      <faultcode>QName</faultcode>
      <faultstring>faultstring</faultstring>
      <faultactor>http://tempuri.org</faultactor>
      <extendedFaultInfo>
        <Code>
          <io2:Value>{http://www.w3.org/2003/05/soap-envelope}DataEncodingUnknown</io2:Value>
          <io2:Subcode>
            <io2:Value>QName</io2:Value>
            <tns5:Subcode xmlns:tns5="http://www.w3.org/2003/05/soap-envelope" xmlns:bons0="http://aig.us.com/ges/common/v3" xmlns:ch="http://aig.com/CommonHeaderV12" xmlns:httpsca="http://www.ibm.com/xmlns/prod/websphere/http/sca/6.1.0" xmlns:mq="http://www.ibm.com/xmlns/prod/websphere/mq/sca/6.0.0" xmlns:p="http://GES_Lib_Common/bo" xmlns:p1="http://GES_MF_CommonService/bo" xmlns:p2="http://ws-i.org/profiles/basic/1.1/xsd" xmlns:tns="http://www.ibm.com/websphere/sibx/smo/v6.0.1" xmlns:tns1="http://aig.us.com/ges/schema" xmlns:tns2="http://aig.us.com/ges/ext/v1" xmlns:tns3="http://aig.us.com/ges/services/GESCommonServiceV2" xmlns:tns4="http://www.w3.org/2005/08/addressing" xmlns:tns_1="wsdl.http://aig.us.com/ges/services/GESCommonServiceV2" xmlns:wsa="http://schemas.xmlsoap.org/ws/2004/08/addressing"/>
          </io2:Subcode>
        </Code>
        <Reason>
          <io2:Text xml:lang="">tns5:Text</io2:Text>
        </Reason>
        <Node>http://tempuri.org</Node>
        <Role>http://tempuri.org</Role>
      </extendedFaultInfo>
    </SOAPFaultInfo>
    <properties>
      <name>name</name>
      <value>value</value>
      <type>type</type>
    </properties>
    <MQHeader>
      <md>
        <Report>0</Report>
        <MsgType>0</MsgType>
        <Expiry>0</Expiry>
        <Feedback>0</Feedback>
        <Priority>0</Priority>
        <Persistence>0</Persistence>
        <MsgId>0F00</MsgId>
        <CorrelId>0F00</CorrelId>
        <BackoutCount>0</BackoutCount>
        <ReplyToQ>ReplyToQ</ReplyToQ>
        <ReplyToQMgr>ReplyToQMgr</ReplyToQMgr>
        <UserIdentifier>UserIdentifier</UserIdentifier>
        <AccountingToken>0F00</AccountingToken>
        <ApplIdentityData>ApplIdentityData</ApplIdentityData>
        <PutApplType>0</PutApplType>
        <PutApplName>PutApplName</PutApplName>
        <PutDate>PutDate</PutDate>
        <PutTime>PutTime</PutTime>
        <ApplOriginData>ApplOriginData</ApplOriginData>
        <GroupId>0F00</GroupId>
        <MsgSeqNumber>0</MsgSeqNumber>
        <Offset>0</Offset>
        <MsgFlags>0</MsgFlags>
        <OriginalLength>0</OriginalLength>
      </md>
      <control>
        <Encoding>0</Encoding>
        <CodedCharSetId>0</CodedCharSetId>
        <Format>Format</Format>
      </control>
      <header>
        <Encoding>0</Encoding>
        <CodedCharSetId>0</CodedCharSetId>
        <Format>Format</Format>
        <value xmlns:bons0="http://aig.us.com/ges/common/v3" xmlns:ch="http://aig.com/CommonHeaderV12" xmlns:httpsca="http://www.ibm.com/xmlns/prod/websphere/http/sca/6.1.0" xmlns:mq="http://www.ibm.com/xmlns/prod/websphere/mq/sca/6.0.0" xmlns:p="http://GES_Lib_Common/bo" xmlns:p1="http://GES_MF_CommonService/bo" xmlns:p2="http://ws-i.org/profiles/basic/1.1/xsd" xmlns:tns="http://www.ibm.com/websphere/sibx/smo/v6.0.1" xmlns:tns1="http://aig.us.com/ges/schema" xmlns:tns2="http://aig.us.com/ges/ext/v1" xmlns:tns3="http://aig.us.com/ges/services/GESCommonServiceV2" xmlns:tns4="http://www.w3.org/2005/08/addressing" xmlns:tns5="http://www.w3.org/2003/05/soap-envelope" xmlns:tns_1="wsdl.http://aig.us.com/ges/services/GESCommonServiceV2" xmlns:wsa="http://schemas.xmlsoap.org/ws/2004/08/addressing" xsi:type="anyType"/>
      </header>
    </MQHeader>
    <HTTPHeader>
      <control>
        <io8:URL>http://tempuri.org</io8:URL>
        <io8:Version>1.0</io8:Version>
        <io8:Method>httpsca:Method</io8:Method>
        <io8:DynamicOverrideURL>http://tempuri.org</io8:DynamicOverrideURL>
        <io8:DynamicOverrideVersion>1.0</io8:DynamicOverrideVersion>
        <io8:DynamicOverrideMethod>httpsca:DynamicOverrideMethod</io8:DynamicOverrideMethod>
        <io8:MediaType>httpsca:MediaType</io8:MediaType>
        <io8:Charset>httpsca:Charset</io8:Charset>
        <io8:TransferEncoding>httpsca:TransferEncoding</io8:TransferEncoding>
        <io8:ContentEncoding>httpsca:ContentEncoding</io8:ContentEncoding>
        <io8:StatusCode>0</io8:StatusCode>
        <io8:ReasonPhrase>httpsca:ReasonPhrase</io8:ReasonPhrase>
        <io8:ContentLength>0</io8:ContentLength>
        <io8:ExportContextPath>httpsca:ExportContextPath</io8:ExportContextPath>
        <io8:Authentication>
          <io8:credentials>
            <io8:userId>httpsca:userId</io8:userId>
            <io8:password>httpsca:password</io8:password>
          </io8:credentials>
          <io8:authenticationType>Basic</io8:authenticationType>
        </io8:Authentication>
        <io8:SSLSettings>
          <io8:SSLVersion>SSL</io8:SSLVersion>
          <io8:SSLDebug>false</io8:SSLDebug>
          <io8:KeyStoreType>JKS</io8:KeyStoreType>
          <io8:TrustStoreType>JKS</io8:TrustStoreType>
          <io8:KeyStore>httpsca:KeyStore</io8:KeyStore>
          <io8:KeyStoreAlias>httpsca:KeyStoreAlias</io8:KeyStoreAlias>
          <io8:KeyStorePassword>httpsca:KeyStorePassword</io8:KeyStorePassword>
          <io8:TrustStore>httpsca:TrustStore</io8:TrustStore>
          <io8:TrustStorePassword>httpsca:TrustStorePassword</io8:TrustStorePassword>
          <io8:UseClientAuth>false</io8:UseClientAuth>
        </io8:SSLSettings>
        <io8:ProxySettings>
          <io8:proxyHost>httpsca:proxyHost</io8:proxyHost>
          <io8:proxyPort>0</io8:proxyPort>
          <io8:proxyType>http</io8:proxyType>
          <io8:proxyCredentials>
            <io8:userId>httpsca:userId</io8:userId>
            <io8:password>httpsca:password</io8:password>
          </io8:proxyCredentials>
          <io8:nonProxyHost>httpsca:nonProxyHost</io8:nonProxyHost>
        </io8:ProxySettings>
      </control>
      <header>
        <io8:name>httpsca:name</io8:name>
        <io8:value>httpsca:value</io8:value>
      </header>
    </HTTPHeader>
    <EISHeader>
      <EISInteractionSpec xmlns:bons0="http://aig.us.com/ges/common/v3" xmlns:ch="http://aig.com/CommonHeaderV12" xmlns:httpsca="http://www.ibm.com/xmlns/prod/websphere/http/sca/6.1.0" xmlns:mq="http://www.ibm.com/xmlns/prod/websphere/mq/sca/6.0.0" xmlns:p="http://GES_Lib_Common/bo" xmlns:p1="http://GES_MF_CommonService/bo" xmlns:p2="http://ws-i.org/profiles/basic/1.1/xsd" xmlns:tns="http://www.ibm.com/websphere/sibx/smo/v6.0.1" xmlns:tns1="http://aig.us.com/ges/schema" xmlns:tns2="http://aig.us.com/ges/ext/v1" xmlns:tns3="http://aig.us.com/ges/services/GESCommonServiceV2" xmlns:tns4="http://www.w3.org/2005/08/addressing" xmlns:tns5="http://www.w3.org/2003/05/soap-envelope" xmlns:tns_1="wsdl.http://aig.us.com/ges/services/GESCommonServiceV2" xmlns:wsa="http://schemas.xmlsoap.org/ws/2004/08/addressing" xsi:type="anyType"/>
      <EISConnectionSpec xmlns:bons0="http://aig.us.com/ges/common/v3" xmlns:ch="http://aig.com/CommonHeaderV12" xmlns:httpsca="http://www.ibm.com/xmlns/prod/websphere/http/sca/6.1.0" xmlns:mq="http://www.ibm.com/xmlns/prod/websphere/mq/sca/6.0.0" xmlns:p="http://GES_Lib_Common/bo" xmlns:p1="http://GES_MF_CommonService/bo" xmlns:p2="http://ws-i.org/profiles/basic/1.1/xsd" xmlns:tns="http://www.ibm.com/websphere/sibx/smo/v6.0.1" xmlns:tns1="http://aig.us.com/ges/schema" xmlns:tns2="http://aig.us.com/ges/ext/v1" xmlns:tns3="http://aig.us.com/ges/services/GESCommonServiceV2" xmlns:tns4="http://www.w3.org/2005/08/addressing" xmlns:tns5="http://www.w3.org/2003/05/soap-envelope" xmlns:tns_1="wsdl.http://aig.us.com/ges/services/GESCommonServiceV2" xmlns:wsa="http://schemas.xmlsoap.org/ws/2004/08/addressing" xsi:type="anyType"/>
    </EISHeader>
    <WSAHeader version="http://www.w3.org/2005/08/addressing">
      <io13:To>http://tempuri.org</io13:To>
      <ReferenceParameters/>
      <io13:From>
        <io13:Address>http://tempuri.org</io13:Address>
        <io13:ReferenceParameters/>
        <io13:Metadata/>
      </io13:From>
      <io13:ReplyTo>
        <io13:Address>http://tempuri.org</io13:Address>
        <io13:ReferenceParameters/>
        <io13:Metadata/>
      </io13:ReplyTo>
      <io13:FaultTo>
        <io13:Address>http://tempuri.org</io13:Address>
        <io13:ReferenceParameters/>
        <io13:Metadata/>
      </io13:FaultTo>
      <io13:Action>http://tempuri.org</io13:Action>
      <io13:MessageID>http://tempuri.org</io13:MessageID>
      <io13:RelatesTo RelationshipType="http://www.w3.org/2005/08/addressing/reply">http://tempuri.org</io13:RelatesTo>
    </WSAHeader>
  </headers>
  <body xsi:type="out2:updateAugmentedLocationRequestMsg">
    <out:updateAugmentedLocation>
      <updateAugmentedLocationRequest>
        <io10:updateRequiredFor>tns1:updateRequiredFor</io10:updateRequiredFor>
        <io10:version>tns1:version</io10:version>
        <io10:locations>
          <io10:version>tns1:version</io10:version>
          <io10:location>
            <io10:sovLocation>
              <io9:sovLocId>ges:sovLocId</io9:sovLocId>
              <io9:locationSource>GES</io9:locationSource>
              <io9:matchScore>ges:matchScore</io9:matchScore>
              <ges:agreementRequestId xmlns:bons0="http://aig.us.com/ges/common/v3" xmlns:ch="http://aig.com/CommonHeaderV12" xmlns:httpsca="http://www.ibm.com/xmlns/prod/websphere/http/sca/6.1.0" xmlns:mq="http://www.ibm.com/xmlns/prod/websphere/mq/sca/6.0.0" xmlns:p="http://GES_Lib_Common/bo" xmlns:p1="http://GES_MF_CommonService/bo" xmlns:p2="http://ws-i.org/profiles/basic/1.1/xsd" xmlns:tns="http://www.ibm.com/websphere/sibx/smo/v6.0.1" xmlns:tns1="http://aig.us.com/ges/schema" xmlns:tns2="http://aig.us.com/ges/ext/v1" xmlns:tns3="http://aig.us.com/ges/services/GESCommonServiceV2" xmlns:tns4="http://www.w3.org/2005/08/addressing" xmlns:tns5="http://www.w3.org/2003/05/soap-envelope" xmlns:tns_1="wsdl.http://aig.us.com/ges/services/GESCommonServiceV2" xmlns:wsa="http://schemas.xmlsoap.org/ws/2004/08/addressing" name="Policy Number">ges:agreementRequestId</ges:agreementRequestId>
              <ges:structure xmlns:bons0="http://aig.us.com/ges/common/v3" xmlns:ch="http://aig.com/CommonHeaderV12" xmlns:httpsca="http://www.ibm.com/xmlns/prod/websphere/http/sca/6.1.0" xmlns:mq="http://www.ibm.com/xmlns/prod/websphere/mq/sca/6.0.0" xmlns:p="http://GES_Lib_Common/bo" xmlns:p1="http://GES_MF_CommonService/bo" xmlns:p2="http://ws-i.org/profiles/basic/1.1/xsd" xmlns:tns="http://www.ibm.com/websphere/sibx/smo/v6.0.1" xmlns:tns1="http://aig.us.com/ges/schema" xmlns:tns2="http://aig.us.com/ges/ext/v1" xmlns:tns3="http://aig.us.com/ges/services/GESCommonServiceV2" xmlns:tns4="http://www.w3.org/2005/08/addressing" xmlns:tns5="http://www.w3.org/2003/05/soap-envelope" xmlns:tns_1="wsdl.http://aig.us.com/ges/services/GESCommonServiceV2" xmlns:wsa="http://schemas.xmlsoap.org/ws/2004/08/addressing">
              <ges:structureId>0</ges:structureId>
              <ges:typeId>0</ges:typeId>
              <ges:physObjectId>0</ges:physObjectId>
              <ges:constructionType>
                <ges:constrnTypCd>ges:constrnTypCd</ges:constrnTypCd>
                <ges:constrnTypDs>ges:constrnTypDs</ges:constrnTypDs>
                <ges:constrnTypId>0</ges:constrnTypId>
                <ges:clsfctnScheme>ges:clsfctnScheme</ges:clsfctnScheme>
              </ges:constructionType>
              <ges:SourceConstructionTypes TargetScheme="">
                <ges:SourceConstructionType>
                  <ges:constrnTypCd>ges:constrnTypCd</ges:constrnTypCd>
                  <ges:constrnTypDs>ges:constrnTypDs</ges:constrnTypDs>
                  <ges:constrnTypId>0</ges:constrnTypId>
                  <ges:clsfctnScheme>ges:clsfctnScheme</ges:clsfctnScheme>
                </ges:SourceConstructionType>
              </ges:SourceConstructionTypes>
              <ges:occupationType>
                <ges:ocptnTypCd>ges:ocptnTypCd</ges:ocptnTypCd>
                <ges:ocptnTypDs>ges:ocptnTypDs</ges:ocptnTypDs>
                <ges:ocptnTypId>0</ges:ocptnTypId>
                <ges:clsfctnScheme>ges:clsfctnScheme</ges:clsfctnScheme>
              </ges:occupationType>
              <ges:structureType>ges:structureType</ges:structureType>
              <ges:name>ges:name</ges:name>
              <ges:description>ges:description</ges:description>
              <ges:basicDataIncomplete>ges:basicDataIncomplete</ges:basicDataIncomplete>
              <ges:populationInfoId>0</ges:populationInfoId>
              <ges:effectiveFromDate>2001-01-01</ges:effectiveFromDate>
              <ges:effectiveToDate>2001-01-01</ges:effectiveToDate>
              <ges:xtrnlRefNo>ges:xtrnlRefNo</ges:xtrnlRefNo>
              <ges:noOfRsks>0</ges:noOfRsks>
              <ges:bldgValAm>0.0</ges:bldgValAm>
              <ges:cntntsValAm>0.0</ges:cntntsValAm>
              <ges:biValAm>0.0</ges:biValAm>
              <ges:totalPropertyDamageValueAm>0.0</ges:totalPropertyDamageValueAm>
              <ges:totalSumInsuredValueAm>0.0</ges:totalSumInsuredValueAm>
              <ges:flrAr>ges:flrAr</ges:flrAr>
              <ges:flrArUom>ges:flrArUom</ges:flrArUom>
              <ges:bltYr>0</ges:bltYr>
              <ges:noOfStories>0</ges:noOfStories>
              <ges:bldgHght>ges:bldgHght</ges:bldgHght>
              <ges:bldgHghtUom>ges:bldgHghtUom</ges:bldgHghtUom>
              <ges:lastUpgraddYr>0</ges:lastUpgraddYr>
              <ges:flrOfInt>ges:flrOfInt</ges:flrOfInt>
              <ges:constrnTypTx>ges:constrnTypTx</ges:constrnTypTx>
              <ges:ocptnTypTx>ges:ocptnTypTx</ges:ocptnTypTx>
              <ges:currntVersnFl>ges:currntVersnFl</ges:currntVersnFl>
              <ges:creatTs>2001-12-31T12:00:00</ges:creatTs>
              <ges:creatUsrId>ges:creatUsrId</ges:creatUsrId>
              <ges:updTs>2001-12-31T12:00:00</ges:updTs>
              <ges:updUsrId>ges:updUsrId</ges:updUsrId>
              <ges:srcFileNm>ges:srcFileNm</ges:srcFileNm>
              <ges:siteNm>ges:siteNm</ges:siteNm>
              <ges:coNmBusUnt>ges:coNmBusUnt</ges:coNmBusUnt>
              <ges:prmryBldgIn>ges:prmryBldgIn</ges:prmryBldgIn>
              <ges:currency>
                <ges:crncyCd>ges:crncyCd</ges:crncyCd>
                <ges:crncyDs>ges:crncyDs</ges:crncyDs>
                <ges:efctvDt>2001-01-01</ges:efctvDt>
                <ges:isoAlphCrncyCd>ges:isoAlphCrncyCd</ges:isoAlphCrncyCd>
                <ges:crncyId>0</ges:crncyId>
                <ges:isoNmrcCrncyCd>0</ges:isoNmrcCrncyCd>
                <ges:currencyExchangeRate>
                  <ges:fromCrncyId>0</ges:fromCrncyId>
                  <ges:toCrncyId>0</ges:toCrncyId>
                  <ges:cnvrsnRt>0.0</ges:cnvrsnRt>
                  <ges:cnvrsnDt>2001-01-01</ges:cnvrsnDt>
                  <ges:rtTypIn>ges:rtTypIn</ges:rtTypIn>
                  <ges:xchngRtId>0</ges:xchngRtId>
                </ges:currencyExchangeRate>
              </ges:currency>
              <ges:structureSecModifier>
                <ges:StructureSecModifier>
                  <ges:name name="">ges:name</ges:name>
                  <ges:scheme>ges:scheme</ges:scheme>
                  <ges:cdId>0</ges:cdId>
                  <ges:cdVal>ges:cdVal</ges:cdVal>
                  <ges:cdLabel>ges:cdLabel</ges:cdLabel>
                  <ges:cdGrpVal>ges:cdGrpVal</ges:cdGrpVal>
                  <ges:cdGrpLabel>ges:cdGrpLabel</ges:cdGrpLabel>
                </ges:StructureSecModifier>
              </ges:structureSecModifier>
              <ges:sic3DCd>0</ges:sic3DCd>
              <ges:sic4DCd>0</ges:sic4DCd>
              <ges:sicGroup>ges:sicGroup</ges:sicGroup>
              <ges:sicDesc>ges:sicDesc</ges:sicDesc>
              <ges:uwtngMngmtAdjsmt>ges:uwtngMngmtAdjsmt</ges:uwtngMngmtAdjsmt>
              <ges:graspLocId>ges:graspLocId</ges:graspLocId>
              <ges:aeNm>ges:aeNm</ges:aeNm>
              <ges:sentForITV>true</ges:sentForITV>
              <ges:ITVValtnDt>2001-01-01</ges:ITVValtnDt>
              <ges:chngPct>0.0</ges:chngPct>
              <ges:DQI>0.0</ges:DQI>
              <ges:strValtnId>0</ges:strValtnId>
              <ges:TEVal>0.0</ges:TEVal>
              <ges:ttl>0.0</ges:ttl>
              <ges:typId>0</ges:typId>
              <ges:LocationCoverages>
                <ges:LoationCoverage>
                  <ges:Coverage>
                    <ges:categoryId>0</ges:categoryId>
                    <ges:typId>0</ges:typId>
                    <ges:source>ges:source</ges:source>
                  </ges:Coverage>
                  <ges:CoverageValue>
                    <ges:Unit>ges:Unit</ges:Unit>
                  </ges:CoverageValue>
                </ges:LoationCoverage>
              </ges:LocationCoverages>
              <ges:LocationNonCoverages>
                <ges:LocationNonCoverage>
                  <ges:Coverage>
                    <ges:categoryId>0</ges:categoryId>
                    <ges:typId>0</ges:typId>
                    <ges:source>ges:source</ges:source>
                  </ges:Coverage>
                  <ges:CoverageValue>
                    <ges:Unit>ges:Unit</ges:Unit>
                  </ges:CoverageValue>
                </ges:LocationNonCoverage>
              </ges:LocationNonCoverages>
              <ges:SiteCampusId>ges:SiteCampusId</ges:SiteCampusId>
            </ges:structure>
              <ges:physicalObject xmlns:bons0="http://aig.us.com/ges/common/v3" xmlns:ch="http://aig.com/CommonHeaderV12" xmlns:httpsca="http://www.ibm.com/xmlns/prod/websphere/http/sca/6.1.0" xmlns:mq="http://www.ibm.com/xmlns/prod/websphere/mq/sca/6.0.0" xmlns:p="http://GES_Lib_Common/bo" xmlns:p1="http://GES_MF_CommonService/bo" xmlns:p2="http://ws-i.org/profiles/basic/1.1/xsd" xmlns:tns="http://www.ibm.com/websphere/sibx/smo/v6.0.1" xmlns:tns1="http://aig.us.com/ges/schema" xmlns:tns2="http://aig.us.com/ges/ext/v1" xmlns:tns3="http://aig.us.com/ges/services/GESCommonServiceV2" xmlns:tns4="http://www.w3.org/2005/08/addressing" xmlns:tns5="http://www.w3.org/2003/05/soap-envelope" xmlns:tns_1="wsdl.http://aig.us.com/ges/services/GESCommonServiceV2" xmlns:wsa="http://schemas.xmlsoap.org/ws/2004/08/addressing">
              <ges:physObjectId>0</ges:physObjectId>
              <ges:typeId>0</ges:typeId>
              <ges:populationInfoId>0</ges:populationInfoId>
              <ges:creatTs>2001-12-31T12:00:00</ges:creatTs>
              <ges:creatUsrId>ges:creatUsrId</ges:creatUsrId>
              <ges:updTs>2001-12-31T12:00:00</ges:updTs>
              <ges:updUsrId>ges:updUsrId</ges:updUsrId>
              <ges:graspInfo>
                <ges:engnrgBldgVal>0.0</ges:engnrgBldgVal>
                <ges:engnrgMachryVal>0.0</ges:engnrgMachryVal>
                <ges:ibi>0.0</ges:ibi>
                <ges:floodZnWithinPropLn>ges:floodZnWithinPropLn</ges:floodZnWithinPropLn>
                <ges:floodZn1000ftFromPropLn>ges:floodZn1000ftFromPropLn</ges:floodZn1000ftFromPropLn>
                <ges:surgeXpsr>ges:surgeXpsr</ges:surgeXpsr>
                <ges:hailstormXpsr>ges:hailstormXpsr</ges:hailstormXpsr>
                <ges:snowLodXpsr>ges:snowLodXpsr</ges:snowLodXpsr>
                <ges:othCatXpsr>ges:othCatXpsr</ges:othCatXpsr>
                <ges:engnrgOvrrdHzrdGrd>ges:engnrgOvrrdHzrdGrd</ges:engnrgOvrrdHzrdGrd>
                <ges:ovrlHeRtg>0.0</ges:ovrlHeRtg>
                <ges:locRskRtgFire>0.0</ges:locRskRtgFire>
                <ges:locRskRtgCat>0.0</ges:locRskRtgCat>
                <ges:locRskRtgCompst>0.0</ges:locRskRtgCompst>
                <ges:ttlOcpdBldgAr>0.0</ges:ttlOcpdBldgAr>
                <ges:ttlOcpdStories>0</ges:ttlOcpdStories>
                <ges:adqtAutmtcSprnklrsPct>0.0</ges:adqtAutmtcSprnklrsPct>
                <ges:neededAutmtcSprnklrsPct>0.0</ges:neededAutmtcSprnklrsPct>
                <ges:autmtcSprnklrsPct>0.0</ges:autmtcSprnklrsPct>
                <ges:predominantConstrnCls>ges:predominantConstrnCls</ges:predominantConstrnCls>
                <ges:predominantPrtctnCls>ges:predominantPrtctnCls</ges:predominantPrtctnCls>
                <ges:surgeTtlLe>0.0</ges:surgeTtlLe>
                <ges:floodTtlLe100Yr>0.0</ges:floodTtlLe100Yr>
                <ges:floodTtlLe500Yr>0.0</ges:floodTtlLe500Yr>
                <ges:floodTtlLe>0.0</ges:floodTtlLe>
                <ges:floodTtlMfl>0.0</ges:floodTtlMfl>
                <ges:wndTtlLe100Yr>0.0</ges:wndTtlLe100Yr>
                <ges:wndTtlLe500Yr>ges:wndTtlLe500Yr</ges:wndTtlLe500Yr>
                <ges:wndTtlNle>0.0</ges:wndTtlNle>
                <ges:eqLe>0.0</ges:eqLe>
                <ges:ttlMfl>0.0</ges:ttlMfl>
                <ges:ttlEml>0.0</ges:ttlEml>
                <ges:ttlPml>0.0</ges:ttlPml>
                <ges:ttlMas>0.0</ges:ttlMas>
                <ges:ttlNle>0.0</ges:ttlNle>
                <ges:ttlLe>0.0</ges:ttlLe>
                <ges:ttlObjLos>0.0</ges:ttlObjLos>
                <ges:locCls>ges:locCls</ges:locCls>
                <ges:fireIndx>ges:fireIndx</ges:fireIndx>
                <ges:xplosnIndx>ges:xplosnIndx</ges:xplosnIndx>
                <ges:xplosnRskAdqtlyEngnred>ges:xplosnRskAdqtlyEngnred</ges:xplosnRskAdqtlyEngnred>
                <ges:fldDesktpAsesd>ges:fldDesktpAsesd</ges:fldDesktpAsesd>
                <ges:engnrgSrc>ges:engnrgSrc</ges:engnrgSrc>
                <ges:graspCntntVal>0.0</ges:graspCntntVal>
                <ges:graspTmElmntVal>0.0</ges:graspTmElmntVal>
                <ges:graspTpdVal>0.0</ges:graspTpdVal>
                <ges:graspLat>0.0</ges:graspLat>
                <ges:graspLng>0.0</ges:graspLng>
                <ges:graspPrecisionCd>0.0</ges:graspPrecisionCd>
              </ges:graspInfo>
            </ges:physicalObject>
              <io9:actvIn>ges:actvIn</io9:actvIn>
              <io9:effectiveFromDate>2001-01-01</io9:effectiveFromDate>
              <io9:effectiveToDate>2001-01-01</io9:effectiveToDate>
              <io9:geographicArea>
                <io9:ggrphcArId>0</io9:ggrphcArId>
                <io9:typNm>ges:typNm</io9:typNm>
                <io9:vlidFromTs>2001-12-31T12:00:00</io9:vlidFromTs>
                <io9:vlidToTs>2001-12-31T12:00:00</io9:vlidToTs>
                <io9:ctyNm>ges:ctyNm</io9:ctyNm>
                <io9:addr>ges:addr</io9:addr>
                <io9:postalCd>ges:postalCd</io9:postalCd>
                <io9:stNm>ges:stNm</io9:stNm>
                <io9:dstrctNm>ges:dstrctNm</io9:dstrctNm>
                <io9:cntyNm>ges:cntyNm</io9:cntyNm>
                <io9:lattdInDegrs Code="">
                  <io9:Value>ges:Value</io9:Value>
                </io9:lattdInDegrs>
                <io9:lngtdInDegrs Code="">
                  <io9:Value>ges:Value</io9:Value>
                </io9:lngtdInDegrs>
                <io9:cntryNm>ges:cntryNm</io9:cntryNm>
                <io9:cntryCd>ges:cntryCd</io9:cntryCd>
                <io9:langCd>ges:langCd</io9:langCd>
                <io9:geoRsltnLvlId>0</io9:geoRsltnLvlId>
                <io9:addrConfdncPc>0.0</io9:addrConfdncPc>
                <io9:addrXtensn>ges:addrXtensn</io9:addrXtensn>
                <io9:isAddrStndrdizedIn>ges:isAddrStndrdizedIn</io9:isAddrStndrdizedIn>
                <io9:locPrecision>ges:locationPrecision</io9:locPrecision>
                <io9:TranslatedPrecision>Rooftop</io9:TranslatedPrecision>
                <io9:crestaZone>
                  <io9:crestaZnId>0</io9:crestaZnId>
                  <io9:crCntryFip>ges:crCntryFip</io9:crCntryFip>
                  <io9:crCrestaId>ges:crCrestaId</io9:crCrestaId>
                  <io9:crFips>ges:crFips</io9:crFips>
                  <io9:crGeocd>ges:crGeocd</io9:crGeocd>
                  <io9:crIso3Alph>ges:crIso3Alph</io9:crIso3Alph>
                  <io9:crIso3No>ges:crIso3No</io9:crIso3No>
                  <io9:crPerlTyp>ges:crPerlTyp</io9:crPerlTyp>
                  <io9:crStFips>ges:crStFips</io9:crStFips>
                  <io9:crSbIso>ges:crSbIso</io9:crSbIso>
                  <io9:crZnNo>ges:crZnNo</io9:crZnNo>
                  <io9:crDcmntat>ges:crDcmntat</io9:crDcmntat>
                  <io9:crNm>ges:crNm</io9:crNm>
                  <io9:geographicArea/>
                </io9:crestaZone>
                <io9:subcrestaZone>
                  <io9:crszCntryFip>ges:crszCntryFip</io9:crszCntryFip>
                  <io9:crszCrestaId>ges:crszCrestaId</io9:crszCrestaId>
                  <io9:crszFips>ges:crszFips</io9:crszFips>
                  <io9:crszGeocd>ges:crszGeocd</io9:crszGeocd>
                  <io9:crszIso3Alph>ges:crszIso3Alph</io9:crszIso3Alph>
                  <io9:crszIso3No>ges:crszIso3No</io9:crszIso3No>
                  <io9:crszPerlTyp>ges:crszPerlTyp</io9:crszPerlTyp>
                  <io9:crszStFips>ges:crszStFips</io9:crszStFips>
                  <io9:crszSbIso>ges:crszSbIso</io9:crszSbIso>
                  <io9:crszSznNo>ges:crszSznNo</io9:crszSznNo>
                  <io9:crszDcmntat>ges:crszDcmntat</io9:crszDcmntat>
                  <io9:crszNm>ges:crszNm</io9:crszNm>
                  <io9:crszParZoNum>ges:crszParZoNum</io9:crszParZoNum>
                  <io9:crszTyp>ges:crszTyp</io9:crszTyp>
                  <io9:sbcrestaZnId>0</io9:sbcrestaZnId>
                  <io9:geographicArea/>
                </io9:subcrestaZone>
                <io9:cntryId>0</io9:cntryId>
                <io9:placeId>0</io9:placeId>
                <io9:basicdataIncomplete>ges:basicdataIncomplete</io9:basicdataIncomplete>
                <io9:addr2>ges:addr2</io9:addr2>
                <io9:blok>ges:blok</io9:blok>
                <io9:blokGrp>ges:blokGrp</io9:blokGrp>
                <io9:geoCdId>0</io9:geoCdId>
                <io9:geoCdTyId>0</io9:geoCdTyId>
                <io9:geoCdTyNm>ges:geoCdTyNm</io9:geoCdTyNm>
                <io9:LocationHazards>
                  <io9:LocationHazard>
                    <io9:HazardNm>ges:HazardNm</io9:HazardNm>
                    <io9:HazardTyp>ges:HazardTyp</io9:HazardTyp>
                    <io9:HazardValue>ges:HazardValue</io9:HazardValue>
                    <io9:HazardDesc>ges:HazardDesc</io9:HazardDesc>
                  </io9:LocationHazard>
                </io9:LocationHazards>
              </io9:geographicArea>
              <io9:autoAugmentIn>ges:autoAugmentIn</io9:autoAugmentIn>
              <io9:esbCrossReferenceInfo>
                <io9:prcsngStatCd>ges:prcsngStatCd</io9:prcsngStatCd>
                <io9:prcsngStatTs>2001-12-31T12:00:00</io9:prcsngStatTs>
                <io9:retryCnt>0</io9:retryCnt>
                <io9:sovLocId>0</io9:sovLocId>
                <io9:errMsg>ges:errMsg</io9:errMsg>
              </io9:esbCrossReferenceInfo>
              <io9:mdmCrossReferenceInfo>
                <io9:mdmContId>ges:mdmContId</io9:mdmContId>
                <io9:mdmContCmpntId>ges:mdmContCmpntId</io9:mdmContCmpntId>
                <io9:mdmHoldgId>ges:mdmHoldgId</io9:mdmHoldgId>
                <io9:mdmAddrId>ges:mdmAddrId</io9:mdmAddrId>
                <io9:sovLocId>ges:sovLocId</io9:sovLocId>
              </io9:mdmCrossReferenceInfo>
              <io9:mdmException>
                <io9:langCd>ges:langCd</io9:langCd>
                <io9:ctyNm>ges:ctyNm</io9:ctyNm>
                <io9:postalCd>ges:postalCd</io9:postalCd>
                <io9:stNm>ges:stNm</io9:stNm>
                <io9:addrStatCd>ges:addrStatCd</io9:addrStatCd>
                <io9:dstrctNm>ges:dstrctNm</io9:dstrctNm>
                <io9:cntyNm>ges:cntyNm</io9:cntyNm>
                <io9:lattdInDegrs>ges:lattdInDegrs</io9:lattdInDegrs>
                <io9:lngtdInDegrs>ges:lngtdInDegrs</io9:lngtdInDegrs>
                <io9:coBusUnt>ges:coBusUnt</io9:coBusUnt>
                <io9:cntryNm>ges:cntryNm</io9:cntryNm>
                <io9:geoRsltnLvlId>0</io9:geoRsltnLvlId>
                <io9:mtchky>ges:mtchky</io9:mtchky>
                <io9:addrConfdncPc>0.0</io9:addrConfdncPc>
                <io9:addrLn1>ges:addrLn1</io9:addrLn1>
                <io9:addrLn2>ges:addrLn2</io9:addrLn2>
                <io9:addrLn3>ges:addrLn3</io9:addrLn3>
                <io9:addrXtensn>ges:addrXtensn</io9:addrXtensn>
                <io9:pbLocId>ges:pbLocId</io9:pbLocId>
                <io9:geoStat>ges:geoStat</io9:geoStat>
                <io9:geoStatCd>ges:geoStatCd</io9:geoStatCd>
                <io9:geoStatDesc>ges:geoStatDesc</io9:geoStatDesc>
                <io9:dplctSqn>0</io9:dplctSqn>
                <io9:flrAr>ges:flrAr</io9:flrAr>
                <io9:flrArUom>ges:flrArUom</io9:flrArUom>
                <io9:occupancyScheme>ges:occupancyScheme</io9:occupancyScheme>
                <io9:occupancyTypCd>ges:occupancyTypCd</io9:occupancyTypCd>
                <io9:bltYr>0</io9:bltYr>
                <io9:noOfRsks>0</io9:noOfRsks>
                <io9:noOfStories>0</io9:noOfStories>
                <io9:bldgHght>0</io9:bldgHght>
                <io9:bldgHghtUom>ges:bldgHghtUom</io9:bldgHghtUom>
                <io9:constrnSchemeCd>ges:constrnSchemeCd</io9:constrnSchemeCd>
                <io9:constrnTypCd>ges:constrnTypCd</io9:constrnTypCd>
                <io9:lastUpgraddYr>0</io9:lastUpgraddYr>
                <io9:flrOfInt>ges:flrOfInt</io9:flrOfInt>
                <io9:mdmContId>ges:mdmContId</io9:mdmContId>
                <io9:mdmContCmpntId>ges:mdmContCmpntId</io9:mdmContCmpntId>
                <io9:mdmHoldgId>ges:mdmHoldgId</io9:mdmHoldgId>
                <io9:mdmAddrId>ges:mdmAddrId</io9:mdmAddrId>
                <io9:isAddrStndrdizedIn>ges:isAddrStndrdizedIn</io9:isAddrStndrdizedIn>
                <io9:mdmHoldgStartDt>2001-12-31T12:00:00</io9:mdmHoldgStartDt>
                <io9:propTypCd>0</io9:propTypCd>
                <io9:addr>ges:addr</io9:addr>
                <io9:locNm>ges:locNm</io9:locNm>
                <io9:siteNm>ges:siteNm</io9:siteNm>
                <io9:cntryCd>ges:cntryCd</io9:cntryCd>
                <io9:stCd>ges:stCd</io9:stCd>
                <io9:addrStatDesc>ges:addrStatDesc</io9:addrStatDesc>
                <io9:mtchScore>ges:mtchScore</io9:mtchScore>
                <io9:locPrecision>ges:locPrecision</io9:locPrecision>
                <io9:sovLocId>0</io9:sovLocId>
                <io9:prmryBldgIn>ges:prmryBldgIn</io9:prmryBldgIn>
              </io9:mdmException>
              <io9:pbCrossReferenceInfo>
                <io9:sovLocId>0</io9:sovLocId>
                <io9:geoRsltnLvlId>0</io9:geoRsltnLvlId>
                <io9:mtchky>ges:mtchky</io9:mtchky>
                <io9:addrConfdncPc>0.0</io9:addrConfdncPc>
                <io9:addrXtensn>ges:addrXtensn</io9:addrXtensn>
                <io9:addrStatCd>ges:addrStatCd</io9:addrStatCd>
                <io9:isAddrStndrdizedIn>ges:isAddrStndrdizedIn</io9:isAddrStndrdizedIn>
                <io9:addrStatDesc>ges:addrStatDesc</io9:addrStatDesc>
                <io9:canAr>ges:canAr</io9:canAr>
                <io9:canFloodZn>ges:canFloodZn</io9:canFloodZn>
                <io9:canPrvnc>ges:canPrvnc</io9:canPrvnc>
                <io9:canRiver>ges:canRiver</io9:canRiver>
                <io9:UserProvidedInfo>
                  <io9:lattdInDegrs Code="">
                    <io9:Value>ges:Value</io9:Value>
                  </io9:lattdInDegrs>
                  <io9:lngtdInDegrs Code="">
                    <io9:Value>ges:Value</io9:Value>
                  </io9:lngtdInDegrs>
                </io9:UserProvidedInfo>
              </io9:pbCrossReferenceInfo>
              <io9:pbException>
                <io9:langCd>ges:langCd</io9:langCd>
                <io9:ctyNm>ges:ctyNm</io9:ctyNm>
                <io9:postalCd>ges:postalCd</io9:postalCd>
                <io9:stNm>ges:stNm</io9:stNm>
                <io9:addrStatCd>ges:addrStatCd</io9:addrStatCd>
                <io9:dstrctNm>ges:dstrctNm</io9:dstrctNm>
                <io9:cntyNm>ges:cntyNm</io9:cntyNm>
                <io9:lattdInDegrs>ges:lattdInDegrs</io9:lattdInDegrs>
                <io9:lngtdInDegrs>ges:lngtdInDegrs</io9:lngtdInDegrs>
                <io9:coBusUnt>ges:coBusUnt</io9:coBusUnt>
                <io9:cntryNm>ges:cntryNm</io9:cntryNm>
                <io9:geoRsltnLvlId>0</io9:geoRsltnLvlId>
                <io9:mtchky>ges:mtchky</io9:mtchky>
                <io9:addrConfdncPc>0.0</io9:addrConfdncPc>
                <io9:addrLn1>ges:addrLn1</io9:addrLn1>
                <io9:addrLn2>ges:addrLn2</io9:addrLn2>
                <io9:addrLn3>ges:addrLn3</io9:addrLn3>
                <io9:addrLn4>ges:addrLn4</io9:addrLn4>
                <io9:multiMtchCnt>0</io9:multiMtchCnt>
                <io9:geoStat>ges:geoStat</io9:geoStat>
                <io9:geoStatCd>ges:geoStatCd</io9:geoStatCd>
                <io9:geoStatDesc>ges:geoStatDesc</io9:geoStatDesc>
                <io9:mtchSqn>0</io9:mtchSqn>
                <io9:addrStatDesc>ges:addrStatDesc</io9:addrStatDesc>
                <io9:locPrecision>ges:locPrecision</io9:locPrecision>
                <io9:addrStat>ges:addrStat</io9:addrStat>
                <io9:sovLocId>0</io9:sovLocId>
                <io9:canAr>ges:canAr</io9:canAr>
                <io9:canFloodZn>ges:canFloodZn</io9:canFloodZn>
                <io9:canPrvnc>ges:canPrvnc</io9:canPrvnc>
                <io9:canRiver>ges:canRiver</io9:canRiver>
                <io9:canStat>ges:canStat</io9:canStat>
                <io9:canStatCd>ges:canStatCd</io9:canStatCd>
                <io9:canStatDesc>ges:canStatDesc</io9:canStatDesc>
                <io9:crCntryFip>ges:crCntryFip</io9:crCntryFip>
                <io9:crCrestaId>ges:crCrestaId</io9:crCrestaId>
                <io9:crFips>ges:crFips</io9:crFips>
                <io9:crGeocd>ges:crGeocd</io9:crGeocd>
                <io9:crIso3Alph>ges:crIso3Alph</io9:crIso3Alph>
                <io9:crIso3No>ges:crIso3No</io9:crIso3No>
                <io9:crPerlTyp>ges:crPerlTyp</io9:crPerlTyp>
                <io9:crStFips>ges:crStFips</io9:crStFips>
                <io9:crSbIso>ges:crSbIso</io9:crSbIso>
                <io9:crZnNo>ges:crZnNo</io9:crZnNo>
                <io9:crDcmntat>ges:crDcmntat</io9:crDcmntat>
                <io9:crNm>ges:crNm</io9:crNm>
                <io9:crStat>ges:crStat</io9:crStat>
                <io9:crStatCd>ges:crStatCd</io9:crStatCd>
                <io9:crStatDesc>ges:crStatDesc</io9:crStatDesc>
                <io9:crszCntryFip>ges:crszCntryFip</io9:crszCntryFip>
                <io9:crszCrestaId>ges:crszCrestaId</io9:crszCrestaId>
                <io9:crszFips>ges:crszFips</io9:crszFips>
                <io9:crszGeocd>ges:crszGeocd</io9:crszGeocd>
                <io9:crszIso3Alph>ges:crszIso3Alph</io9:crszIso3Alph>
                <io9:crszIso3No>ges:crszIso3No</io9:crszIso3No>
                <io9:crszPerlTyp>ges:crszPerlTyp</io9:crszPerlTyp>
                <io9:crszStFips>ges:crszStFips</io9:crszStFips>
                <io9:crszSbIso>ges:crszSbIso</io9:crszSbIso>
                <io9:crszSznNo>ges:crszSznNo</io9:crszSznNo>
                <io9:crszDcmntat>ges:crszDcmntat</io9:crszDcmntat>
                <io9:crszNm>ges:crszNm</io9:crszNm>
                <io9:crszParZoNum>ges:crszParZoNum</io9:crszParZoNum>
                <io9:crszTyp>ges:crszTyp</io9:crszTyp>
                <io9:crszStat>ges:crszStat</io9:crszStat>
                <io9:crszStatCd>ges:crszStatCd</io9:crszStatCd>
                <io9:crszStatDesc>ges:crszStatDesc</io9:crszStatDesc>
                <io9:addrXtensn>ges:addrXtensn</io9:addrXtensn>
                <io9:nonvlidateColList>ges:nonvlidateColList</io9:nonvlidateColList>
                <io9:dstnc>ges:dstnc</io9:dstnc>
                <io9:dstncUnt>ges:dstncUnt</io9:dstncUnt>
              </io9:pbException>
              <io9:isRequestForUpdate>true</io9:isRequestForUpdate>
              <io9:UserProvidedInfo>
                <io9:lattdInDegrs Code="">
                  <io9:Value>ges:Value</io9:Value>
                </io9:lattdInDegrs>
                <io9:lngtdInDegrs Code="">
                  <io9:Value>ges:Value</io9:Value>
                </io9:lngtdInDegrs>
              </io9:UserProvidedInfo>
            </io10:sovLocation>
            <io10:Version>tns1:Version</io10:Version>
          </io10:location>
          <io10:NoOfLocations>tns1:NoOfLocations</io10:NoOfLocations>
          <io10:SovId>tns1:SovId</io10:SovId>
          <io10:SovVersionId>tns1:SovVersionId</io10:SovVersionId>
        </io10:locations>
      </updateAugmentedLocationRequest>
    </out:updateAugmentedLocation>
  </body>
  <attachments>
    <contentID>http://tempuri.org</contentID>
    <contentType>token</contentType>
    <data>MA==</data>
  </attachments>
</io3:smo>