<?xml version="1.0" encoding="UTF-8"?><io2:smo xmlns:io2="http://www.ibm.com/websphere/sibx/smo/v6.0.1" xmlns:out3="wsdl.http://www.chartisinsurance.com/ges/services/LocationContainerServices" xmlns:io10="http://www.w3.org/2005/08/addressing" xmlns:xsd4xsd="http://www.w3.org/2001/XMLSchema" xmlns:io9="http://GES_Lib_Common/bo" xmlns:io8="http://aig.us.com/ges/schema" xmlns:io7="http://aig.us.com/ges" xmlns:io6="http://www.ibm.com/xmlns/prod/websphere/http/sca/6.1.0" xmlns:io5="http://schemas.xmlsoap.org/ws/2004/08/addressing" xmlns:out2="http://www.chartisinsurance.com/ges/services/LocationContainerServices" xmlns:io4="http://www.ibm.com/xmlns/prod/websphere/mq/sca/6.0.0" xmlns:out="http://chartisinsurance.com/ges/services" xmlns:xsi="http://www.w3.org/2001/XMLSchema-instance" xmlns:io3="http://COM_GES_MF_DBUpdateHandler/bo" xmlns:io="http://www.w3.org/2003/05/soap-envelope">
  <context>
    <correlation xsi:type="io9:ExceptionObj">
      <errorCode>errorCode</errorCode>
    </correlation>
    <transient xsi:type="io3:DbUpdateHandlerTransBO">
      <handleRuntimeExceptionsRequest>
        <io8:gesFaults>
          <io8:faultCode>tns1:faultCode</io8:faultCode>
          <io8:faultString>tns1:faultString</io8:faultString>
          <io8:faultOrigin>tns1:faultOrigin</io8:faultOrigin>
          <io8:faultDetail>tns1:faultDetail</io8:faultDetail>
          <tns1:faultObj xmlns:tns1="http://aig.us.com/ges/schema" xmlns:ges="http://aig.us.com/ges" xmlns:httpsca="http://www.ibm.com/xmlns/prod/websphere/http/sca/6.1.0" xmlns:mq="http://www.ibm.com/xmlns/prod/websphere/mq/sca/6.0.0" xmlns:p="http://GES_Lib_Common/bo" xmlns:p1="http://COM_GES_MF_DBUpdateHandler/bo" xmlns:tns="http://www.ibm.com/websphere/sibx/smo/v6.0.1" xmlns:tns2="http://www.w3.org/2005/08/addressing" xmlns:tns3="http://www.w3.org/2003/05/soap-envelope" xmlns:wsa="http://schemas.xmlsoap.org/ws/2004/08/addressing" xsi:type="anyType"/>
        </io8:gesFaults>
        <io8:version>tns1:version</io8:version>
        <io8:sovLocationId>0</io8:sovLocationId>
      </handleRuntimeExceptionsRequest>
      <updatePBBIExceptionsRequest>
        <io8:updateRequiredFor>tns1:updateRequiredFor</io8:updateRequiredFor>
        <io8:version>tns1:version</io8:version>
        <io8:locations>
          <io8:version>tns1:version</io8:version>
          <io8:location>
            <io8:sovLocation>
              <io7:version>ges:version</io7:version>
              <io7:sovLocId>0</io7:sovLocId>
              <io7:matchScore>0</io7:matchScore>
              <io7:agreementRequestId name="Policy Number">ges:agreementRequestId</io7:agreementRequestId>
              <io7:structure>
                <io7:structureId>0</io7:structureId>
                <io7:typeId>0</io7:typeId>
                <io7:physObjectId>0</io7:physObjectId>
                <io7:constructionType>
                  <io7:constrnTypCd>ges:constrnTypCd</io7:constrnTypCd>
                  <io7:constrnTypDs>ges:constrnTypDs</io7:constrnTypDs>
                  <io7:constrnTypId>0</io7:constrnTypId>
                  <io7:clsfctnScheme>ges:clsfctnScheme</io7:clsfctnScheme>
                </io7:constructionType>
                <io7:occupationType>
                  <io7:ocptnTypCd>ges:ocptnTypCd</io7:ocptnTypCd>
                  <io7:ocptnTypDs>ges:ocptnTypDs</io7:ocptnTypDs>
                  <io7:ocptnTypId>0</io7:ocptnTypId>
                  <io7:clsfctnScheme>ges:clsfctnScheme</io7:clsfctnScheme>
                </io7:occupationType>
                <io7:structureType>ges:structureType</io7:structureType>
                <io7:name>ges:name</io7:name>
                <io7:description>ges:description</io7:description>
                <io7:basicDataIncomplete>ges:basicDataIncomplete</io7:basicDataIncomplete>
                <io7:populationInfoId>0</io7:populationInfoId>
                <io7:effectiveFromDate>2001-01-01</io7:effectiveFromDate>
                <io7:effectiveToDate>2001-01-01</io7:effectiveToDate>
                <io7:xtrnlRefNo>ges:xtrnlRefNo</io7:xtrnlRefNo>
                <io7:noOfRsks>0</io7:noOfRsks>
                <io7:bldgValAm>0.0</io7:bldgValAm>
                <io7:cntntsValAm>0.0</io7:cntntsValAm>
                <io7:biValAm>0.0</io7:biValAm>
                <io7:totalPropertyDamageValueAm>0.0</io7:totalPropertyDamageValueAm>
                <io7:totalSumInsuredValueAm>0.0</io7:totalSumInsuredValueAm>
                <io7:flrAr>ges:flrAr</io7:flrAr>
                <io7:flrArUom>ges:flrArUom</io7:flrArUom>
                <io7:bltYr>0</io7:bltYr>
                <io7:noOfStories>0</io7:noOfStories>
                <io7:bldgHght>ges:bldgHght</io7:bldgHght>
                <io7:bldgHghtUom>ges:bldgHghtUom</io7:bldgHghtUom>
                <io7:lastUpgraddYr>0</io7:lastUpgraddYr>
                <io7:flrOfInt>ges:flrOfInt</io7:flrOfInt>
                <io7:constrnTypTx>ges:constrnTypTx</io7:constrnTypTx>
                <io7:ocptnTypTx>ges:ocptnTypTx</io7:ocptnTypTx>
                <io7:currntVersnFl>ges:currntVersnFl</io7:currntVersnFl>
                <io7:creatTs>2001-12-31T12:00:00</io7:creatTs>
                <io7:creatUsrId>ges:creatUsrId</io7:creatUsrId>
                <io7:updTs>2001-12-31T12:00:00</io7:updTs>
                <io7:updUsrId>ges:updUsrId</io7:updUsrId>
                <io7:srcFileNm>ges:srcFileNm</io7:srcFileNm>
                <io7:siteNm>ges:siteNm</io7:siteNm>
                <io7:coNmBusUnt>ges:coNmBusUnt</io7:coNmBusUnt>
                <io7:prmryBldgIn>ges:prmryBldgIn</io7:prmryBldgIn>
                <io7:currency>
                  <io7:crncyCd>ges:crncyCd</io7:crncyCd>
                  <io7:crncyDs>ges:crncyDs</io7:crncyDs>
                  <io7:efctvDt>2001-01-01</io7:efctvDt>
                  <io7:isoAlphCrncyCd>ges:isoAlphCrncyCd</io7:isoAlphCrncyCd>
                  <io7:crncyId>0</io7:crncyId>
                  <io7:isoNmrcCrncyCd>0</io7:isoNmrcCrncyCd>
                  <io7:currencyExchangeRate>
                    <io7:fromCrncyId>0</io7:fromCrncyId>
                    <io7:toCrncyId>0</io7:toCrncyId>
                    <io7:cnvrsnRt>0.0</io7:cnvrsnRt>
                    <io7:cnvrsnDt>2001-01-01</io7:cnvrsnDt>
                    <io7:rtTypIn>ges:rtTypIn</io7:rtTypIn>
                    <io7:xchngRtId>0</io7:xchngRtId>
                  </io7:currencyExchangeRate>
                </io7:currency>
                <io7:structureSecModifier>
                  <io7:StructureSecModifier>
                    <io7:name name="">ges:name</io7:name>
                    <io7:scheme>ges:scheme</io7:scheme>
                    <io7:cdId>0</io7:cdId>
                    <io7:cdVal>ges:cdVal</io7:cdVal>
                    <io7:cdLabel>ges:cdLabel</io7:cdLabel>
                    <io7:cdGrpVal>ges:cdGrpVal</io7:cdGrpVal>
                    <io7:cdGrpLabel>ges:cdGrpLabel</io7:cdGrpLabel>
                  </io7:StructureSecModifier>
                </io7:structureSecModifier>
                <io7:sic3DCd>0</io7:sic3DCd>
                <io7:sic4DCd>0</io7:sic4DCd>
                <io7:sicGroup>ges:sicGroup</io7:sicGroup>
                <io7:sicDesc>ges:sicDesc</io7:sicDesc>
                <io7:uwtngMngmtAdjsmt>ges:uwtngMngmtAdjsmt</io7:uwtngMngmtAdjsmt>
                <io7:graspLocId>ges:graspLocId</io7:graspLocId>
                <io7:aeNm>ges:aeNm</io7:aeNm>
                <io7:sentForITV>true</io7:sentForITV>
                <io7:ITVValtnDt>2001-01-01</io7:ITVValtnDt>
                <io7:chngPct>0.0</io7:chngPct>
                <io7:DQI>0.0</io7:DQI>
                <io7:strValtnId>0</io7:strValtnId>
                <io7:TEVal>0.0</io7:TEVal>
                <io7:ttl>0.0</io7:ttl>
                <io7:typId>0</io7:typId>
                <io7:LocationCoverages>
                  <io7:LoationCoverage>
                    <io7:Coverage>
                      <io7:AttributeNm>ges:AttributeNm</io7:AttributeNm>
                      <io7:categoryId>0</io7:categoryId>
                      <io7:typId>0</io7:typId>
                      <io7:typNm>ges:typNm</io7:typNm>
                      <io7:source>ges:source</io7:source>
                    </io7:Coverage>
                    <io7:CoverageValue>
                      <io7:DecimalValue>0.0</io7:DecimalValue>
                      <io7:Unit>ges:Unit</io7:Unit>
                    </io7:CoverageValue>
                  </io7:LoationCoverage>
                </io7:LocationCoverages>
                <io7:LocationNonCoverages>
                  <io7:LocationNonCoverage>
                    <io7:Coverage>
                      <io7:AttributeNm>ges:AttributeNm</io7:AttributeNm>
                      <io7:categoryId>0</io7:categoryId>
                      <io7:typId>0</io7:typId>
                      <io7:typNm>ges:typNm</io7:typNm>
                      <io7:source>ges:source</io7:source>
                    </io7:Coverage>
                    <io7:CoverageValue>
                      <io7:DecimalValue>0.0</io7:DecimalValue>
                      <io7:Unit>ges:Unit</io7:Unit>
                    </io7:CoverageValue>
                  </io7:LocationNonCoverage>
                </io7:LocationNonCoverages>
                <io7:SiteCampusId>ges:SiteCampusId</io7:SiteCampusId>
              </io7:structure>
              <io7:physicalObject>
                <io7:physObjectId>0</io7:physObjectId>
                <io7:typeId>0</io7:typeId>
                <io7:populationInfoId>0</io7:populationInfoId>
                <io7:creatTs>2001-12-31T12:00:00</io7:creatTs>
                <io7:creatUsrId>ges:creatUsrId</io7:creatUsrId>
                <io7:updTs>2001-12-31T12:00:00</io7:updTs>
                <io7:updUsrId>ges:updUsrId</io7:updUsrId>
                <io7:graspInfo>
                  <io7:engnrgBldgVal>0.0</io7:engnrgBldgVal>
                  <io7:engnrgMachryVal>0.0</io7:engnrgMachryVal>
                  <io7:ibi>0.0</io7:ibi>
                  <io7:floodZnWithinPropLn>ges:floodZnWithinPropLn</io7:floodZnWithinPropLn>
                  <io7:floodZn1000ftFromPropLn>ges:floodZn1000ftFromPropLn</io7:floodZn1000ftFromPropLn>
                  <io7:surgeXpsr>ges:surgeXpsr</io7:surgeXpsr>
                  <io7:hailstormXpsr>ges:hailstormXpsr</io7:hailstormXpsr>
                  <io7:snowLodXpsr>ges:snowLodXpsr</io7:snowLodXpsr>
                  <io7:othCatXpsr>ges:othCatXpsr</io7:othCatXpsr>
                  <io7:engnrgOvrrdHzrdGrd>ges:engnrgOvrrdHzrdGrd</io7:engnrgOvrrdHzrdGrd>
                  <io7:ovrlHeRtg>0.0</io7:ovrlHeRtg>
                  <io7:locRskRtgFire>0.0</io7:locRskRtgFire>
                  <io7:locRskRtgCat>0.0</io7:locRskRtgCat>
                  <io7:locRskRtgCompst>0.0</io7:locRskRtgCompst>
                  <io7:ttlOcpdBldgAr>0.0</io7:ttlOcpdBldgAr>
                  <io7:ttlOcpdStories>0</io7:ttlOcpdStories>
                  <io7:adqtAutmtcSprnklrsPct>0.0</io7:adqtAutmtcSprnklrsPct>
                  <io7:neededAutmtcSprnklrsPct>0.0</io7:neededAutmtcSprnklrsPct>
                  <io7:autmtcSprnklrsPct>0.0</io7:autmtcSprnklrsPct>
                  <io7:predominantConstrnCls>ges:predominantConstrnCls</io7:predominantConstrnCls>
                  <io7:predominantPrtctnCls>ges:predominantPrtctnCls</io7:predominantPrtctnCls>
                  <io7:surgeTtlLe>0.0</io7:surgeTtlLe>
                  <io7:floodTtlLe100Yr>0.0</io7:floodTtlLe100Yr>
                  <io7:floodTtlLe500Yr>0.0</io7:floodTtlLe500Yr>
                  <io7:floodTtlLe>0.0</io7:floodTtlLe>
                  <io7:floodTtlMfl>0.0</io7:floodTtlMfl>
                  <io7:wndTtlLe100Yr>0.0</io7:wndTtlLe100Yr>
                  <io7:wndTtlLe500Yr>ges:wndTtlLe500Yr</io7:wndTtlLe500Yr>
                  <io7:wndTtlNle>0.0</io7:wndTtlNle>
                  <io7:eqLe>0.0</io7:eqLe>
                  <io7:ttlMfl>0.0</io7:ttlMfl>
                  <io7:ttlEml>0.0</io7:ttlEml>
                  <io7:ttlPml>0.0</io7:ttlPml>
                  <io7:ttlMas>0.0</io7:ttlMas>
                  <io7:ttlNle>0.0</io7:ttlNle>
                  <io7:ttlLe>0.0</io7:ttlLe>
                  <io7:ttlObjLos>0.0</io7:ttlObjLos>
                  <io7:locCls>ges:locCls</io7:locCls>
                  <io7:fireIndx>ges:fireIndx</io7:fireIndx>
                  <io7:xplosnIndx>ges:xplosnIndx</io7:xplosnIndx>
                  <io7:xplosnRskAdqtlyEngnred>ges:xplosnRskAdqtlyEngnred</io7:xplosnRskAdqtlyEngnred>
                  <io7:fldDesktpAsesd>ges:fldDesktpAsesd</io7:fldDesktpAsesd>
                  <io7:engnrgSrc>ges:engnrgSrc</io7:engnrgSrc>
                  <io7:graspCntntVal>0.0</io7:graspCntntVal>
                  <io7:graspTmElmntVal>0.0</io7:graspTmElmntVal>
                  <io7:graspTpdVal>0.0</io7:graspTpdVal>
                  <io7:graspLat>0.0</io7:graspLat>
                  <io7:graspLng>0.0</io7:graspLng>
                  <io7:graspPrecisionCd>0.0</io7:graspPrecisionCd>
                </io7:graspInfo>
              </io7:physicalObject>
              <io7:actvIn>ges:actvIn</io7:actvIn>
              <io7:effectiveFromDate>2001-01-01</io7:effectiveFromDate>
              <io7:effectiveToDate>2001-01-01</io7:effectiveToDate>
              <io7:geographicArea>
                <io7:ggrphcArId>0</io7:ggrphcArId>
                <io7:typNm>ges:typNm</io7:typNm>
                <io7:vlidFromTs>2001-12-31T12:00:00</io7:vlidFromTs>
                <io7:vlidToTs>2001-12-31T12:00:00</io7:vlidToTs>
                <io7:ctyNm>ges:ctyNm</io7:ctyNm>
                <io7:addr>ges:addr</io7:addr>
                <io7:postalCd>ges:postalCd</io7:postalCd>
                <io7:stNm>ges:stNm</io7:stNm>
                <io7:dstrctNm>ges:dstrctNm</io7:dstrctNm>
                <io7:cntyNm>ges:cntyNm</io7:cntyNm>
                <io7:lattdInDegrs>ges:lattdInDegrs</io7:lattdInDegrs>
                <io7:lngtdInDegrs>ges:lngtdInDegrs</io7:lngtdInDegrs>
                <io7:cntryNm>ges:cntryNm</io7:cntryNm>
                <io7:langCd>ges:langCd</io7:langCd>
                <io7:geoRsltnLvlId>0</io7:geoRsltnLvlId>
                <io7:addrConfdncPc>0.0</io7:addrConfdncPc>
                <io7:addrXtensn>ges:addrXtensn</io7:addrXtensn>
                <io7:isAddrStndrdizedIn>ges:isAddrStndrdizedIn</io7:isAddrStndrdizedIn>
                <io7:locPrecision>ges:locPrecision</io7:locPrecision>
                <io7:crestaZone>
                  <io7:crestaZnId>0</io7:crestaZnId>
                  <io7:crCntryFip>ges:crCntryFip</io7:crCntryFip>
                  <io7:crCrestaId>ges:crCrestaId</io7:crCrestaId>
                  <io7:crFips>ges:crFips</io7:crFips>
                  <io7:crGeocd>ges:crGeocd</io7:crGeocd>
                  <io7:crIso3Alph>ges:crIso3Alph</io7:crIso3Alph>
                  <io7:crIso3No>ges:crIso3No</io7:crIso3No>
                  <io7:crPerlTyp>ges:crPerlTyp</io7:crPerlTyp>
                  <io7:crStFips>ges:crStFips</io7:crStFips>
                  <io7:crSbIso>ges:crSbIso</io7:crSbIso>
                  <io7:crZnNo>ges:crZnNo</io7:crZnNo>
                  <io7:crDcmntat>ges:crDcmntat</io7:crDcmntat>
                  <io7:crNm>ges:crNm</io7:crNm>
                  <ges:geographicArea xmlns:ges="http://aig.us.com/ges" xmlns:httpsca="http://www.ibm.com/xmlns/prod/websphere/http/sca/6.1.0" xmlns:mq="http://www.ibm.com/xmlns/prod/websphere/mq/sca/6.0.0" xmlns:p="http://GES_Lib_Common/bo" xmlns:p1="http://COM_GES_MF_DBUpdateHandler/bo" xmlns:tns="http://www.ibm.com/websphere/sibx/smo/v6.0.1" xmlns:tns1="http://aig.us.com/ges/schema" xmlns:tns2="http://www.w3.org/2005/08/addressing" xmlns:tns3="http://www.w3.org/2003/05/soap-envelope" xmlns:wsa="http://schemas.xmlsoap.org/ws/2004/08/addressing"/>
                </io7:crestaZone>
                <io7:subcrestaZone>
                  <io7:crszCntryFip>ges:crszCntryFip</io7:crszCntryFip>
                  <io7:crszCrestaId>ges:crszCrestaId</io7:crszCrestaId>
                  <io7:crszFips>ges:crszFips</io7:crszFips>
                  <io7:crszGeocd>ges:crszGeocd</io7:crszGeocd>
                  <io7:crszIso3Alph>ges:crszIso3Alph</io7:crszIso3Alph>
                  <io7:crszIso3No>ges:crszIso3No</io7:crszIso3No>
                  <io7:crszPerlTyp>ges:crszPerlTyp</io7:crszPerlTyp>
                  <io7:crszStFips>ges:crszStFips</io7:crszStFips>
                  <io7:crszSbIso>ges:crszSbIso</io7:crszSbIso>
                  <io7:crszSznNo>ges:crszSznNo</io7:crszSznNo>
                  <io7:crszDcmntat>ges:crszDcmntat</io7:crszDcmntat>
                  <io7:crszNm>ges:crszNm</io7:crszNm>
                  <io7:crszParZoNum>ges:crszParZoNum</io7:crszParZoNum>
                  <io7:crszTyp>ges:crszTyp</io7:crszTyp>
                  <io7:sbcrestaZnId>0</io7:sbcrestaZnId>
                  <ges:geographicArea xmlns:ges="http://aig.us.com/ges" xmlns:httpsca="http://www.ibm.com/xmlns/prod/websphere/http/sca/6.1.0" xmlns:mq="http://www.ibm.com/xmlns/prod/websphere/mq/sca/6.0.0" xmlns:p="http://GES_Lib_Common/bo" xmlns:p1="http://COM_GES_MF_DBUpdateHandler/bo" xmlns:tns="http://www.ibm.com/websphere/sibx/smo/v6.0.1" xmlns:tns1="http://aig.us.com/ges/schema" xmlns:tns2="http://www.w3.org/2005/08/addressing" xmlns:tns3="http://www.w3.org/2003/05/soap-envelope" xmlns:wsa="http://schemas.xmlsoap.org/ws/2004/08/addressing"/>
                </io7:subcrestaZone>
                <io7:cntryId>0</io7:cntryId>
                <io7:placeId>0</io7:placeId>
                <io7:basicdataIncomplete>ges:basicdataIncomplete</io7:basicdataIncomplete>
                <io7:addr2>ges:addr2</io7:addr2>
                <io7:blok>ges:blok</io7:blok>
                <io7:blokGrp>ges:blokGrp</io7:blokGrp>
                <io7:geoCdId>0</io7:geoCdId>
                <io7:geoCdTyId>0</io7:geoCdTyId>
                <io7:geoCdTyNm>ges:geoCdTyNm</io7:geoCdTyNm>
                <io7:LocationHazards>
                  <io7:LocationHazard>
                    <io7:Coverage>
                      <io7:AttributeNm>ges:AttributeNm</io7:AttributeNm>
                      <io7:categoryId>0</io7:categoryId>
                      <io7:typId>0</io7:typId>
                      <io7:typNm>ges:typNm</io7:typNm>
                      <io7:source>ges:source</io7:source>
                    </io7:Coverage>
                    <io7:CoverageValue>
                      <io7:DecimalValue>0.0</io7:DecimalValue>
                      <io7:Unit>ges:Unit</io7:Unit>
                    </io7:CoverageValue>
                    <io7:HazardId>0</io7:HazardId>
                    <io7:LookUpId>0</io7:LookUpId>
                  </io7:LocationHazard>
                </io7:LocationHazards>
              </io7:geographicArea>
              <io7:autoAugmentIn>ges:autoAugmentIn</io7:autoAugmentIn>
              <io7:esbCrossReferenceInfo>
                <io7:prcsngStatCd>ges:prcsngStatCd</io7:prcsngStatCd>
                <io7:prcsngStatTs>2001-12-31T12:00:00</io7:prcsngStatTs>
                <io7:retryCnt>0</io7:retryCnt>
                <io7:sovLocId>0</io7:sovLocId>
                <io7:errMsg>ges:errMsg</io7:errMsg>
                <io7:augmentStatIn>ges:augmentStatIn</io7:augmentStatIn>
              </io7:esbCrossReferenceInfo>
              <io7:mdmCrossReferenceInfo>
                <io7:mdmContId>ges:mdmContId</io7:mdmContId>
                <io7:mdmContCmpntId>ges:mdmContCmpntId</io7:mdmContCmpntId>
                <io7:mdmHoldgId>ges:mdmHoldgId</io7:mdmHoldgId>
                <io7:mdmAddrId>ges:mdmAddrId</io7:mdmAddrId>
                <io7:sovLocId>ges:sovLocId</io7:sovLocId>
                <io7:graspReviewed>N</io7:graspReviewed>
              </io7:mdmCrossReferenceInfo>
              <io7:mdmException>
                <io7:langCd>ges:langCd</io7:langCd>
                <io7:ctyNm>ges:ctyNm</io7:ctyNm>
                <io7:postalCd>ges:postalCd</io7:postalCd>
                <io7:stNm>ges:stNm</io7:stNm>
                <io7:addrStatCd>ges:addrStatCd</io7:addrStatCd>
                <io7:dstrctNm>ges:dstrctNm</io7:dstrctNm>
                <io7:cntyNm>ges:cntyNm</io7:cntyNm>
                <io7:lattdInDegrs>ges:lattdInDegrs</io7:lattdInDegrs>
                <io7:lngtdInDegrs>ges:lngtdInDegrs</io7:lngtdInDegrs>
                <io7:coBusUnt>ges:coBusUnt</io7:coBusUnt>
                <io7:cntryNm>ges:cntryNm</io7:cntryNm>
                <io7:geoRsltnLvlId>0</io7:geoRsltnLvlId>
                <io7:mtchky>ges:mtchky</io7:mtchky>
                <io7:addrConfdncPc>0.0</io7:addrConfdncPc>
                <io7:addrLn1>ges:addrLn1</io7:addrLn1>
                <io7:addrLn2>ges:addrLn2</io7:addrLn2>
                <io7:addrLn3>ges:addrLn3</io7:addrLn3>
                <io7:addrXtensn>ges:addrXtensn</io7:addrXtensn>
                <io7:pbLocId>ges:pbLocId</io7:pbLocId>
                <io7:geoStat>ges:geoStat</io7:geoStat>
                <io7:geoStatCd>ges:geoStatCd</io7:geoStatCd>
                <io7:geoStatDesc>ges:geoStatDesc</io7:geoStatDesc>
                <io7:dplctSqn>0</io7:dplctSqn>
                <io7:flrAr>ges:flrAr</io7:flrAr>
                <io7:flrArUom>ges:flrArUom</io7:flrArUom>
                <io7:occupancyScheme>ges:occupancyScheme</io7:occupancyScheme>
                <io7:occupancyTypCd>ges:occupancyTypCd</io7:occupancyTypCd>
                <io7:bltYr>0</io7:bltYr>
                <io7:noOfRsks>0</io7:noOfRsks>
                <io7:noOfStories>0</io7:noOfStories>
                <io7:bldgHght>0</io7:bldgHght>
                <io7:bldgHghtUom>ges:bldgHghtUom</io7:bldgHghtUom>
                <io7:constrnSchemeCd>ges:constrnSchemeCd</io7:constrnSchemeCd>
                <io7:constrnTypCd>ges:constrnTypCd</io7:constrnTypCd>
                <io7:lastUpgraddYr>0</io7:lastUpgraddYr>
                <io7:flrOfInt>ges:flrOfInt</io7:flrOfInt>
                <io7:mdmContId>0</io7:mdmContId>
                <io7:mdmContCmpntId>0</io7:mdmContCmpntId>
                <io7:mdmHoldgId>0</io7:mdmHoldgId>
                <io7:mdmAddrId>0</io7:mdmAddrId>
                <io7:isAddrStndrdizedIn>ges:isAddrStndrdizedIn</io7:isAddrStndrdizedIn>
                <io7:mdmHoldgStartDt>2001-12-31T12:00:00</io7:mdmHoldgStartDt>
                <io7:propTypCd>0</io7:propTypCd>
                <io7:addr>ges:addr</io7:addr>
                <io7:locNm>ges:locNm</io7:locNm>
                <io7:siteNm>ges:siteNm</io7:siteNm>
                <io7:cntryCd>ges:cntryCd</io7:cntryCd>
                <io7:stCd>ges:stCd</io7:stCd>
                <io7:addrStatDesc>ges:addrStatDesc</io7:addrStatDesc>
                <io7:mtchScore>0</io7:mtchScore>
                <io7:locPrecision>ges:locPrecision</io7:locPrecision>
                <io7:sovLocId>0</io7:sovLocId>
                <io7:prmryBldgIn>ges:prmryBldgIn</io7:prmryBldgIn>
                <io7:graspReviewed>N</io7:graspReviewed>
              </io7:mdmException>
              <io7:pbCrossReferenceInfo>
                <io7:sovLocId>0</io7:sovLocId>
                <io7:geoRsltnLvlId>0</io7:geoRsltnLvlId>
                <io7:mtchky>ges:mtchky</io7:mtchky>
                <io7:addrConfdncPc>0.0</io7:addrConfdncPc>
                <io7:addrXtensn>ges:addrXtensn</io7:addrXtensn>
                <io7:addrStatCd>ges:addrStatCd</io7:addrStatCd>
                <io7:isAddrStndrdizedIn>ges:isAddrStndrdizedIn</io7:isAddrStndrdizedIn>
                <io7:addrStatDesc>ges:addrStatDesc</io7:addrStatDesc>
                <io7:canAr>ges:canAr</io7:canAr>
                <io7:canFloodZn>ges:canFloodZn</io7:canFloodZn>
                <io7:canPrvnc>ges:canPrvnc</io7:canPrvnc>
                <io7:canRiver>ges:canRiver</io7:canRiver>
                <io7:dstnc>ges:dstnc</io7:dstnc>
                <io7:dstncUnit>ges:dstncUnit</io7:dstncUnit>
              </io7:pbCrossReferenceInfo>
              <io7:pbException>
                <io7:langCd>ges:langCd</io7:langCd>
                <io7:ctyNm>ges:ctyNm</io7:ctyNm>
                <io7:postalCd>ges:postalCd</io7:postalCd>
                <io7:stNm>ges:stNm</io7:stNm>
                <io7:addrStatCd>ges:addrStatCd</io7:addrStatCd>
                <io7:dstrctNm>ges:dstrctNm</io7:dstrctNm>
                <io7:cntyNm>ges:cntyNm</io7:cntyNm>
                <io7:lattdInDegrs>ges:lattdInDegrs</io7:lattdInDegrs>
                <io7:lngtdInDegrs>ges:lngtdInDegrs</io7:lngtdInDegrs>
                <io7:coBusUnt>ges:coBusUnt</io7:coBusUnt>
                <io7:cntryNm>ges:cntryNm</io7:cntryNm>
                <io7:geoRsltnLvlId>0</io7:geoRsltnLvlId>
                <io7:mtchky>ges:mtchky</io7:mtchky>
                <io7:addrConfdncPc>0.0</io7:addrConfdncPc>
                <io7:addrLn1>ges:addrLn1</io7:addrLn1>
                <io7:addrLn2>ges:addrLn2</io7:addrLn2>
                <io7:addrLn3>ges:addrLn3</io7:addrLn3>
                <io7:addrLn4>ges:addrLn4</io7:addrLn4>
                <io7:multiMtchCnt>0</io7:multiMtchCnt>
                <io7:geoStat>ges:geoStat</io7:geoStat>
                <io7:geoStatCd>ges:geoStatCd</io7:geoStatCd>
                <io7:geoStatDesc>ges:geoStatDesc</io7:geoStatDesc>
                <io7:mtchSqn>0</io7:mtchSqn>
                <io7:addrStatDesc>ges:addrStatDesc</io7:addrStatDesc>
                <io7:locPrecision>ges:locPrecision</io7:locPrecision>
                <io7:addrStat>ges:addrStat</io7:addrStat>
                <io7:sovLocId>0</io7:sovLocId>
                <io7:canAr>ges:canAr</io7:canAr>
                <io7:canFloodZn>ges:canFloodZn</io7:canFloodZn>
                <io7:canPrvnc>ges:canPrvnc</io7:canPrvnc>
                <io7:canRiver>ges:canRiver</io7:canRiver>
                <io7:canStat>ges:canStat</io7:canStat>
                <io7:canStatCd>ges:canStatCd</io7:canStatCd>
                <io7:canStatDesc>ges:canStatDesc</io7:canStatDesc>
                <io7:crCntryFip>ges:crCntryFip</io7:crCntryFip>
                <io7:crCrestaId>ges:crCrestaId</io7:crCrestaId>
                <io7:crFips>ges:crFips</io7:crFips>
                <io7:crGeocd>ges:crGeocd</io7:crGeocd>
                <io7:crIso3Alph>ges:crIso3Alph</io7:crIso3Alph>
                <io7:crIso3No>ges:crIso3No</io7:crIso3No>
                <io7:crPerlTyp>ges:crPerlTyp</io7:crPerlTyp>
                <io7:crStFips>ges:crStFips</io7:crStFips>
                <io7:crSbIso>ges:crSbIso</io7:crSbIso>
                <io7:crZnNo>ges:crZnNo</io7:crZnNo>
                <io7:crDcmntat>ges:crDcmntat</io7:crDcmntat>
                <io7:crNm>ges:crNm</io7:crNm>
                <io7:crStat>ges:crStat</io7:crStat>
                <io7:crStatCd>ges:crStatCd</io7:crStatCd>
                <io7:crStatDesc>ges:crStatDesc</io7:crStatDesc>
                <io7:crszCntryFip>ges:crszCntryFip</io7:crszCntryFip>
                <io7:crszCrestaId>ges:crszCrestaId</io7:crszCrestaId>
                <io7:crszFips>ges:crszFips</io7:crszFips>
                <io7:crszGeocd>ges:crszGeocd</io7:crszGeocd>
                <io7:crszIso3Alph>ges:crszIso3Alph</io7:crszIso3Alph>
                <io7:crszIso3No>ges:crszIso3No</io7:crszIso3No>
                <io7:crszPerlTyp>ges:crszPerlTyp</io7:crszPerlTyp>
                <io7:crszStFips>ges:crszStFips</io7:crszStFips>
                <io7:crszSbIso>ges:crszSbIso</io7:crszSbIso>
                <io7:crszSznNo>ges:crszSznNo</io7:crszSznNo>
                <io7:crszDcmntat>ges:crszDcmntat</io7:crszDcmntat>
                <io7:crszNm>ges:crszNm</io7:crszNm>
                <io7:crszParZoNum>ges:crszParZoNum</io7:crszParZoNum>
                <io7:crszTyp>ges:crszTyp</io7:crszTyp>
                <io7:crszStat>ges:crszStat</io7:crszStat>
                <io7:crszStatCd>ges:crszStatCd</io7:crszStatCd>
                <io7:crszStatDesc>ges:crszStatDesc</io7:crszStatDesc>
                <io7:addrXtensn>ges:addrXtensn</io7:addrXtensn>
                <io7:nonvlidateColList>ges:nonvlidateColList</io7:nonvlidateColList>
                <io7:dstnc>ges:dstnc</io7:dstnc>
                <io7:dstncUnt>ges:dstncUnt</io7:dstncUnt>
              </io7:pbException>
              <io7:isRequestForUpdate>true</io7:isRequestForUpdate>
            </io8:sovLocation>
          </io8:location>
        </io8:locations>
      </updatePBBIExceptionsRequest>
      <updateMDMExceptionsRequest>
        <io8:updateRequiredFor>tns1:updateRequiredFor</io8:updateRequiredFor>
        <io8:version>tns1:version</io8:version>
        <io8:locations>
          <io8:version>tns1:version</io8:version>
          <io8:location>
            <io8:sovLocation>
              <io7:version>ges:version</io7:version>
              <io7:sovLocId>0</io7:sovLocId>
              <io7:matchScore>0</io7:matchScore>
              <io7:agreementRequestId name="Policy Number">ges:agreementRequestId</io7:agreementRequestId>
              <io7:structure>
                <io7:structureId>0</io7:structureId>
                <io7:typeId>0</io7:typeId>
                <io7:physObjectId>0</io7:physObjectId>
                <io7:constructionType>
                  <io7:constrnTypCd>ges:constrnTypCd</io7:constrnTypCd>
                  <io7:constrnTypDs>ges:constrnTypDs</io7:constrnTypDs>
                  <io7:constrnTypId>0</io7:constrnTypId>
                  <io7:clsfctnScheme>ges:clsfctnScheme</io7:clsfctnScheme>
                </io7:constructionType>
                <io7:occupationType>
                  <io7:ocptnTypCd>ges:ocptnTypCd</io7:ocptnTypCd>
                  <io7:ocptnTypDs>ges:ocptnTypDs</io7:ocptnTypDs>
                  <io7:ocptnTypId>0</io7:ocptnTypId>
                  <io7:clsfctnScheme>ges:clsfctnScheme</io7:clsfctnScheme>
                </io7:occupationType>
                <io7:structureType>ges:structureType</io7:structureType>
                <io7:name>ges:name</io7:name>
                <io7:description>ges:description</io7:description>
                <io7:basicDataIncomplete>ges:basicDataIncomplete</io7:basicDataIncomplete>
                <io7:populationInfoId>0</io7:populationInfoId>
                <io7:effectiveFromDate>2001-01-01</io7:effectiveFromDate>
                <io7:effectiveToDate>2001-01-01</io7:effectiveToDate>
                <io7:xtrnlRefNo>ges:xtrnlRefNo</io7:xtrnlRefNo>
                <io7:noOfRsks>0</io7:noOfRsks>
                <io7:bldgValAm>0.0</io7:bldgValAm>
                <io7:cntntsValAm>0.0</io7:cntntsValAm>
                <io7:biValAm>0.0</io7:biValAm>
                <io7:totalPropertyDamageValueAm>0.0</io7:totalPropertyDamageValueAm>
                <io7:totalSumInsuredValueAm>0.0</io7:totalSumInsuredValueAm>
                <io7:flrAr>ges:flrAr</io7:flrAr>
                <io7:flrArUom>ges:flrArUom</io7:flrArUom>
                <io7:bltYr>0</io7:bltYr>
                <io7:noOfStories>0</io7:noOfStories>
                <io7:bldgHght>ges:bldgHght</io7:bldgHght>
                <io7:bldgHghtUom>ges:bldgHghtUom</io7:bldgHghtUom>
                <io7:lastUpgraddYr>0</io7:lastUpgraddYr>
                <io7:flrOfInt>ges:flrOfInt</io7:flrOfInt>
                <io7:constrnTypTx>ges:constrnTypTx</io7:constrnTypTx>
                <io7:ocptnTypTx>ges:ocptnTypTx</io7:ocptnTypTx>
                <io7:currntVersnFl>ges:currntVersnFl</io7:currntVersnFl>
                <io7:creatTs>2001-12-31T12:00:00</io7:creatTs>
                <io7:creatUsrId>ges:creatUsrId</io7:creatUsrId>
                <io7:updTs>2001-12-31T12:00:00</io7:updTs>
                <io7:updUsrId>ges:updUsrId</io7:updUsrId>
                <io7:srcFileNm>ges:srcFileNm</io7:srcFileNm>
                <io7:siteNm>ges:siteNm</io7:siteNm>
                <io7:coNmBusUnt>ges:coNmBusUnt</io7:coNmBusUnt>
                <io7:prmryBldgIn>ges:prmryBldgIn</io7:prmryBldgIn>
                <io7:currency>
                  <io7:crncyCd>ges:crncyCd</io7:crncyCd>
                  <io7:crncyDs>ges:crncyDs</io7:crncyDs>
                  <io7:efctvDt>2001-01-01</io7:efctvDt>
                  <io7:isoAlphCrncyCd>ges:isoAlphCrncyCd</io7:isoAlphCrncyCd>
                  <io7:crncyId>0</io7:crncyId>
                  <io7:isoNmrcCrncyCd>0</io7:isoNmrcCrncyCd>
                  <io7:currencyExchangeRate>
                    <io7:fromCrncyId>0</io7:fromCrncyId>
                    <io7:toCrncyId>0</io7:toCrncyId>
                    <io7:cnvrsnRt>0.0</io7:cnvrsnRt>
                    <io7:cnvrsnDt>2001-01-01</io7:cnvrsnDt>
                    <io7:rtTypIn>ges:rtTypIn</io7:rtTypIn>
                    <io7:xchngRtId>0</io7:xchngRtId>
                  </io7:currencyExchangeRate>
                </io7:currency>
                <io7:structureSecModifier>
                  <io7:StructureSecModifier>
                    <io7:name name="">ges:name</io7:name>
                    <io7:scheme>ges:scheme</io7:scheme>
                    <io7:cdId>0</io7:cdId>
                    <io7:cdVal>ges:cdVal</io7:cdVal>
                    <io7:cdLabel>ges:cdLabel</io7:cdLabel>
                    <io7:cdGrpVal>ges:cdGrpVal</io7:cdGrpVal>
                    <io7:cdGrpLabel>ges:cdGrpLabel</io7:cdGrpLabel>
                  </io7:StructureSecModifier>
                </io7:structureSecModifier>
                <io7:sic3DCd>0</io7:sic3DCd>
                <io7:sic4DCd>0</io7:sic4DCd>
                <io7:sicGroup>ges:sicGroup</io7:sicGroup>
                <io7:sicDesc>ges:sicDesc</io7:sicDesc>
                <io7:uwtngMngmtAdjsmt>ges:uwtngMngmtAdjsmt</io7:uwtngMngmtAdjsmt>
                <io7:graspLocId>ges:graspLocId</io7:graspLocId>
                <io7:aeNm>ges:aeNm</io7:aeNm>
                <io7:sentForITV>true</io7:sentForITV>
                <io7:ITVValtnDt>2001-01-01</io7:ITVValtnDt>
                <io7:chngPct>0.0</io7:chngPct>
                <io7:DQI>0.0</io7:DQI>
                <io7:strValtnId>0</io7:strValtnId>
                <io7:TEVal>0.0</io7:TEVal>
                <io7:ttl>0.0</io7:ttl>
                <io7:typId>0</io7:typId>
                <io7:LocationCoverages>
                  <io7:LoationCoverage>
                    <io7:Coverage>
                      <io7:AttributeNm>ges:AttributeNm</io7:AttributeNm>
                      <io7:categoryId>0</io7:categoryId>
                      <io7:typId>0</io7:typId>
                      <io7:typNm>ges:typNm</io7:typNm>
                      <io7:source>ges:source</io7:source>
                    </io7:Coverage>
                    <io7:CoverageValue>
                      <io7:DecimalValue>0.0</io7:DecimalValue>
                      <io7:Unit>ges:Unit</io7:Unit>
                    </io7:CoverageValue>
                  </io7:LoationCoverage>
                </io7:LocationCoverages>
                <io7:LocationNonCoverages>
                  <io7:LocationNonCoverage>
                    <io7:Coverage>
                      <io7:AttributeNm>ges:AttributeNm</io7:AttributeNm>
                      <io7:categoryId>0</io7:categoryId>
                      <io7:typId>0</io7:typId>
                      <io7:typNm>ges:typNm</io7:typNm>
                      <io7:source>ges:source</io7:source>
                    </io7:Coverage>
                    <io7:CoverageValue>
                      <io7:DecimalValue>0.0</io7:DecimalValue>
                      <io7:Unit>ges:Unit</io7:Unit>
                    </io7:CoverageValue>
                  </io7:LocationNonCoverage>
                </io7:LocationNonCoverages>
                <io7:SiteCampusId>ges:SiteCampusId</io7:SiteCampusId>
              </io7:structure>
              <io7:physicalObject>
                <io7:physObjectId>0</io7:physObjectId>
                <io7:typeId>0</io7:typeId>
                <io7:populationInfoId>0</io7:populationInfoId>
                <io7:creatTs>2001-12-31T12:00:00</io7:creatTs>
                <io7:creatUsrId>ges:creatUsrId</io7:creatUsrId>
                <io7:updTs>2001-12-31T12:00:00</io7:updTs>
                <io7:updUsrId>ges:updUsrId</io7:updUsrId>
                <io7:graspInfo>
                  <io7:engnrgBldgVal>0.0</io7:engnrgBldgVal>
                  <io7:engnrgMachryVal>0.0</io7:engnrgMachryVal>
                  <io7:ibi>0.0</io7:ibi>
                  <io7:floodZnWithinPropLn>ges:floodZnWithinPropLn</io7:floodZnWithinPropLn>
                  <io7:floodZn1000ftFromPropLn>ges:floodZn1000ftFromPropLn</io7:floodZn1000ftFromPropLn>
                  <io7:surgeXpsr>ges:surgeXpsr</io7:surgeXpsr>
                  <io7:hailstormXpsr>ges:hailstormXpsr</io7:hailstormXpsr>
                  <io7:snowLodXpsr>ges:snowLodXpsr</io7:snowLodXpsr>
                  <io7:othCatXpsr>ges:othCatXpsr</io7:othCatXpsr>
                  <io7:engnrgOvrrdHzrdGrd>ges:engnrgOvrrdHzrdGrd</io7:engnrgOvrrdHzrdGrd>
                  <io7:ovrlHeRtg>0.0</io7:ovrlHeRtg>
                  <io7:locRskRtgFire>0.0</io7:locRskRtgFire>
                  <io7:locRskRtgCat>0.0</io7:locRskRtgCat>
                  <io7:locRskRtgCompst>0.0</io7:locRskRtgCompst>
                  <io7:ttlOcpdBldgAr>0.0</io7:ttlOcpdBldgAr>
                  <io7:ttlOcpdStories>0</io7:ttlOcpdStories>
                  <io7:adqtAutmtcSprnklrsPct>0.0</io7:adqtAutmtcSprnklrsPct>
                  <io7:neededAutmtcSprnklrsPct>0.0</io7:neededAutmtcSprnklrsPct>
                  <io7:autmtcSprnklrsPct>0.0</io7:autmtcSprnklrsPct>
                  <io7:predominantConstrnCls>ges:predominantConstrnCls</io7:predominantConstrnCls>
                  <io7:predominantPrtctnCls>ges:predominantPrtctnCls</io7:predominantPrtctnCls>
                  <io7:surgeTtlLe>0.0</io7:surgeTtlLe>
                  <io7:floodTtlLe100Yr>0.0</io7:floodTtlLe100Yr>
                  <io7:floodTtlLe500Yr>0.0</io7:floodTtlLe500Yr>
                  <io7:floodTtlLe>0.0</io7:floodTtlLe>
                  <io7:floodTtlMfl>0.0</io7:floodTtlMfl>
                  <io7:wndTtlLe100Yr>0.0</io7:wndTtlLe100Yr>
                  <io7:wndTtlLe500Yr>ges:wndTtlLe500Yr</io7:wndTtlLe500Yr>
                  <io7:wndTtlNle>0.0</io7:wndTtlNle>
                  <io7:eqLe>0.0</io7:eqLe>
                  <io7:ttlMfl>0.0</io7:ttlMfl>
                  <io7:ttlEml>0.0</io7:ttlEml>
                  <io7:ttlPml>0.0</io7:ttlPml>
                  <io7:ttlMas>0.0</io7:ttlMas>
                  <io7:ttlNle>0.0</io7:ttlNle>
                  <io7:ttlLe>0.0</io7:ttlLe>
                  <io7:ttlObjLos>0.0</io7:ttlObjLos>
                  <io7:locCls>ges:locCls</io7:locCls>
                  <io7:fireIndx>ges:fireIndx</io7:fireIndx>
                  <io7:xplosnIndx>ges:xplosnIndx</io7:xplosnIndx>
                  <io7:xplosnRskAdqtlyEngnred>ges:xplosnRskAdqtlyEngnred</io7:xplosnRskAdqtlyEngnred>
                  <io7:fldDesktpAsesd>ges:fldDesktpAsesd</io7:fldDesktpAsesd>
                  <io7:engnrgSrc>ges:engnrgSrc</io7:engnrgSrc>
                  <io7:graspCntntVal>0.0</io7:graspCntntVal>
                  <io7:graspTmElmntVal>0.0</io7:graspTmElmntVal>
                  <io7:graspTpdVal>0.0</io7:graspTpdVal>
                  <io7:graspLat>0.0</io7:graspLat>
                  <io7:graspLng>0.0</io7:graspLng>
                  <io7:graspPrecisionCd>0.0</io7:graspPrecisionCd>
                </io7:graspInfo>
              </io7:physicalObject>
              <io7:actvIn>ges:actvIn</io7:actvIn>
              <io7:effectiveFromDate>2001-01-01</io7:effectiveFromDate>
              <io7:effectiveToDate>2001-01-01</io7:effectiveToDate>
              <io7:geographicArea>
                <io7:ggrphcArId>0</io7:ggrphcArId>
                <io7:typNm>ges:typNm</io7:typNm>
                <io7:vlidFromTs>2001-12-31T12:00:00</io7:vlidFromTs>
                <io7:vlidToTs>2001-12-31T12:00:00</io7:vlidToTs>
                <io7:ctyNm>ges:ctyNm</io7:ctyNm>
                <io7:addr>ges:addr</io7:addr>
                <io7:postalCd>ges:postalCd</io7:postalCd>
                <io7:stNm>ges:stNm</io7:stNm>
                <io7:dstrctNm>ges:dstrctNm</io7:dstrctNm>
                <io7:cntyNm>ges:cntyNm</io7:cntyNm>
                <io7:lattdInDegrs>ges:lattdInDegrs</io7:lattdInDegrs>
                <io7:lngtdInDegrs>ges:lngtdInDegrs</io7:lngtdInDegrs>
                <io7:cntryNm>ges:cntryNm</io7:cntryNm>
                <io7:langCd>ges:langCd</io7:langCd>
                <io7:geoRsltnLvlId>0</io7:geoRsltnLvlId>
                <io7:addrConfdncPc>0.0</io7:addrConfdncPc>
                <io7:addrXtensn>ges:addrXtensn</io7:addrXtensn>
                <io7:isAddrStndrdizedIn>ges:isAddrStndrdizedIn</io7:isAddrStndrdizedIn>
                <io7:locPrecision>ges:locPrecision</io7:locPrecision>
                <io7:crestaZone>
                  <io7:crestaZnId>0</io7:crestaZnId>
                  <io7:crCntryFip>ges:crCntryFip</io7:crCntryFip>
                  <io7:crCrestaId>ges:crCrestaId</io7:crCrestaId>
                  <io7:crFips>ges:crFips</io7:crFips>
                  <io7:crGeocd>ges:crGeocd</io7:crGeocd>
                  <io7:crIso3Alph>ges:crIso3Alph</io7:crIso3Alph>
                  <io7:crIso3No>ges:crIso3No</io7:crIso3No>
                  <io7:crPerlTyp>ges:crPerlTyp</io7:crPerlTyp>
                  <io7:crStFips>ges:crStFips</io7:crStFips>
                  <io7:crSbIso>ges:crSbIso</io7:crSbIso>
                  <io7:crZnNo>ges:crZnNo</io7:crZnNo>
                  <io7:crDcmntat>ges:crDcmntat</io7:crDcmntat>
                  <io7:crNm>ges:crNm</io7:crNm>
                  <ges:geographicArea xmlns:ges="http://aig.us.com/ges" xmlns:httpsca="http://www.ibm.com/xmlns/prod/websphere/http/sca/6.1.0" xmlns:mq="http://www.ibm.com/xmlns/prod/websphere/mq/sca/6.0.0" xmlns:p="http://GES_Lib_Common/bo" xmlns:p1="http://COM_GES_MF_DBUpdateHandler/bo" xmlns:tns="http://www.ibm.com/websphere/sibx/smo/v6.0.1" xmlns:tns1="http://aig.us.com/ges/schema" xmlns:tns2="http://www.w3.org/2005/08/addressing" xmlns:tns3="http://www.w3.org/2003/05/soap-envelope" xmlns:wsa="http://schemas.xmlsoap.org/ws/2004/08/addressing"/>
                </io7:crestaZone>
                <io7:subcrestaZone>
                  <io7:crszCntryFip>ges:crszCntryFip</io7:crszCntryFip>
                  <io7:crszCrestaId>ges:crszCrestaId</io7:crszCrestaId>
                  <io7:crszFips>ges:crszFips</io7:crszFips>
                  <io7:crszGeocd>ges:crszGeocd</io7:crszGeocd>
                  <io7:crszIso3Alph>ges:crszIso3Alph</io7:crszIso3Alph>
                  <io7:crszIso3No>ges:crszIso3No</io7:crszIso3No>
                  <io7:crszPerlTyp>ges:crszPerlTyp</io7:crszPerlTyp>
                  <io7:crszStFips>ges:crszStFips</io7:crszStFips>
                  <io7:crszSbIso>ges:crszSbIso</io7:crszSbIso>
                  <io7:crszSznNo>ges:crszSznNo</io7:crszSznNo>
                  <io7:crszDcmntat>ges:crszDcmntat</io7:crszDcmntat>
                  <io7:crszNm>ges:crszNm</io7:crszNm>
                  <io7:crszParZoNum>ges:crszParZoNum</io7:crszParZoNum>
                  <io7:crszTyp>ges:crszTyp</io7:crszTyp>
                  <io7:sbcrestaZnId>0</io7:sbcrestaZnId>
                  <ges:geographicArea xmlns:ges="http://aig.us.com/ges" xmlns:httpsca="http://www.ibm.com/xmlns/prod/websphere/http/sca/6.1.0" xmlns:mq="http://www.ibm.com/xmlns/prod/websphere/mq/sca/6.0.0" xmlns:p="http://GES_Lib_Common/bo" xmlns:p1="http://COM_GES_MF_DBUpdateHandler/bo" xmlns:tns="http://www.ibm.com/websphere/sibx/smo/v6.0.1" xmlns:tns1="http://aig.us.com/ges/schema" xmlns:tns2="http://www.w3.org/2005/08/addressing" xmlns:tns3="http://www.w3.org/2003/05/soap-envelope" xmlns:wsa="http://schemas.xmlsoap.org/ws/2004/08/addressing"/>
                </io7:subcrestaZone>
                <io7:cntryId>0</io7:cntryId>
                <io7:placeId>0</io7:placeId>
                <io7:basicdataIncomplete>ges:basicdataIncomplete</io7:basicdataIncomplete>
                <io7:addr2>ges:addr2</io7:addr2>
                <io7:blok>ges:blok</io7:blok>
                <io7:blokGrp>ges:blokGrp</io7:blokGrp>
                <io7:geoCdId>0</io7:geoCdId>
                <io7:geoCdTyId>0</io7:geoCdTyId>
                <io7:geoCdTyNm>ges:geoCdTyNm</io7:geoCdTyNm>
                <io7:LocationHazards>
                  <io7:LocationHazard>
                    <io7:Coverage>
                      <io7:AttributeNm>ges:AttributeNm</io7:AttributeNm>
                      <io7:categoryId>0</io7:categoryId>
                      <io7:typId>0</io7:typId>
                      <io7:typNm>ges:typNm</io7:typNm>
                      <io7:source>ges:source</io7:source>
                    </io7:Coverage>
                    <io7:CoverageValue>
                      <io7:DecimalValue>0.0</io7:DecimalValue>
                      <io7:Unit>ges:Unit</io7:Unit>
                    </io7:CoverageValue>
                    <io7:HazardId>0</io7:HazardId>
                    <io7:LookUpId>0</io7:LookUpId>
                  </io7:LocationHazard>
                </io7:LocationHazards>
              </io7:geographicArea>
              <io7:autoAugmentIn>ges:autoAugmentIn</io7:autoAugmentIn>
              <io7:esbCrossReferenceInfo>
                <io7:prcsngStatCd>ges:prcsngStatCd</io7:prcsngStatCd>
                <io7:prcsngStatTs>2001-12-31T12:00:00</io7:prcsngStatTs>
                <io7:retryCnt>0</io7:retryCnt>
                <io7:sovLocId>0</io7:sovLocId>
                <io7:errMsg>ges:errMsg</io7:errMsg>
                <io7:augmentStatIn>ges:augmentStatIn</io7:augmentStatIn>
              </io7:esbCrossReferenceInfo>
              <io7:mdmCrossReferenceInfo>
                <io7:mdmContId>ges:mdmContId</io7:mdmContId>
                <io7:mdmContCmpntId>ges:mdmContCmpntId</io7:mdmContCmpntId>
                <io7:mdmHoldgId>ges:mdmHoldgId</io7:mdmHoldgId>
                <io7:mdmAddrId>ges:mdmAddrId</io7:mdmAddrId>
                <io7:sovLocId>ges:sovLocId</io7:sovLocId>
                <io7:graspReviewed>N</io7:graspReviewed>
              </io7:mdmCrossReferenceInfo>
              <io7:mdmException>
                <io7:langCd>ges:langCd</io7:langCd>
                <io7:ctyNm>ges:ctyNm</io7:ctyNm>
                <io7:postalCd>ges:postalCd</io7:postalCd>
                <io7:stNm>ges:stNm</io7:stNm>
                <io7:addrStatCd>ges:addrStatCd</io7:addrStatCd>
                <io7:dstrctNm>ges:dstrctNm</io7:dstrctNm>
                <io7:cntyNm>ges:cntyNm</io7:cntyNm>
                <io7:lattdInDegrs>ges:lattdInDegrs</io7:lattdInDegrs>
                <io7:lngtdInDegrs>ges:lngtdInDegrs</io7:lngtdInDegrs>
                <io7:coBusUnt>ges:coBusUnt</io7:coBusUnt>
                <io7:cntryNm>ges:cntryNm</io7:cntryNm>
                <io7:geoRsltnLvlId>0</io7:geoRsltnLvlId>
                <io7:mtchky>ges:mtchky</io7:mtchky>
                <io7:addrConfdncPc>0.0</io7:addrConfdncPc>
                <io7:addrLn1>ges:addrLn1</io7:addrLn1>
                <io7:addrLn2>ges:addrLn2</io7:addrLn2>
                <io7:addrLn3>ges:addrLn3</io7:addrLn3>
                <io7:addrXtensn>ges:addrXtensn</io7:addrXtensn>
                <io7:pbLocId>ges:pbLocId</io7:pbLocId>
                <io7:geoStat>ges:geoStat</io7:geoStat>
                <io7:geoStatCd>ges:geoStatCd</io7:geoStatCd>
                <io7:geoStatDesc>ges:geoStatDesc</io7:geoStatDesc>
                <io7:dplctSqn>0</io7:dplctSqn>
                <io7:flrAr>ges:flrAr</io7:flrAr>
                <io7:flrArUom>ges:flrArUom</io7:flrArUom>
                <io7:occupancyScheme>ges:occupancyScheme</io7:occupancyScheme>
                <io7:occupancyTypCd>ges:occupancyTypCd</io7:occupancyTypCd>
                <io7:bltYr>0</io7:bltYr>
                <io7:noOfRsks>0</io7:noOfRsks>
                <io7:noOfStories>0</io7:noOfStories>
                <io7:bldgHght>0</io7:bldgHght>
                <io7:bldgHghtUom>ges:bldgHghtUom</io7:bldgHghtUom>
                <io7:constrnSchemeCd>ges:constrnSchemeCd</io7:constrnSchemeCd>
                <io7:constrnTypCd>ges:constrnTypCd</io7:constrnTypCd>
                <io7:lastUpgraddYr>0</io7:lastUpgraddYr>
                <io7:flrOfInt>ges:flrOfInt</io7:flrOfInt>
                <io7:mdmContId>0</io7:mdmContId>
                <io7:mdmContCmpntId>0</io7:mdmContCmpntId>
                <io7:mdmHoldgId>0</io7:mdmHoldgId>
                <io7:mdmAddrId>0</io7:mdmAddrId>
                <io7:isAddrStndrdizedIn>ges:isAddrStndrdizedIn</io7:isAddrStndrdizedIn>
                <io7:mdmHoldgStartDt>2001-12-31T12:00:00</io7:mdmHoldgStartDt>
                <io7:propTypCd>0</io7:propTypCd>
                <io7:addr>ges:addr</io7:addr>
                <io7:locNm>ges:locNm</io7:locNm>
                <io7:siteNm>ges:siteNm</io7:siteNm>
                <io7:cntryCd>ges:cntryCd</io7:cntryCd>
                <io7:stCd>ges:stCd</io7:stCd>
                <io7:addrStatDesc>ges:addrStatDesc</io7:addrStatDesc>
                <io7:mtchScore>0</io7:mtchScore>
                <io7:locPrecision>ges:locPrecision</io7:locPrecision>
                <io7:sovLocId>0</io7:sovLocId>
                <io7:prmryBldgIn>ges:prmryBldgIn</io7:prmryBldgIn>
                <io7:graspReviewed>N</io7:graspReviewed>
              </io7:mdmException>
              <io7:pbCrossReferenceInfo>
                <io7:sovLocId>0</io7:sovLocId>
                <io7:geoRsltnLvlId>0</io7:geoRsltnLvlId>
                <io7:mtchky>ges:mtchky</io7:mtchky>
                <io7:addrConfdncPc>0.0</io7:addrConfdncPc>
                <io7:addrXtensn>ges:addrXtensn</io7:addrXtensn>
                <io7:addrStatCd>ges:addrStatCd</io7:addrStatCd>
                <io7:isAddrStndrdizedIn>ges:isAddrStndrdizedIn</io7:isAddrStndrdizedIn>
                <io7:addrStatDesc>ges:addrStatDesc</io7:addrStatDesc>
                <io7:canAr>ges:canAr</io7:canAr>
                <io7:canFloodZn>ges:canFloodZn</io7:canFloodZn>
                <io7:canPrvnc>ges:canPrvnc</io7:canPrvnc>
                <io7:canRiver>ges:canRiver</io7:canRiver>
                <io7:dstnc>ges:dstnc</io7:dstnc>
                <io7:dstncUnit>ges:dstncUnit</io7:dstncUnit>
              </io7:pbCrossReferenceInfo>
              <io7:pbException>
                <io7:langCd>ges:langCd</io7:langCd>
                <io7:ctyNm>ges:ctyNm</io7:ctyNm>
                <io7:postalCd>ges:postalCd</io7:postalCd>
                <io7:stNm>ges:stNm</io7:stNm>
                <io7:addrStatCd>ges:addrStatCd</io7:addrStatCd>
                <io7:dstrctNm>ges:dstrctNm</io7:dstrctNm>
                <io7:cntyNm>ges:cntyNm</io7:cntyNm>
                <io7:lattdInDegrs>ges:lattdInDegrs</io7:lattdInDegrs>
                <io7:lngtdInDegrs>ges:lngtdInDegrs</io7:lngtdInDegrs>
                <io7:coBusUnt>ges:coBusUnt</io7:coBusUnt>
                <io7:cntryNm>ges:cntryNm</io7:cntryNm>
                <io7:geoRsltnLvlId>0</io7:geoRsltnLvlId>
                <io7:mtchky>ges:mtchky</io7:mtchky>
                <io7:addrConfdncPc>0.0</io7:addrConfdncPc>
                <io7:addrLn1>ges:addrLn1</io7:addrLn1>
                <io7:addrLn2>ges:addrLn2</io7:addrLn2>
                <io7:addrLn3>ges:addrLn3</io7:addrLn3>
                <io7:addrLn4>ges:addrLn4</io7:addrLn4>
                <io7:multiMtchCnt>0</io7:multiMtchCnt>
                <io7:geoStat>ges:geoStat</io7:geoStat>
                <io7:geoStatCd>ges:geoStatCd</io7:geoStatCd>
                <io7:geoStatDesc>ges:geoStatDesc</io7:geoStatDesc>
                <io7:mtchSqn>0</io7:mtchSqn>
                <io7:addrStatDesc>ges:addrStatDesc</io7:addrStatDesc>
                <io7:locPrecision>ges:locPrecision</io7:locPrecision>
                <io7:addrStat>ges:addrStat</io7:addrStat>
                <io7:sovLocId>0</io7:sovLocId>
                <io7:canAr>ges:canAr</io7:canAr>
                <io7:canFloodZn>ges:canFloodZn</io7:canFloodZn>
                <io7:canPrvnc>ges:canPrvnc</io7:canPrvnc>
                <io7:canRiver>ges:canRiver</io7:canRiver>
                <io7:canStat>ges:canStat</io7:canStat>
                <io7:canStatCd>ges:canStatCd</io7:canStatCd>
                <io7:canStatDesc>ges:canStatDesc</io7:canStatDesc>
                <io7:crCntryFip>ges:crCntryFip</io7:crCntryFip>
                <io7:crCrestaId>ges:crCrestaId</io7:crCrestaId>
                <io7:crFips>ges:crFips</io7:crFips>
                <io7:crGeocd>ges:crGeocd</io7:crGeocd>
                <io7:crIso3Alph>ges:crIso3Alph</io7:crIso3Alph>
                <io7:crIso3No>ges:crIso3No</io7:crIso3No>
                <io7:crPerlTyp>ges:crPerlTyp</io7:crPerlTyp>
                <io7:crStFips>ges:crStFips</io7:crStFips>
                <io7:crSbIso>ges:crSbIso</io7:crSbIso>
                <io7:crZnNo>ges:crZnNo</io7:crZnNo>
                <io7:crDcmntat>ges:crDcmntat</io7:crDcmntat>
                <io7:crNm>ges:crNm</io7:crNm>
                <io7:crStat>ges:crStat</io7:crStat>
                <io7:crStatCd>ges:crStatCd</io7:crStatCd>
                <io7:crStatDesc>ges:crStatDesc</io7:crStatDesc>
                <io7:crszCntryFip>ges:crszCntryFip</io7:crszCntryFip>
                <io7:crszCrestaId>ges:crszCrestaId</io7:crszCrestaId>
                <io7:crszFips>ges:crszFips</io7:crszFips>
                <io7:crszGeocd>ges:crszGeocd</io7:crszGeocd>
                <io7:crszIso3Alph>ges:crszIso3Alph</io7:crszIso3Alph>
                <io7:crszIso3No>ges:crszIso3No</io7:crszIso3No>
                <io7:crszPerlTyp>ges:crszPerlTyp</io7:crszPerlTyp>
                <io7:crszStFips>ges:crszStFips</io7:crszStFips>
                <io7:crszSbIso>ges:crszSbIso</io7:crszSbIso>
                <io7:crszSznNo>ges:crszSznNo</io7:crszSznNo>
                <io7:crszDcmntat>ges:crszDcmntat</io7:crszDcmntat>
                <io7:crszNm>ges:crszNm</io7:crszNm>
                <io7:crszParZoNum>ges:crszParZoNum</io7:crszParZoNum>
                <io7:crszTyp>ges:crszTyp</io7:crszTyp>
                <io7:crszStat>ges:crszStat</io7:crszStat>
                <io7:crszStatCd>ges:crszStatCd</io7:crszStatCd>
                <io7:crszStatDesc>ges:crszStatDesc</io7:crszStatDesc>
                <io7:addrXtensn>ges:addrXtensn</io7:addrXtensn>
                <io7:nonvlidateColList>ges:nonvlidateColList</io7:nonvlidateColList>
                <io7:dstnc>ges:dstnc</io7:dstnc>
                <io7:dstncUnt>ges:dstncUnt</io7:dstncUnt>
              </io7:pbException>
              <io7:isRequestForUpdate>true</io7:isRequestForUpdate>
            </io8:sovLocation>
          </io8:location>
        </io8:locations>
      </updateMDMExceptionsRequest>
      <updateAugmentedLocationRequest>
        <io8:updateRequiredFor>tns1:updateRequiredFor</io8:updateRequiredFor>
        <io8:version>tns1:version</io8:version>
        <io8:locations>
          <io8:version>tns1:version</io8:version>
          <io8:location>
            <io8:sovLocation>
              <io7:version>ges:version</io7:version>
              <io7:sovLocId>0</io7:sovLocId>
              <io7:matchScore>0</io7:matchScore>
              <io7:agreementRequestId name="Policy Number">ges:agreementRequestId</io7:agreementRequestId>
              <io7:structure>
                <io7:structureId>0</io7:structureId>
                <io7:typeId>0</io7:typeId>
                <io7:physObjectId>0</io7:physObjectId>
                <io7:constructionType>
                  <io7:constrnTypCd>ges:constrnTypCd</io7:constrnTypCd>
                  <io7:constrnTypDs>ges:constrnTypDs</io7:constrnTypDs>
                  <io7:constrnTypId>0</io7:constrnTypId>
                  <io7:clsfctnScheme>ges:clsfctnScheme</io7:clsfctnScheme>
                </io7:constructionType>
                <io7:occupationType>
                  <io7:ocptnTypCd>ges:ocptnTypCd</io7:ocptnTypCd>
                  <io7:ocptnTypDs>ges:ocptnTypDs</io7:ocptnTypDs>
                  <io7:ocptnTypId>0</io7:ocptnTypId>
                  <io7:clsfctnScheme>ges:clsfctnScheme</io7:clsfctnScheme>
                </io7:occupationType>
                <io7:structureType>ges:structureType</io7:structureType>
                <io7:name>ges:name</io7:name>
                <io7:description>ges:description</io7:description>
                <io7:basicDataIncomplete>ges:basicDataIncomplete</io7:basicDataIncomplete>
                <io7:populationInfoId>0</io7:populationInfoId>
                <io7:effectiveFromDate>2001-01-01</io7:effectiveFromDate>
                <io7:effectiveToDate>2001-01-01</io7:effectiveToDate>
                <io7:xtrnlRefNo>ges:xtrnlRefNo</io7:xtrnlRefNo>
                <io7:noOfRsks>0</io7:noOfRsks>
                <io7:bldgValAm>0.0</io7:bldgValAm>
                <io7:cntntsValAm>0.0</io7:cntntsValAm>
                <io7:biValAm>0.0</io7:biValAm>
                <io7:totalPropertyDamageValueAm>0.0</io7:totalPropertyDamageValueAm>
                <io7:totalSumInsuredValueAm>0.0</io7:totalSumInsuredValueAm>
                <io7:flrAr>ges:flrAr</io7:flrAr>
                <io7:flrArUom>ges:flrArUom</io7:flrArUom>
                <io7:bltYr>0</io7:bltYr>
                <io7:noOfStories>0</io7:noOfStories>
                <io7:bldgHght>ges:bldgHght</io7:bldgHght>
                <io7:bldgHghtUom>ges:bldgHghtUom</io7:bldgHghtUom>
                <io7:lastUpgraddYr>0</io7:lastUpgraddYr>
                <io7:flrOfInt>ges:flrOfInt</io7:flrOfInt>
                <io7:constrnTypTx>ges:constrnTypTx</io7:constrnTypTx>
                <io7:ocptnTypTx>ges:ocptnTypTx</io7:ocptnTypTx>
                <io7:currntVersnFl>ges:currntVersnFl</io7:currntVersnFl>
                <io7:creatTs>2001-12-31T12:00:00</io7:creatTs>
                <io7:creatUsrId>ges:creatUsrId</io7:creatUsrId>
                <io7:updTs>2001-12-31T12:00:00</io7:updTs>
                <io7:updUsrId>ges:updUsrId</io7:updUsrId>
                <io7:srcFileNm>ges:srcFileNm</io7:srcFileNm>
                <io7:siteNm>ges:siteNm</io7:siteNm>
                <io7:coNmBusUnt>ges:coNmBusUnt</io7:coNmBusUnt>
                <io7:prmryBldgIn>ges:prmryBldgIn</io7:prmryBldgIn>
                <io7:currency>
                  <io7:crncyCd>ges:crncyCd</io7:crncyCd>
                  <io7:crncyDs>ges:crncyDs</io7:crncyDs>
                  <io7:efctvDt>2001-01-01</io7:efctvDt>
                  <io7:isoAlphCrncyCd>ges:isoAlphCrncyCd</io7:isoAlphCrncyCd>
                  <io7:crncyId>0</io7:crncyId>
                  <io7:isoNmrcCrncyCd>0</io7:isoNmrcCrncyCd>
                  <io7:currencyExchangeRate>
                    <io7:fromCrncyId>0</io7:fromCrncyId>
                    <io7:toCrncyId>0</io7:toCrncyId>
                    <io7:cnvrsnRt>0.0</io7:cnvrsnRt>
                    <io7:cnvrsnDt>2001-01-01</io7:cnvrsnDt>
                    <io7:rtTypIn>ges:rtTypIn</io7:rtTypIn>
                    <io7:xchngRtId>0</io7:xchngRtId>
                  </io7:currencyExchangeRate>
                </io7:currency>
                <io7:structureSecModifier>
                  <io7:StructureSecModifier>
                    <io7:name name="">ges:name</io7:name>
                    <io7:scheme>ges:scheme</io7:scheme>
                    <io7:cdId>0</io7:cdId>
                    <io7:cdVal>ges:cdVal</io7:cdVal>
                    <io7:cdLabel>ges:cdLabel</io7:cdLabel>
                    <io7:cdGrpVal>ges:cdGrpVal</io7:cdGrpVal>
                    <io7:cdGrpLabel>ges:cdGrpLabel</io7:cdGrpLabel>
                  </io7:StructureSecModifier>
                </io7:structureSecModifier>
                <io7:sic3DCd>0</io7:sic3DCd>
                <io7:sic4DCd>0</io7:sic4DCd>
                <io7:sicGroup>ges:sicGroup</io7:sicGroup>
                <io7:sicDesc>ges:sicDesc</io7:sicDesc>
                <io7:uwtngMngmtAdjsmt>ges:uwtngMngmtAdjsmt</io7:uwtngMngmtAdjsmt>
                <io7:graspLocId>ges:graspLocId</io7:graspLocId>
                <io7:aeNm>ges:aeNm</io7:aeNm>
                <io7:sentForITV>true</io7:sentForITV>
                <io7:ITVValtnDt>2001-01-01</io7:ITVValtnDt>
                <io7:chngPct>0.0</io7:chngPct>
                <io7:DQI>0.0</io7:DQI>
                <io7:strValtnId>0</io7:strValtnId>
                <io7:TEVal>0.0</io7:TEVal>
                <io7:ttl>0.0</io7:ttl>
                <io7:typId>0</io7:typId>
                <io7:LocationCoverages>
                  <io7:LoationCoverage>
                    <io7:Coverage>
                      <io7:AttributeNm>ges:AttributeNm</io7:AttributeNm>
                      <io7:categoryId>0</io7:categoryId>
                      <io7:typId>0</io7:typId>
                      <io7:typNm>ges:typNm</io7:typNm>
                      <io7:source>ges:source</io7:source>
                    </io7:Coverage>
                    <io7:CoverageValue>
                      <io7:DecimalValue>0.0</io7:DecimalValue>
                      <io7:Unit>ges:Unit</io7:Unit>
                    </io7:CoverageValue>
                  </io7:LoationCoverage>
                </io7:LocationCoverages>
                <io7:LocationNonCoverages>
                  <io7:LocationNonCoverage>
                    <io7:Coverage>
                      <io7:AttributeNm>ges:AttributeNm</io7:AttributeNm>
                      <io7:categoryId>0</io7:categoryId>
                      <io7:typId>0</io7:typId>
                      <io7:typNm>ges:typNm</io7:typNm>
                      <io7:source>ges:source</io7:source>
                    </io7:Coverage>
                    <io7:CoverageValue>
                      <io7:DecimalValue>0.0</io7:DecimalValue>
                      <io7:Unit>ges:Unit</io7:Unit>
                    </io7:CoverageValue>
                  </io7:LocationNonCoverage>
                </io7:LocationNonCoverages>
                <io7:SiteCampusId>ges:SiteCampusId</io7:SiteCampusId>
              </io7:structure>
              <io7:physicalObject>
                <io7:physObjectId>0</io7:physObjectId>
                <io7:typeId>0</io7:typeId>
                <io7:populationInfoId>0</io7:populationInfoId>
                <io7:creatTs>2001-12-31T12:00:00</io7:creatTs>
                <io7:creatUsrId>ges:creatUsrId</io7:creatUsrId>
                <io7:updTs>2001-12-31T12:00:00</io7:updTs>
                <io7:updUsrId>ges:updUsrId</io7:updUsrId>
                <io7:graspInfo>
                  <io7:engnrgBldgVal>0.0</io7:engnrgBldgVal>
                  <io7:engnrgMachryVal>0.0</io7:engnrgMachryVal>
                  <io7:ibi>0.0</io7:ibi>
                  <io7:floodZnWithinPropLn>ges:floodZnWithinPropLn</io7:floodZnWithinPropLn>
                  <io7:floodZn1000ftFromPropLn>ges:floodZn1000ftFromPropLn</io7:floodZn1000ftFromPropLn>
                  <io7:surgeXpsr>ges:surgeXpsr</io7:surgeXpsr>
                  <io7:hailstormXpsr>ges:hailstormXpsr</io7:hailstormXpsr>
                  <io7:snowLodXpsr>ges:snowLodXpsr</io7:snowLodXpsr>
                  <io7:othCatXpsr>ges:othCatXpsr</io7:othCatXpsr>
                  <io7:engnrgOvrrdHzrdGrd>ges:engnrgOvrrdHzrdGrd</io7:engnrgOvrrdHzrdGrd>
                  <io7:ovrlHeRtg>0.0</io7:ovrlHeRtg>
                  <io7:locRskRtgFire>0.0</io7:locRskRtgFire>
                  <io7:locRskRtgCat>0.0</io7:locRskRtgCat>
                  <io7:locRskRtgCompst>0.0</io7:locRskRtgCompst>
                  <io7:ttlOcpdBldgAr>0.0</io7:ttlOcpdBldgAr>
                  <io7:ttlOcpdStories>0</io7:ttlOcpdStories>
                  <io7:adqtAutmtcSprnklrsPct>0.0</io7:adqtAutmtcSprnklrsPct>
                  <io7:neededAutmtcSprnklrsPct>0.0</io7:neededAutmtcSprnklrsPct>
                  <io7:autmtcSprnklrsPct>0.0</io7:autmtcSprnklrsPct>
                  <io7:predominantConstrnCls>ges:predominantConstrnCls</io7:predominantConstrnCls>
                  <io7:predominantPrtctnCls>ges:predominantPrtctnCls</io7:predominantPrtctnCls>
                  <io7:surgeTtlLe>0.0</io7:surgeTtlLe>
                  <io7:floodTtlLe100Yr>0.0</io7:floodTtlLe100Yr>
                  <io7:floodTtlLe500Yr>0.0</io7:floodTtlLe500Yr>
                  <io7:floodTtlLe>0.0</io7:floodTtlLe>
                  <io7:floodTtlMfl>0.0</io7:floodTtlMfl>
                  <io7:wndTtlLe100Yr>0.0</io7:wndTtlLe100Yr>
                  <io7:wndTtlLe500Yr>ges:wndTtlLe500Yr</io7:wndTtlLe500Yr>
                  <io7:wndTtlNle>0.0</io7:wndTtlNle>
                  <io7:eqLe>0.0</io7:eqLe>
                  <io7:ttlMfl>0.0</io7:ttlMfl>
                  <io7:ttlEml>0.0</io7:ttlEml>
                  <io7:ttlPml>0.0</io7:ttlPml>
                  <io7:ttlMas>0.0</io7:ttlMas>
                  <io7:ttlNle>0.0</io7:ttlNle>
                  <io7:ttlLe>0.0</io7:ttlLe>
                  <io7:ttlObjLos>0.0</io7:ttlObjLos>
                  <io7:locCls>ges:locCls</io7:locCls>
                  <io7:fireIndx>ges:fireIndx</io7:fireIndx>
                  <io7:xplosnIndx>ges:xplosnIndx</io7:xplosnIndx>
                  <io7:xplosnRskAdqtlyEngnred>ges:xplosnRskAdqtlyEngnred</io7:xplosnRskAdqtlyEngnred>
                  <io7:fldDesktpAsesd>ges:fldDesktpAsesd</io7:fldDesktpAsesd>
                  <io7:engnrgSrc>ges:engnrgSrc</io7:engnrgSrc>
                  <io7:graspCntntVal>0.0</io7:graspCntntVal>
                  <io7:graspTmElmntVal>0.0</io7:graspTmElmntVal>
                  <io7:graspTpdVal>0.0</io7:graspTpdVal>
                  <io7:graspLat>0.0</io7:graspLat>
                  <io7:graspLng>0.0</io7:graspLng>
                  <io7:graspPrecisionCd>0.0</io7:graspPrecisionCd>
                </io7:graspInfo>
              </io7:physicalObject>
              <io7:actvIn>ges:actvIn</io7:actvIn>
              <io7:effectiveFromDate>2001-01-01</io7:effectiveFromDate>
              <io7:effectiveToDate>2001-01-01</io7:effectiveToDate>
              <io7:geographicArea>
                <io7:ggrphcArId>0</io7:ggrphcArId>
                <io7:typNm>ges:typNm</io7:typNm>
                <io7:vlidFromTs>2001-12-31T12:00:00</io7:vlidFromTs>
                <io7:vlidToTs>2001-12-31T12:00:00</io7:vlidToTs>
                <io7:ctyNm>ges:ctyNm</io7:ctyNm>
                <io7:addr>ges:addr</io7:addr>
                <io7:postalCd>ges:postalCd</io7:postalCd>
                <io7:stNm>ges:stNm</io7:stNm>
                <io7:dstrctNm>ges:dstrctNm</io7:dstrctNm>
                <io7:cntyNm>ges:cntyNm</io7:cntyNm>
                <io7:lattdInDegrs>ges:lattdInDegrs</io7:lattdInDegrs>
                <io7:lngtdInDegrs>ges:lngtdInDegrs</io7:lngtdInDegrs>
                <io7:cntryNm>ges:cntryNm</io7:cntryNm>
                <io7:langCd>ges:langCd</io7:langCd>
                <io7:geoRsltnLvlId>0</io7:geoRsltnLvlId>
                <io7:addrConfdncPc>0.0</io7:addrConfdncPc>
                <io7:addrXtensn>ges:addrXtensn</io7:addrXtensn>
                <io7:isAddrStndrdizedIn>ges:isAddrStndrdizedIn</io7:isAddrStndrdizedIn>
                <io7:locPrecision>ges:locPrecision</io7:locPrecision>
                <io7:crestaZone>
                  <io7:crestaZnId>0</io7:crestaZnId>
                  <io7:crCntryFip>ges:crCntryFip</io7:crCntryFip>
                  <io7:crCrestaId>ges:crCrestaId</io7:crCrestaId>
                  <io7:crFips>ges:crFips</io7:crFips>
                  <io7:crGeocd>ges:crGeocd</io7:crGeocd>
                  <io7:crIso3Alph>ges:crIso3Alph</io7:crIso3Alph>
                  <io7:crIso3No>ges:crIso3No</io7:crIso3No>
                  <io7:crPerlTyp>ges:crPerlTyp</io7:crPerlTyp>
                  <io7:crStFips>ges:crStFips</io7:crStFips>
                  <io7:crSbIso>ges:crSbIso</io7:crSbIso>
                  <io7:crZnNo>ges:crZnNo</io7:crZnNo>
                  <io7:crDcmntat>ges:crDcmntat</io7:crDcmntat>
                  <io7:crNm>ges:crNm</io7:crNm>
                  <ges:geographicArea xmlns:ges="http://aig.us.com/ges" xmlns:httpsca="http://www.ibm.com/xmlns/prod/websphere/http/sca/6.1.0" xmlns:mq="http://www.ibm.com/xmlns/prod/websphere/mq/sca/6.0.0" xmlns:p="http://GES_Lib_Common/bo" xmlns:p1="http://COM_GES_MF_DBUpdateHandler/bo" xmlns:tns="http://www.ibm.com/websphere/sibx/smo/v6.0.1" xmlns:tns1="http://aig.us.com/ges/schema" xmlns:tns2="http://www.w3.org/2005/08/addressing" xmlns:tns3="http://www.w3.org/2003/05/soap-envelope" xmlns:wsa="http://schemas.xmlsoap.org/ws/2004/08/addressing"/>
                </io7:crestaZone>
                <io7:subcrestaZone>
                  <io7:crszCntryFip>ges:crszCntryFip</io7:crszCntryFip>
                  <io7:crszCrestaId>ges:crszCrestaId</io7:crszCrestaId>
                  <io7:crszFips>ges:crszFips</io7:crszFips>
                  <io7:crszGeocd>ges:crszGeocd</io7:crszGeocd>
                  <io7:crszIso3Alph>ges:crszIso3Alph</io7:crszIso3Alph>
                  <io7:crszIso3No>ges:crszIso3No</io7:crszIso3No>
                  <io7:crszPerlTyp>ges:crszPerlTyp</io7:crszPerlTyp>
                  <io7:crszStFips>ges:crszStFips</io7:crszStFips>
                  <io7:crszSbIso>ges:crszSbIso</io7:crszSbIso>
                  <io7:crszSznNo>ges:crszSznNo</io7:crszSznNo>
                  <io7:crszDcmntat>ges:crszDcmntat</io7:crszDcmntat>
                  <io7:crszNm>ges:crszNm</io7:crszNm>
                  <io7:crszParZoNum>ges:crszParZoNum</io7:crszParZoNum>
                  <io7:crszTyp>ges:crszTyp</io7:crszTyp>
                  <io7:sbcrestaZnId>0</io7:sbcrestaZnId>
                  <ges:geographicArea xmlns:ges="http://aig.us.com/ges" xmlns:httpsca="http://www.ibm.com/xmlns/prod/websphere/http/sca/6.1.0" xmlns:mq="http://www.ibm.com/xmlns/prod/websphere/mq/sca/6.0.0" xmlns:p="http://GES_Lib_Common/bo" xmlns:p1="http://COM_GES_MF_DBUpdateHandler/bo" xmlns:tns="http://www.ibm.com/websphere/sibx/smo/v6.0.1" xmlns:tns1="http://aig.us.com/ges/schema" xmlns:tns2="http://www.w3.org/2005/08/addressing" xmlns:tns3="http://www.w3.org/2003/05/soap-envelope" xmlns:wsa="http://schemas.xmlsoap.org/ws/2004/08/addressing"/>
                </io7:subcrestaZone>
                <io7:cntryId>0</io7:cntryId>
                <io7:placeId>0</io7:placeId>
                <io7:basicdataIncomplete>ges:basicdataIncomplete</io7:basicdataIncomplete>
                <io7:addr2>ges:addr2</io7:addr2>
                <io7:blok>ges:blok</io7:blok>
                <io7:blokGrp>ges:blokGrp</io7:blokGrp>
                <io7:geoCdId>0</io7:geoCdId>
                <io7:geoCdTyId>0</io7:geoCdTyId>
                <io7:geoCdTyNm>ges:geoCdTyNm</io7:geoCdTyNm>
                <io7:LocationHazards>
                  <io7:LocationHazard>
                    <io7:Coverage>
                      <io7:AttributeNm>ges:AttributeNm</io7:AttributeNm>
                      <io7:categoryId>0</io7:categoryId>
                      <io7:typId>0</io7:typId>
                      <io7:typNm>ges:typNm</io7:typNm>
                      <io7:source>ges:source</io7:source>
                    </io7:Coverage>
                    <io7:CoverageValue>
                      <io7:DecimalValue>0.0</io7:DecimalValue>
                      <io7:Unit>ges:Unit</io7:Unit>
                    </io7:CoverageValue>
                    <io7:HazardId>0</io7:HazardId>
                    <io7:LookUpId>0</io7:LookUpId>
                  </io7:LocationHazard>
                </io7:LocationHazards>
              </io7:geographicArea>
              <io7:autoAugmentIn>ges:autoAugmentIn</io7:autoAugmentIn>
              <io7:esbCrossReferenceInfo>
                <io7:prcsngStatCd>ges:prcsngStatCd</io7:prcsngStatCd>
                <io7:prcsngStatTs>2001-12-31T12:00:00</io7:prcsngStatTs>
                <io7:retryCnt>0</io7:retryCnt>
                <io7:sovLocId>0</io7:sovLocId>
                <io7:errMsg>ges:errMsg</io7:errMsg>
                <io7:augmentStatIn>ges:augmentStatIn</io7:augmentStatIn>
              </io7:esbCrossReferenceInfo>
              <io7:mdmCrossReferenceInfo>
                <io7:mdmContId>ges:mdmContId</io7:mdmContId>
                <io7:mdmContCmpntId>ges:mdmContCmpntId</io7:mdmContCmpntId>
                <io7:mdmHoldgId>ges:mdmHoldgId</io7:mdmHoldgId>
                <io7:mdmAddrId>ges:mdmAddrId</io7:mdmAddrId>
                <io7:sovLocId>ges:sovLocId</io7:sovLocId>
                <io7:graspReviewed>N</io7:graspReviewed>
              </io7:mdmCrossReferenceInfo>
              <io7:mdmException>
                <io7:langCd>ges:langCd</io7:langCd>
                <io7:ctyNm>ges:ctyNm</io7:ctyNm>
                <io7:postalCd>ges:postalCd</io7:postalCd>
                <io7:stNm>ges:stNm</io7:stNm>
                <io7:addrStatCd>ges:addrStatCd</io7:addrStatCd>
                <io7:dstrctNm>ges:dstrctNm</io7:dstrctNm>
                <io7:cntyNm>ges:cntyNm</io7:cntyNm>
                <io7:lattdInDegrs>ges:lattdInDegrs</io7:lattdInDegrs>
                <io7:lngtdInDegrs>ges:lngtdInDegrs</io7:lngtdInDegrs>
                <io7:coBusUnt>ges:coBusUnt</io7:coBusUnt>
                <io7:cntryNm>ges:cntryNm</io7:cntryNm>
                <io7:geoRsltnLvlId>0</io7:geoRsltnLvlId>
                <io7:mtchky>ges:mtchky</io7:mtchky>
                <io7:addrConfdncPc>0.0</io7:addrConfdncPc>
                <io7:addrLn1>ges:addrLn1</io7:addrLn1>
                <io7:addrLn2>ges:addrLn2</io7:addrLn2>
                <io7:addrLn3>ges:addrLn3</io7:addrLn3>
                <io7:addrXtensn>ges:addrXtensn</io7:addrXtensn>
                <io7:pbLocId>ges:pbLocId</io7:pbLocId>
                <io7:geoStat>ges:geoStat</io7:geoStat>
                <io7:geoStatCd>ges:geoStatCd</io7:geoStatCd>
                <io7:geoStatDesc>ges:geoStatDesc</io7:geoStatDesc>
                <io7:dplctSqn>0</io7:dplctSqn>
                <io7:flrAr>ges:flrAr</io7:flrAr>
                <io7:flrArUom>ges:flrArUom</io7:flrArUom>
                <io7:occupancyScheme>ges:occupancyScheme</io7:occupancyScheme>
                <io7:occupancyTypCd>ges:occupancyTypCd</io7:occupancyTypCd>
                <io7:bltYr>0</io7:bltYr>
                <io7:noOfRsks>0</io7:noOfRsks>
                <io7:noOfStories>0</io7:noOfStories>
                <io7:bldgHght>0</io7:bldgHght>
                <io7:bldgHghtUom>ges:bldgHghtUom</io7:bldgHghtUom>
                <io7:constrnSchemeCd>ges:constrnSchemeCd</io7:constrnSchemeCd>
                <io7:constrnTypCd>ges:constrnTypCd</io7:constrnTypCd>
                <io7:lastUpgraddYr>0</io7:lastUpgraddYr>
                <io7:flrOfInt>ges:flrOfInt</io7:flrOfInt>
                <io7:mdmContId>0</io7:mdmContId>
                <io7:mdmContCmpntId>0</io7:mdmContCmpntId>
                <io7:mdmHoldgId>0</io7:mdmHoldgId>
                <io7:mdmAddrId>0</io7:mdmAddrId>
                <io7:isAddrStndrdizedIn>ges:isAddrStndrdizedIn</io7:isAddrStndrdizedIn>
                <io7:mdmHoldgStartDt>2001-12-31T12:00:00</io7:mdmHoldgStartDt>
                <io7:propTypCd>0</io7:propTypCd>
                <io7:addr>ges:addr</io7:addr>
                <io7:locNm>ges:locNm</io7:locNm>
                <io7:siteNm>ges:siteNm</io7:siteNm>
                <io7:cntryCd>ges:cntryCd</io7:cntryCd>
                <io7:stCd>ges:stCd</io7:stCd>
                <io7:addrStatDesc>ges:addrStatDesc</io7:addrStatDesc>
                <io7:mtchScore>0</io7:mtchScore>
                <io7:locPrecision>ges:locPrecision</io7:locPrecision>
                <io7:sovLocId>0</io7:sovLocId>
                <io7:prmryBldgIn>ges:prmryBldgIn</io7:prmryBldgIn>
                <io7:graspReviewed>N</io7:graspReviewed>
              </io7:mdmException>
              <io7:pbCrossReferenceInfo>
                <io7:sovLocId>0</io7:sovLocId>
                <io7:geoRsltnLvlId>0</io7:geoRsltnLvlId>
                <io7:mtchky>ges:mtchky</io7:mtchky>
                <io7:addrConfdncPc>0.0</io7:addrConfdncPc>
                <io7:addrXtensn>ges:addrXtensn</io7:addrXtensn>
                <io7:addrStatCd>ges:addrStatCd</io7:addrStatCd>
                <io7:isAddrStndrdizedIn>ges:isAddrStndrdizedIn</io7:isAddrStndrdizedIn>
                <io7:addrStatDesc>ges:addrStatDesc</io7:addrStatDesc>
                <io7:canAr>ges:canAr</io7:canAr>
                <io7:canFloodZn>ges:canFloodZn</io7:canFloodZn>
                <io7:canPrvnc>ges:canPrvnc</io7:canPrvnc>
                <io7:canRiver>ges:canRiver</io7:canRiver>
                <io7:dstnc>ges:dstnc</io7:dstnc>
                <io7:dstncUnit>ges:dstncUnit</io7:dstncUnit>
              </io7:pbCrossReferenceInfo>
              <io7:pbException>
                <io7:langCd>ges:langCd</io7:langCd>
                <io7:ctyNm>ges:ctyNm</io7:ctyNm>
                <io7:postalCd>ges:postalCd</io7:postalCd>
                <io7:stNm>ges:stNm</io7:stNm>
                <io7:addrStatCd>ges:addrStatCd</io7:addrStatCd>
                <io7:dstrctNm>ges:dstrctNm</io7:dstrctNm>
                <io7:cntyNm>ges:cntyNm</io7:cntyNm>
                <io7:lattdInDegrs>ges:lattdInDegrs</io7:lattdInDegrs>
                <io7:lngtdInDegrs>ges:lngtdInDegrs</io7:lngtdInDegrs>
                <io7:coBusUnt>ges:coBusUnt</io7:coBusUnt>
                <io7:cntryNm>ges:cntryNm</io7:cntryNm>
                <io7:geoRsltnLvlId>0</io7:geoRsltnLvlId>
                <io7:mtchky>ges:mtchky</io7:mtchky>
                <io7:addrConfdncPc>0.0</io7:addrConfdncPc>
                <io7:addrLn1>ges:addrLn1</io7:addrLn1>
                <io7:addrLn2>ges:addrLn2</io7:addrLn2>
                <io7:addrLn3>ges:addrLn3</io7:addrLn3>
                <io7:addrLn4>ges:addrLn4</io7:addrLn4>
                <io7:multiMtchCnt>0</io7:multiMtchCnt>
                <io7:geoStat>ges:geoStat</io7:geoStat>
                <io7:geoStatCd>ges:geoStatCd</io7:geoStatCd>
                <io7:geoStatDesc>ges:geoStatDesc</io7:geoStatDesc>
                <io7:mtchSqn>0</io7:mtchSqn>
                <io7:addrStatDesc>ges:addrStatDesc</io7:addrStatDesc>
                <io7:locPrecision>ges:locPrecision</io7:locPrecision>
                <io7:addrStat>ges:addrStat</io7:addrStat>
                <io7:sovLocId>0</io7:sovLocId>
                <io7:canAr>ges:canAr</io7:canAr>
                <io7:canFloodZn>ges:canFloodZn</io7:canFloodZn>
                <io7:canPrvnc>ges:canPrvnc</io7:canPrvnc>
                <io7:canRiver>ges:canRiver</io7:canRiver>
                <io7:canStat>ges:canStat</io7:canStat>
                <io7:canStatCd>ges:canStatCd</io7:canStatCd>
                <io7:canStatDesc>ges:canStatDesc</io7:canStatDesc>
                <io7:crCntryFip>ges:crCntryFip</io7:crCntryFip>
                <io7:crCrestaId>ges:crCrestaId</io7:crCrestaId>
                <io7:crFips>ges:crFips</io7:crFips>
                <io7:crGeocd>ges:crGeocd</io7:crGeocd>
                <io7:crIso3Alph>ges:crIso3Alph</io7:crIso3Alph>
                <io7:crIso3No>ges:crIso3No</io7:crIso3No>
                <io7:crPerlTyp>ges:crPerlTyp</io7:crPerlTyp>
                <io7:crStFips>ges:crStFips</io7:crStFips>
                <io7:crSbIso>ges:crSbIso</io7:crSbIso>
                <io7:crZnNo>ges:crZnNo</io7:crZnNo>
                <io7:crDcmntat>ges:crDcmntat</io7:crDcmntat>
                <io7:crNm>ges:crNm</io7:crNm>
                <io7:crStat>ges:crStat</io7:crStat>
                <io7:crStatCd>ges:crStatCd</io7:crStatCd>
                <io7:crStatDesc>ges:crStatDesc</io7:crStatDesc>
                <io7:crszCntryFip>ges:crszCntryFip</io7:crszCntryFip>
                <io7:crszCrestaId>ges:crszCrestaId</io7:crszCrestaId>
                <io7:crszFips>ges:crszFips</io7:crszFips>
                <io7:crszGeocd>ges:crszGeocd</io7:crszGeocd>
                <io7:crszIso3Alph>ges:crszIso3Alph</io7:crszIso3Alph>
                <io7:crszIso3No>ges:crszIso3No</io7:crszIso3No>
                <io7:crszPerlTyp>ges:crszPerlTyp</io7:crszPerlTyp>
                <io7:crszStFips>ges:crszStFips</io7:crszStFips>
                <io7:crszSbIso>ges:crszSbIso</io7:crszSbIso>
                <io7:crszSznNo>ges:crszSznNo</io7:crszSznNo>
                <io7:crszDcmntat>ges:crszDcmntat</io7:crszDcmntat>
                <io7:crszNm>ges:crszNm</io7:crszNm>
                <io7:crszParZoNum>ges:crszParZoNum</io7:crszParZoNum>
                <io7:crszTyp>ges:crszTyp</io7:crszTyp>
                <io7:crszStat>ges:crszStat</io7:crszStat>
                <io7:crszStatCd>ges:crszStatCd</io7:crszStatCd>
                <io7:crszStatDesc>ges:crszStatDesc</io7:crszStatDesc>
                <io7:addrXtensn>ges:addrXtensn</io7:addrXtensn>
                <io7:nonvlidateColList>ges:nonvlidateColList</io7:nonvlidateColList>
                <io7:dstnc>ges:dstnc</io7:dstnc>
                <io7:dstncUnt>ges:dstncUnt</io7:dstncUnt>
              </io7:pbException>
              <io7:isRequestForUpdate>true</io7:isRequestForUpdate>
            </io8:sovLocation>
          </io8:location>
        </io8:locations>
      </updateAugmentedLocationRequest>
    </transient>
    <failInfo>
      <failureString>failureString</failureString>
      <origin>origin</origin>
      <invocationPath xmlns:ges="http://aig.us.com/ges" xmlns:httpsca="http://www.ibm.com/xmlns/prod/websphere/http/sca/6.1.0" xmlns:mq="http://www.ibm.com/xmlns/prod/websphere/mq/sca/6.0.0" xmlns:p="http://GES_Lib_Common/bo" xmlns:p1="http://COM_GES_MF_DBUpdateHandler/bo" xmlns:tns="http://www.ibm.com/websphere/sibx/smo/v6.0.1" xmlns:tns1="http://aig.us.com/ges/schema" xmlns:tns2="http://www.w3.org/2005/08/addressing" xmlns:tns3="http://www.w3.org/2003/05/soap-envelope" xmlns:wsa="http://schemas.xmlsoap.org/ws/2004/08/addressing">
        <primitive inTerminal="" name="" outTerminal=""/>
      </invocationPath>
      <predecessor xmlns:ges="http://aig.us.com/ges" xmlns:httpsca="http://www.ibm.com/xmlns/prod/websphere/http/sca/6.1.0" xmlns:mq="http://www.ibm.com/xmlns/prod/websphere/mq/sca/6.0.0" xmlns:p="http://GES_Lib_Common/bo" xmlns:p1="http://COM_GES_MF_DBUpdateHandler/bo" xmlns:tns="http://www.ibm.com/websphere/sibx/smo/v6.0.1" xmlns:tns1="http://aig.us.com/ges/schema" xmlns:tns2="http://www.w3.org/2005/08/addressing" xmlns:tns3="http://www.w3.org/2003/05/soap-envelope" xmlns:wsa="http://schemas.xmlsoap.org/ws/2004/08/addressing" tns:lang=""/>
    </failInfo>
    <primitiveContext>
      <EndpointLookupContext>
        <endpointReference>
          <io5:Address>http://tempuri.org</io5:Address>
          <io5:ReferenceProperties/>
          <io5:ReferenceParameters/>
          <io5:PortType>QName</io5:PortType>
          <io5:ServiceName PortName="NCName">QName</io5:ServiceName>
        </endpointReference>
        <registryAnnotations>
          <property>
            <name>name</name>
            <value>value</value>
          </property>
          <classification>http://tempuri.org</classification>
          <relationship>
            <relationshipName>relationshipName</relationshipName>
            <targetName>targetName</targetName>
            <targetNamespace>http://tempuri.org</targetNamespace>
            <targetVersion>targetVersion</targetVersion>
          </relationship>
        </registryAnnotations>
      </EndpointLookupContext>
      <FanOutContext>
        <iteration>0</iteration>
        <occurrence xmlns:ges="http://aig.us.com/ges" xmlns:httpsca="http://www.ibm.com/xmlns/prod/websphere/http/sca/6.1.0" xmlns:mq="http://www.ibm.com/xmlns/prod/websphere/mq/sca/6.0.0" xmlns:p="http://GES_Lib_Common/bo" xmlns:p1="http://COM_GES_MF_DBUpdateHandler/bo" xmlns:tns="http://www.ibm.com/websphere/sibx/smo/v6.0.1" xmlns:tns1="http://aig.us.com/ges/schema" xmlns:tns2="http://www.w3.org/2005/08/addressing" xmlns:tns3="http://www.w3.org/2003/05/soap-envelope" xmlns:wsa="http://schemas.xmlsoap.org/ws/2004/08/addressing" xsi:type="anyType"/>
      </FanOutContext>
      <WTXContext>
        <mapServerLocation>http://tempuri.org</mapServerLocation>
        <dynamicMap>0F00</dynamicMap>
        <mapInstances>
          <mapInstance>0</mapInstance>
          <auditInfo>auditInfo</auditInfo>
        </mapInstances>
      </WTXContext>
    </primitiveContext>
    <shared xmlns:ges="http://aig.us.com/ges" xmlns:httpsca="http://www.ibm.com/xmlns/prod/websphere/http/sca/6.1.0" xmlns:mq="http://www.ibm.com/xmlns/prod/websphere/mq/sca/6.0.0" xmlns:p="http://GES_Lib_Common/bo" xmlns:p1="http://COM_GES_MF_DBUpdateHandler/bo" xmlns:tns="http://www.ibm.com/websphere/sibx/smo/v6.0.1" xmlns:tns1="http://aig.us.com/ges/schema" xmlns:tns2="http://www.w3.org/2005/08/addressing" xmlns:tns3="http://www.w3.org/2003/05/soap-envelope" xmlns:wsa="http://schemas.xmlsoap.org/ws/2004/08/addressing" xsi:type="anyType"/>
    <dynamicProperty isPropagated="true">
      <propertySets>
        <group>group</group>
        <properties>
          <name>name</name>
          <value>value</value>
          <type>type</type>
        </properties>
      </propertySets>
    </dynamicProperty>
    <userContext>
      <entries>
        <name>name</name>
        <value xmlns:ges="http://aig.us.com/ges" xmlns:httpsca="http://www.ibm.com/xmlns/prod/websphere/http/sca/6.1.0" xmlns:mq="http://www.ibm.com/xmlns/prod/websphere/mq/sca/6.0.0" xmlns:p="http://GES_Lib_Common/bo" xmlns:p1="http://COM_GES_MF_DBUpdateHandler/bo" xmlns:tns="http://www.ibm.com/websphere/sibx/smo/v6.0.1" xmlns:tns1="http://aig.us.com/ges/schema" xmlns:tns2="http://www.w3.org/2005/08/addressing" xmlns:tns3="http://www.w3.org/2003/05/soap-envelope" xmlns:wsa="http://schemas.xmlsoap.org/ws/2004/08/addressing" xsi:type="anyType"/>
        <type>type</type>
      </entries>
    </userContext>
  </context>
  <headers>
    <SMOHeader>
      <MessageUUID>MessageUUID</MessageUUID>
      <Version>
        <Version>0</Version>
        <Release>0</Release>
        <Modification>0</Modification>
      </Version>
      <MessageType>MessageType</MessageType>
      <Operation>Operation</Operation>
      <Action>Action</Action>
      <Target bindingType="NotSet" import="" repositoryMetadata="">
        <address>http://tempuri.org</address>
      </Target>
      <AlternateTarget bindingType="NotSet" import="" repositoryMetadata="">
        <address>http://tempuri.org</address>
      </AlternateTarget>
      <SourceNode>SourceNode</SourceNode>
      <SourceBindingType>NotSet</SourceBindingType>
      <Interface>Interface</Interface>
    </SMOHeader>
    <JMSHeader>
      <JMSDestination>http://tempuri.org</JMSDestination>
      <JMSDeliveryMode>NonPersistent</JMSDeliveryMode>
      <JMSMessageID>JMSMessageID</JMSMessageID>
      <JMSTimestamp>0</JMSTimestamp>
      <JMSCorrelationID>JMSCorrelationID</JMSCorrelationID>
      <JMSReplyTo>http://tempuri.org</JMSReplyTo>
      <JMSRedelivered>true</JMSRedelivered>
      <JMSType>JMSType</JMSType>
      <JMSExpiration>0</JMSExpiration>
      <JMSPriority>0</JMSPriority>
    </JMSHeader>
    <SOAPHeader>
      <nameSpace>http://tempuri.org</nameSpace>
      <name>NCName</name>
      <prefix>NCName</prefix>
      <value xmlns:ges="http://aig.us.com/ges" xmlns:httpsca="http://www.ibm.com/xmlns/prod/websphere/http/sca/6.1.0" xmlns:mq="http://www.ibm.com/xmlns/prod/websphere/mq/sca/6.0.0" xmlns:p="http://GES_Lib_Common/bo" xmlns:p1="http://COM_GES_MF_DBUpdateHandler/bo" xmlns:tns="http://www.ibm.com/websphere/sibx/smo/v6.0.1" xmlns:tns1="http://aig.us.com/ges/schema" xmlns:tns2="http://www.w3.org/2005/08/addressing" xmlns:tns3="http://www.w3.org/2003/05/soap-envelope" xmlns:wsa="http://schemas.xmlsoap.org/ws/2004/08/addressing" xsi:type="anyType"/>
    </SOAPHeader>
    <SOAPFaultInfo>
      <faultcode>QName</faultcode>
      <faultstring>faultstring</faultstring>
      <faultactor>http://tempuri.org</faultactor>
      <extendedFaultInfo>
        <Code>
          <io:Value>{http://www.w3.org/2003/05/soap-envelope}DataEncodingUnknown</io:Value>
          <io:Subcode>
            <io:Value>QName</io:Value>
            <tns3:Subcode xmlns:tns3="http://www.w3.org/2003/05/soap-envelope" xmlns:ges="http://aig.us.com/ges" xmlns:httpsca="http://www.ibm.com/xmlns/prod/websphere/http/sca/6.1.0" xmlns:mq="http://www.ibm.com/xmlns/prod/websphere/mq/sca/6.0.0" xmlns:p="http://GES_Lib_Common/bo" xmlns:p1="http://COM_GES_MF_DBUpdateHandler/bo" xmlns:tns="http://www.ibm.com/websphere/sibx/smo/v6.0.1" xmlns:tns1="http://aig.us.com/ges/schema" xmlns:tns2="http://www.w3.org/2005/08/addressing" xmlns:wsa="http://schemas.xmlsoap.org/ws/2004/08/addressing"/>
          </io:Subcode>
        </Code>
        <Reason>
          <io:Text xml:lang="">tns3:Text</io:Text>
        </Reason>
        <Node>http://tempuri.org</Node>
        <Role>http://tempuri.org</Role>
      </extendedFaultInfo>
    </SOAPFaultInfo>
    <properties>
      <name>name</name>
      <value>value</value>
      <type>type</type>
    </properties>
    <MQHeader>
      <md>
        <Report>0</Report>
        <MsgType>0</MsgType>
        <Expiry>0</Expiry>
        <Feedback>0</Feedback>
        <Priority>0</Priority>
        <Persistence>0</Persistence>
        <MsgId>0F00</MsgId>
        <CorrelId>0F00</CorrelId>
        <BackoutCount>0</BackoutCount>
        <ReplyToQ>ReplyToQ</ReplyToQ>
        <ReplyToQMgr>ReplyToQMgr</ReplyToQMgr>
        <UserIdentifier>UserIdentifier</UserIdentifier>
        <AccountingToken>0F00</AccountingToken>
        <ApplIdentityData>ApplIdentityData</ApplIdentityData>
        <PutApplType>0</PutApplType>
        <PutApplName>PutApplName</PutApplName>
        <PutDate>PutDate</PutDate>
        <PutTime>PutTime</PutTime>
        <ApplOriginData>ApplOriginData</ApplOriginData>
        <GroupId>0F00</GroupId>
        <MsgSeqNumber>0</MsgSeqNumber>
        <Offset>0</Offset>
        <MsgFlags>0</MsgFlags>
        <OriginalLength>0</OriginalLength>
      </md>
      <control>
        <Encoding>0</Encoding>
        <CodedCharSetId>0</CodedCharSetId>
        <Format>Format</Format>
      </control>
      <header>
        <Encoding>0</Encoding>
        <CodedCharSetId>0</CodedCharSetId>
        <Format>Format</Format>
        <value xmlns:ges="http://aig.us.com/ges" xmlns:httpsca="http://www.ibm.com/xmlns/prod/websphere/http/sca/6.1.0" xmlns:mq="http://www.ibm.com/xmlns/prod/websphere/mq/sca/6.0.0" xmlns:p="http://GES_Lib_Common/bo" xmlns:p1="http://COM_GES_MF_DBUpdateHandler/bo" xmlns:tns="http://www.ibm.com/websphere/sibx/smo/v6.0.1" xmlns:tns1="http://aig.us.com/ges/schema" xmlns:tns2="http://www.w3.org/2005/08/addressing" xmlns:tns3="http://www.w3.org/2003/05/soap-envelope" xmlns:wsa="http://schemas.xmlsoap.org/ws/2004/08/addressing" xsi:type="anyType"/>
      </header>
    </MQHeader>
    <HTTPHeader>
      <control>
        <io6:URL>http://tempuri.org</io6:URL>
        <io6:Version>1.0</io6:Version>
        <io6:Method>httpsca:Method</io6:Method>
        <io6:DynamicOverrideURL>http://tempuri.org</io6:DynamicOverrideURL>
        <io6:DynamicOverrideVersion>1.0</io6:DynamicOverrideVersion>
        <io6:DynamicOverrideMethod>httpsca:DynamicOverrideMethod</io6:DynamicOverrideMethod>
        <io6:MediaType>httpsca:MediaType</io6:MediaType>
        <io6:Charset>httpsca:Charset</io6:Charset>
        <io6:TransferEncoding>httpsca:TransferEncoding</io6:TransferEncoding>
        <io6:ContentEncoding>httpsca:ContentEncoding</io6:ContentEncoding>
        <io6:StatusCode>0</io6:StatusCode>
        <io6:ReasonPhrase>httpsca:ReasonPhrase</io6:ReasonPhrase>
        <io6:ContentLength>0</io6:ContentLength>
        <io6:ExportContextPath>httpsca:ExportContextPath</io6:ExportContextPath>
        <io6:Authentication>
          <io6:credentials>
            <io6:userId>httpsca:userId</io6:userId>
            <io6:password>httpsca:password</io6:password>
          </io6:credentials>
          <io6:authenticationType>Basic</io6:authenticationType>
        </io6:Authentication>
        <io6:SSLSettings>
          <io6:SSLVersion>SSL</io6:SSLVersion>
          <io6:SSLDebug>false</io6:SSLDebug>
          <io6:KeyStoreType>JKS</io6:KeyStoreType>
          <io6:TrustStoreType>JKS</io6:TrustStoreType>
          <io6:KeyStore>httpsca:KeyStore</io6:KeyStore>
          <io6:KeyStoreAlias>httpsca:KeyStoreAlias</io6:KeyStoreAlias>
          <io6:KeyStorePassword>httpsca:KeyStorePassword</io6:KeyStorePassword>
          <io6:TrustStore>httpsca:TrustStore</io6:TrustStore>
          <io6:TrustStorePassword>httpsca:TrustStorePassword</io6:TrustStorePassword>
          <io6:UseClientAuth>false</io6:UseClientAuth>
        </io6:SSLSettings>
        <io6:ProxySettings>
          <io6:proxyHost>httpsca:proxyHost</io6:proxyHost>
          <io6:proxyPort>0</io6:proxyPort>
          <io6:proxyType>http</io6:proxyType>
          <io6:proxyCredentials>
            <io6:userId>httpsca:userId</io6:userId>
            <io6:password>httpsca:password</io6:password>
          </io6:proxyCredentials>
          <io6:nonProxyHost>httpsca:nonProxyHost</io6:nonProxyHost>
        </io6:ProxySettings>
      </control>
      <header>
        <io6:name>httpsca:name</io6:name>
        <io6:value>httpsca:value</io6:value>
      </header>
    </HTTPHeader>
    <EISHeader>
      <EISInteractionSpec xmlns:ges="http://aig.us.com/ges" xmlns:httpsca="http://www.ibm.com/xmlns/prod/websphere/http/sca/6.1.0" xmlns:mq="http://www.ibm.com/xmlns/prod/websphere/mq/sca/6.0.0" xmlns:p="http://GES_Lib_Common/bo" xmlns:p1="http://COM_GES_MF_DBUpdateHandler/bo" xmlns:tns="http://www.ibm.com/websphere/sibx/smo/v6.0.1" xmlns:tns1="http://aig.us.com/ges/schema" xmlns:tns2="http://www.w3.org/2005/08/addressing" xmlns:tns3="http://www.w3.org/2003/05/soap-envelope" xmlns:wsa="http://schemas.xmlsoap.org/ws/2004/08/addressing" xsi:type="anyType"/>
      <EISConnectionSpec xmlns:ges="http://aig.us.com/ges" xmlns:httpsca="http://www.ibm.com/xmlns/prod/websphere/http/sca/6.1.0" xmlns:mq="http://www.ibm.com/xmlns/prod/websphere/mq/sca/6.0.0" xmlns:p="http://GES_Lib_Common/bo" xmlns:p1="http://COM_GES_MF_DBUpdateHandler/bo" xmlns:tns="http://www.ibm.com/websphere/sibx/smo/v6.0.1" xmlns:tns1="http://aig.us.com/ges/schema" xmlns:tns2="http://www.w3.org/2005/08/addressing" xmlns:tns3="http://www.w3.org/2003/05/soap-envelope" xmlns:wsa="http://schemas.xmlsoap.org/ws/2004/08/addressing" xsi:type="anyType"/>
    </EISHeader>
    <WSAHeader version="http://www.w3.org/2005/08/addressing">
      <io10:To>http://tempuri.org</io10:To>
      <ReferenceParameters/>
      <io10:From>
        <io10:Address>http://tempuri.org</io10:Address>
        <io10:ReferenceParameters/>
        <io10:Metadata/>
      </io10:From>
      <io10:ReplyTo>
        <io10:Address>http://tempuri.org</io10:Address>
        <io10:ReferenceParameters/>
        <io10:Metadata/>
      </io10:ReplyTo>
      <io10:FaultTo>
        <io10:Address>http://tempuri.org</io10:Address>
        <io10:ReferenceParameters/>
        <io10:Metadata/>
      </io10:FaultTo>
      <io10:Action>http://tempuri.org</io10:Action>
      <io10:MessageID>http://tempuri.org</io10:MessageID>
      <io10:RelatesTo RelationshipType="http://www.w3.org/2005/08/addressing/reply">http://tempuri.org</io10:RelatesTo>
    </WSAHeader>
  </headers>
  <body xsi:type="out3:updateLocationExceptionRequestMsg">
    <out2:updateLocationExceptionRequest>
      <exceptionOriginator>GES Core Services</exceptionOriginator>
      <ExceptionCode>System Exception occured,Please Contact GES Support</ExceptionCode>
      <ExceptionDesc>System Exception occured,Please Contact GES Support</ExceptionDesc>
      <sovlocationId>0</sovlocationId>
    </out2:updateLocationExceptionRequest>
  </body>
  <attachments>
    <contentID>http://tempuri.org</contentID>
    <contentType>token</contentType>
    <data>MA==</data>
  </attachments>
</io2:smo>