<?xml version="1.0" encoding="UTF-8"?><io4:smo xmlns:io4="http://www.ibm.com/websphere/sibx/smo/v6.0.1" xmlns:io13="http://www.w3.org/2005/08/addressing" xmlns:xsd4xsd="http://www.w3.org/2001/XMLSchema" xmlns:io12="http://www.ibm.com/xmlns/prod/websphere/http/sca/6.1.0" xmlns:io11="http://aig.us.com/ges/schema" xmlns:io10="http://aig.us.com/ges" xmlns:io9="http://schemas.xmlsoap.org/ws/2004/08/addressing" xmlns:io8="http://www.ibm.com/xmlns/prod/websphere/mq/sca/6.0.0" xmlns:io7="http://aig.com/CommonHeaderV12" xmlns:io6="http://aig.us.com/ges/SearchLocationService/SearchLocationService" xmlns:io5="http://aig.us.com/ges/common/v3" xmlns:xsi="http://www.w3.org/2001/XMLSchema-instance" xmlns:io3="http://www.w3.org/2003/05/soap-envelope" xmlns:io2="http://aig.us.com/ges/ext/v1" xmlns:io="wsdl.http://aig.us.com/ges/SearchLocationService/SearchLocationService">
  <context>
    <correlation xmlns:bons0="http://aig.us.com/ges/common/v3" xmlns:ch="http://aig.com/CommonHeaderV12" xmlns:ges="http://aig.us.com/ges" xmlns:httpsca="http://www.ibm.com/xmlns/prod/websphere/http/sca/6.1.0" xmlns:mq="http://www.ibm.com/xmlns/prod/websphere/mq/sca/6.0.0" xmlns:p="http://ws-i.org/profiles/basic/1.1/xsd" xmlns:tns="http://www.ibm.com/websphere/sibx/smo/v6.0.1" xmlns:tns1="http://aig.us.com/ges/SearchLocationService/SearchLocationService" xmlns:tns2="http://aig.us.com/ges/schema" xmlns:tns3="http://aig.us.com/ges/ext/v1" xmlns:tns4="http://www.w3.org/2005/08/addressing" xmlns:tns5="http://www.w3.org/2003/05/soap-envelope" xmlns:tns_1="wsdl.http://aig.us.com/ges/SearchLocationService/SearchLocationService" xmlns:wsa="http://schemas.xmlsoap.org/ws/2004/08/addressing" xsi:type="anyType"/>
    <transient xmlns:bons0="http://aig.us.com/ges/common/v3" xmlns:ch="http://aig.com/CommonHeaderV12" xmlns:ges="http://aig.us.com/ges" xmlns:httpsca="http://www.ibm.com/xmlns/prod/websphere/http/sca/6.1.0" xmlns:mq="http://www.ibm.com/xmlns/prod/websphere/mq/sca/6.0.0" xmlns:p="http://ws-i.org/profiles/basic/1.1/xsd" xmlns:tns="http://www.ibm.com/websphere/sibx/smo/v6.0.1" xmlns:tns1="http://aig.us.com/ges/SearchLocationService/SearchLocationService" xmlns:tns2="http://aig.us.com/ges/schema" xmlns:tns3="http://aig.us.com/ges/ext/v1" xmlns:tns4="http://www.w3.org/2005/08/addressing" xmlns:tns5="http://www.w3.org/2003/05/soap-envelope" xmlns:tns_1="wsdl.http://aig.us.com/ges/SearchLocationService/SearchLocationService" xmlns:wsa="http://schemas.xmlsoap.org/ws/2004/08/addressing" xsi:type="anyType"/>
    <failInfo>
      <failureString>failureString</failureString>
      <origin>origin</origin>
      <invocationPath>
        <primitive inTerminal="" name="" outTerminal=""/>
      </invocationPath>
      <predecessor xmlns:bons0="http://aig.us.com/ges/common/v3" xmlns:ch="http://aig.com/CommonHeaderV12" xmlns:ges="http://aig.us.com/ges" xmlns:httpsca="http://www.ibm.com/xmlns/prod/websphere/http/sca/6.1.0" xmlns:mq="http://www.ibm.com/xmlns/prod/websphere/mq/sca/6.0.0" xmlns:p="http://ws-i.org/profiles/basic/1.1/xsd" xmlns:tns="http://www.ibm.com/websphere/sibx/smo/v6.0.1" xmlns:tns1="http://aig.us.com/ges/SearchLocationService/SearchLocationService" xmlns:tns2="http://aig.us.com/ges/schema" xmlns:tns3="http://aig.us.com/ges/ext/v1" xmlns:tns4="http://www.w3.org/2005/08/addressing" xmlns:tns5="http://www.w3.org/2003/05/soap-envelope" xmlns:tns_1="wsdl.http://aig.us.com/ges/SearchLocationService/SearchLocationService" xmlns:wsa="http://schemas.xmlsoap.org/ws/2004/08/addressing" tns:lang=""/>
    </failInfo>
    <primitiveContext>
      <EndpointLookupContext>
        <endpointReference>
          <io9:Address>http://tempuri.org</io9:Address>
          <io9:ReferenceProperties/>
          <io9:ReferenceParameters/>
          <io9:PortType>QName</io9:PortType>
          <io9:ServiceName PortName="NCName">QName</io9:ServiceName>
        </endpointReference>
        <registryAnnotations>
          <property>
            <name>name</name>
            <value>value</value>
          </property>
          <classification>http://tempuri.org</classification>
          <relationship>
            <relationshipName>relationshipName</relationshipName>
            <targetName>targetName</targetName>
            <targetNamespace>http://tempuri.org</targetNamespace>
            <targetVersion>targetVersion</targetVersion>
          </relationship>
        </registryAnnotations>
      </EndpointLookupContext>
      <FanOutContext>
        <iteration>0</iteration>
        <occurrence xmlns:bons0="http://aig.us.com/ges/common/v3" xmlns:ch="http://aig.com/CommonHeaderV12" xmlns:ges="http://aig.us.com/ges" xmlns:httpsca="http://www.ibm.com/xmlns/prod/websphere/http/sca/6.1.0" xmlns:mq="http://www.ibm.com/xmlns/prod/websphere/mq/sca/6.0.0" xmlns:p="http://ws-i.org/profiles/basic/1.1/xsd" xmlns:tns="http://www.ibm.com/websphere/sibx/smo/v6.0.1" xmlns:tns1="http://aig.us.com/ges/SearchLocationService/SearchLocationService" xmlns:tns2="http://aig.us.com/ges/schema" xmlns:tns3="http://aig.us.com/ges/ext/v1" xmlns:tns4="http://www.w3.org/2005/08/addressing" xmlns:tns5="http://www.w3.org/2003/05/soap-envelope" xmlns:tns_1="wsdl.http://aig.us.com/ges/SearchLocationService/SearchLocationService" xmlns:wsa="http://schemas.xmlsoap.org/ws/2004/08/addressing" xsi:type="anyType"/>
      </FanOutContext>
      <WTXContext>
        <mapServerLocation>http://tempuri.org</mapServerLocation>
        <dynamicMap>0F00</dynamicMap>
        <mapInstances>
          <mapInstance>0</mapInstance>
          <auditInfo>auditInfo</auditInfo>
        </mapInstances>
      </WTXContext>
    </primitiveContext>
    <shared xmlns:bons0="http://aig.us.com/ges/common/v3" xmlns:ch="http://aig.com/CommonHeaderV12" xmlns:ges="http://aig.us.com/ges" xmlns:httpsca="http://www.ibm.com/xmlns/prod/websphere/http/sca/6.1.0" xmlns:mq="http://www.ibm.com/xmlns/prod/websphere/mq/sca/6.0.0" xmlns:p="http://ws-i.org/profiles/basic/1.1/xsd" xmlns:tns="http://www.ibm.com/websphere/sibx/smo/v6.0.1" xmlns:tns1="http://aig.us.com/ges/SearchLocationService/SearchLocationService" xmlns:tns2="http://aig.us.com/ges/schema" xmlns:tns3="http://aig.us.com/ges/ext/v1" xmlns:tns4="http://www.w3.org/2005/08/addressing" xmlns:tns5="http://www.w3.org/2003/05/soap-envelope" xmlns:tns_1="wsdl.http://aig.us.com/ges/SearchLocationService/SearchLocationService" xmlns:wsa="http://schemas.xmlsoap.org/ws/2004/08/addressing" xsi:type="anyType"/>
    <dynamicProperty isPropagated="true">
      <propertySets>
        <group>group</group>
        <properties>
          <name>name</name>
          <value>value</value>
          <type>type</type>
        </properties>
      </propertySets>
    </dynamicProperty>
    <userContext>
      <entries>
        <name>name</name>
        <value xmlns:bons0="http://aig.us.com/ges/common/v3" xmlns:ch="http://aig.com/CommonHeaderV12" xmlns:ges="http://aig.us.com/ges" xmlns:httpsca="http://www.ibm.com/xmlns/prod/websphere/http/sca/6.1.0" xmlns:mq="http://www.ibm.com/xmlns/prod/websphere/mq/sca/6.0.0" xmlns:p="http://ws-i.org/profiles/basic/1.1/xsd" xmlns:tns="http://www.ibm.com/websphere/sibx/smo/v6.0.1" xmlns:tns1="http://aig.us.com/ges/SearchLocationService/SearchLocationService" xmlns:tns2="http://aig.us.com/ges/schema" xmlns:tns3="http://aig.us.com/ges/ext/v1" xmlns:tns4="http://www.w3.org/2005/08/addressing" xmlns:tns5="http://www.w3.org/2003/05/soap-envelope" xmlns:tns_1="wsdl.http://aig.us.com/ges/SearchLocationService/SearchLocationService" xmlns:wsa="http://schemas.xmlsoap.org/ws/2004/08/addressing" xsi:type="anyType"/>
        <type>type</type>
      </entries>
    </userContext>
  </context>
  <headers>
    <SMOHeader>
      <MessageUUID>MessageUUID</MessageUUID>
      <Version>
        <Version>0</Version>
        <Release>0</Release>
        <Modification>0</Modification>
      </Version>
      <MessageType>MessageType</MessageType>
      <Operation>Operation</Operation>
      <Action>Action</Action>
      <Target bindingType="NotSet" import="" repositoryMetadata="">
        <address>http://tempuri.org</address>
      </Target>
      <AlternateTarget bindingType="NotSet" import="" repositoryMetadata="">
        <address>http://tempuri.org</address>
      </AlternateTarget>
      <SourceNode>SourceNode</SourceNode>
      <SourceBindingType>NotSet</SourceBindingType>
      <Interface>Interface</Interface>
    </SMOHeader>
    <JMSHeader>
      <JMSDestination>http://tempuri.org</JMSDestination>
      <JMSDeliveryMode>NonPersistent</JMSDeliveryMode>
      <JMSMessageID>JMSMessageID</JMSMessageID>
      <JMSTimestamp>0</JMSTimestamp>
      <JMSCorrelationID>JMSCorrelationID</JMSCorrelationID>
      <JMSReplyTo>jms/SearchLocationsResQueue</JMSReplyTo>
      <JMSRedelivered>true</JMSRedelivered>
      <JMSType>JMSType</JMSType>
      <JMSExpiration>0</JMSExpiration>
      <JMSPriority>0</JMSPriority>
    </JMSHeader>
    <SOAPHeader>
      <nameSpace>http://tempuri.org</nameSpace>
      <name>NCName</name>
      <prefix>NCName</prefix>
      <value xmlns:bons0="http://aig.us.com/ges/common/v3" xmlns:ch="http://aig.com/CommonHeaderV12" xmlns:ges="http://aig.us.com/ges" xmlns:httpsca="http://www.ibm.com/xmlns/prod/websphere/http/sca/6.1.0" xmlns:mq="http://www.ibm.com/xmlns/prod/websphere/mq/sca/6.0.0" xmlns:p="http://ws-i.org/profiles/basic/1.1/xsd" xmlns:tns="http://www.ibm.com/websphere/sibx/smo/v6.0.1" xmlns:tns1="http://aig.us.com/ges/SearchLocationService/SearchLocationService" xmlns:tns2="http://aig.us.com/ges/schema" xmlns:tns3="http://aig.us.com/ges/ext/v1" xmlns:tns4="http://www.w3.org/2005/08/addressing" xmlns:tns5="http://www.w3.org/2003/05/soap-envelope" xmlns:tns_1="wsdl.http://aig.us.com/ges/SearchLocationService/SearchLocationService" xmlns:wsa="http://schemas.xmlsoap.org/ws/2004/08/addressing" xsi:type="anyType"/>
    </SOAPHeader>
    <SOAPFaultInfo>
      <faultcode>QName</faultcode>
      <faultstring>faultstring</faultstring>
      <faultactor>http://tempuri.org</faultactor>
      <extendedFaultInfo>
        <Code>
          <io3:Value>{http://www.w3.org/2003/05/soap-envelope}DataEncodingUnknown</io3:Value>
          <io3:Subcode>
            <io3:Value>QName</io3:Value>
            <tns5:Subcode xmlns:tns5="http://www.w3.org/2003/05/soap-envelope" xmlns:bons0="http://aig.us.com/ges/common/v3" xmlns:ch="http://aig.com/CommonHeaderV12" xmlns:ges="http://aig.us.com/ges" xmlns:httpsca="http://www.ibm.com/xmlns/prod/websphere/http/sca/6.1.0" xmlns:mq="http://www.ibm.com/xmlns/prod/websphere/mq/sca/6.0.0" xmlns:p="http://ws-i.org/profiles/basic/1.1/xsd" xmlns:tns="http://www.ibm.com/websphere/sibx/smo/v6.0.1" xmlns:tns1="http://aig.us.com/ges/SearchLocationService/SearchLocationService" xmlns:tns2="http://aig.us.com/ges/schema" xmlns:tns3="http://aig.us.com/ges/ext/v1" xmlns:tns4="http://www.w3.org/2005/08/addressing" xmlns:tns_1="wsdl.http://aig.us.com/ges/SearchLocationService/SearchLocationService" xmlns:wsa="http://schemas.xmlsoap.org/ws/2004/08/addressing"/>
          </io3:Subcode>
        </Code>
        <Reason>
          <io3:Text xml:lang="">tns5:Text</io3:Text>
        </Reason>
        <Node>http://tempuri.org</Node>
        <Role>http://tempuri.org</Role>
      </extendedFaultInfo>
    </SOAPFaultInfo>
    <properties>
      <name>name</name>
      <value>value</value>
      <type>type</type>
    </properties>
    <MQHeader>
      <md>
        <Report>0</Report>
        <MsgType>0</MsgType>
        <Expiry>0</Expiry>
        <Feedback>0</Feedback>
        <Priority>0</Priority>
        <Persistence>0</Persistence>
        <MsgId>0F00</MsgId>
        <CorrelId>0F00</CorrelId>
        <BackoutCount>0</BackoutCount>
        <ReplyToQ>ReplyToQ</ReplyToQ>
        <ReplyToQMgr>ReplyToQMgr</ReplyToQMgr>
        <UserIdentifier>UserIdentifier</UserIdentifier>
        <AccountingToken>0F00</AccountingToken>
        <ApplIdentityData>ApplIdentityData</ApplIdentityData>
        <PutApplType>0</PutApplType>
        <PutApplName>PutApplName</PutApplName>
        <PutDate>PutDate</PutDate>
        <PutTime>PutTime</PutTime>
        <ApplOriginData>ApplOriginData</ApplOriginData>
        <GroupId>0F00</GroupId>
        <MsgSeqNumber>0</MsgSeqNumber>
        <Offset>0</Offset>
        <MsgFlags>0</MsgFlags>
        <OriginalLength>0</OriginalLength>
      </md>
      <control>
        <Encoding>0</Encoding>
        <CodedCharSetId>0</CodedCharSetId>
        <Format>Format</Format>
      </control>
      <header>
        <Encoding>0</Encoding>
        <CodedCharSetId>0</CodedCharSetId>
        <Format>Format</Format>
        <value xmlns:bons0="http://aig.us.com/ges/common/v3" xmlns:ch="http://aig.com/CommonHeaderV12" xmlns:ges="http://aig.us.com/ges" xmlns:httpsca="http://www.ibm.com/xmlns/prod/websphere/http/sca/6.1.0" xmlns:mq="http://www.ibm.com/xmlns/prod/websphere/mq/sca/6.0.0" xmlns:p="http://ws-i.org/profiles/basic/1.1/xsd" xmlns:tns="http://www.ibm.com/websphere/sibx/smo/v6.0.1" xmlns:tns1="http://aig.us.com/ges/SearchLocationService/SearchLocationService" xmlns:tns2="http://aig.us.com/ges/schema" xmlns:tns3="http://aig.us.com/ges/ext/v1" xmlns:tns4="http://www.w3.org/2005/08/addressing" xmlns:tns5="http://www.w3.org/2003/05/soap-envelope" xmlns:tns_1="wsdl.http://aig.us.com/ges/SearchLocationService/SearchLocationService" xmlns:wsa="http://schemas.xmlsoap.org/ws/2004/08/addressing" xsi:type="anyType"/>
      </header>
    </MQHeader>
    <HTTPHeader>
      <control>
        <io12:URL>http://tempuri.org</io12:URL>
        <io12:Version>1.0</io12:Version>
        <io12:Method>httpsca:Method</io12:Method>
        <io12:DynamicOverrideURL>http://tempuri.org</io12:DynamicOverrideURL>
        <io12:DynamicOverrideVersion>1.0</io12:DynamicOverrideVersion>
        <io12:DynamicOverrideMethod>httpsca:DynamicOverrideMethod</io12:DynamicOverrideMethod>
        <io12:MediaType>httpsca:MediaType</io12:MediaType>
        <io12:Charset>httpsca:Charset</io12:Charset>
        <io12:TransferEncoding>httpsca:TransferEncoding</io12:TransferEncoding>
        <io12:ContentEncoding>httpsca:ContentEncoding</io12:ContentEncoding>
        <io12:StatusCode>0</io12:StatusCode>
        <io12:ReasonPhrase>httpsca:ReasonPhrase</io12:ReasonPhrase>
        <io12:ContentLength>0</io12:ContentLength>
        <io12:ExportContextPath>httpsca:ExportContextPath</io12:ExportContextPath>
        <io12:Authentication>
          <io12:credentials>
            <io12:userId>httpsca:userId</io12:userId>
            <io12:password>httpsca:password</io12:password>
          </io12:credentials>
          <io12:authenticationType>Basic</io12:authenticationType>
        </io12:Authentication>
        <io12:SSLSettings>
          <io12:SSLVersion>SSL</io12:SSLVersion>
          <io12:SSLDebug>false</io12:SSLDebug>
          <io12:KeyStoreType>JKS</io12:KeyStoreType>
          <io12:TrustStoreType>JKS</io12:TrustStoreType>
          <io12:KeyStore>httpsca:KeyStore</io12:KeyStore>
          <io12:KeyStoreAlias>httpsca:KeyStoreAlias</io12:KeyStoreAlias>
          <io12:KeyStorePassword>httpsca:KeyStorePassword</io12:KeyStorePassword>
          <io12:TrustStore>httpsca:TrustStore</io12:TrustStore>
          <io12:TrustStorePassword>httpsca:TrustStorePassword</io12:TrustStorePassword>
          <io12:UseClientAuth>false</io12:UseClientAuth>
        </io12:SSLSettings>
        <io12:ProxySettings>
          <io12:proxyHost>httpsca:proxyHost</io12:proxyHost>
          <io12:proxyPort>0</io12:proxyPort>
          <io12:proxyType>http</io12:proxyType>
          <io12:proxyCredentials>
            <io12:userId>httpsca:userId</io12:userId>
            <io12:password>httpsca:password</io12:password>
          </io12:proxyCredentials>
          <io12:nonProxyHost>httpsca:nonProxyHost</io12:nonProxyHost>
        </io12:ProxySettings>
      </control>
      <header>
        <io12:name>httpsca:name</io12:name>
        <io12:value>httpsca:value</io12:value>
      </header>
    </HTTPHeader>
    <EISHeader>
      <EISInteractionSpec xmlns:bons0="http://aig.us.com/ges/common/v3" xmlns:ch="http://aig.com/CommonHeaderV12" xmlns:ges="http://aig.us.com/ges" xmlns:httpsca="http://www.ibm.com/xmlns/prod/websphere/http/sca/6.1.0" xmlns:mq="http://www.ibm.com/xmlns/prod/websphere/mq/sca/6.0.0" xmlns:p="http://ws-i.org/profiles/basic/1.1/xsd" xmlns:tns="http://www.ibm.com/websphere/sibx/smo/v6.0.1" xmlns:tns1="http://aig.us.com/ges/SearchLocationService/SearchLocationService" xmlns:tns2="http://aig.us.com/ges/schema" xmlns:tns3="http://aig.us.com/ges/ext/v1" xmlns:tns4="http://www.w3.org/2005/08/addressing" xmlns:tns5="http://www.w3.org/2003/05/soap-envelope" xmlns:tns_1="wsdl.http://aig.us.com/ges/SearchLocationService/SearchLocationService" xmlns:wsa="http://schemas.xmlsoap.org/ws/2004/08/addressing" xsi:type="anyType"/>
      <EISConnectionSpec xmlns:bons0="http://aig.us.com/ges/common/v3" xmlns:ch="http://aig.com/CommonHeaderV12" xmlns:ges="http://aig.us.com/ges" xmlns:httpsca="http://www.ibm.com/xmlns/prod/websphere/http/sca/6.1.0" xmlns:mq="http://www.ibm.com/xmlns/prod/websphere/mq/sca/6.0.0" xmlns:p="http://ws-i.org/profiles/basic/1.1/xsd" xmlns:tns="http://www.ibm.com/websphere/sibx/smo/v6.0.1" xmlns:tns1="http://aig.us.com/ges/SearchLocationService/SearchLocationService" xmlns:tns2="http://aig.us.com/ges/schema" xmlns:tns3="http://aig.us.com/ges/ext/v1" xmlns:tns4="http://www.w3.org/2005/08/addressing" xmlns:tns5="http://www.w3.org/2003/05/soap-envelope" xmlns:tns_1="wsdl.http://aig.us.com/ges/SearchLocationService/SearchLocationService" xmlns:wsa="http://schemas.xmlsoap.org/ws/2004/08/addressing" xsi:type="anyType"/>
    </EISHeader>
    <WSAHeader version="http://www.w3.org/2005/08/addressing">
      <io13:To>http://tempuri.org</io13:To>
      <ReferenceParameters/>
      <io13:From>
        <io13:Address>http://tempuri.org</io13:Address>
        <io13:ReferenceParameters/>
        <io13:Metadata/>
      </io13:From>
      <io13:ReplyTo>
        <io13:Address>http://tempuri.org</io13:Address>
        <io13:ReferenceParameters/>
        <io13:Metadata/>
      </io13:ReplyTo>
      <io13:FaultTo>
        <io13:Address>http://tempuri.org</io13:Address>
        <io13:ReferenceParameters/>
        <io13:Metadata/>
      </io13:FaultTo>
      <io13:Action>http://tempuri.org</io13:Action>
      <io13:MessageID>http://tempuri.org</io13:MessageID>
      <io13:RelatesTo RelationshipType="http://www.w3.org/2005/08/addressing/reply">http://tempuri.org</io13:RelatesTo>
    </WSAHeader>
  </headers>
  <body xsi:type="io:searchLocationsRequestMsg">
    <io6:searchLocations>
      <searchLocationsRequest>
        <io11:version>tns2:version</io11:version>
        <io11:location>
          <io11:sovLocation>
            <io10:version>ges:version</io10:version>
            <io10:sovLocId>ges:sovLocId</io10:sovLocId>
            <io10:locationSource>GES</io10:locationSource>
            <io10:matchScore>ges:matchScore</io10:matchScore>
            <io10:distanceFrom>ges:distanceFrom</io10:distanceFrom>
            <io10:agreementRequestId name="Policy Number">ges:agreementRequestId</io10:agreementRequestId>
            <io10:structure>
              <io10:structureId>0</io10:structureId>
              <io10:typeId>0</io10:typeId>
              <io10:physObjectId>0</io10:physObjectId>
              <io10:constructionType>
                <io10:constrnTypCd>ges:constrnTypCd</io10:constrnTypCd>
                <io10:constrnTypDs>ges:constrnTypDs</io10:constrnTypDs>
                <io10:constrnTypId>0</io10:constrnTypId>
                <io10:clsfctnScheme>ges:clsfctnScheme</io10:clsfctnScheme>
              </io10:constructionType>
              <io10:SourceConstructionTypes TargetScheme="">
                <io10:SourceConstructionType>
                  <io10:constrnTypCd>ges:constrnTypCd</io10:constrnTypCd>
                  <io10:constrnTypDs>ges:constrnTypDs</io10:constrnTypDs>
                  <io10:constrnTypId>0</io10:constrnTypId>
                  <io10:clsfctnScheme>ges:clsfctnScheme</io10:clsfctnScheme>
                </io10:SourceConstructionType>
              </io10:SourceConstructionTypes>
              <io10:occupationType>
                <io10:ocptnTypCd>ges:ocptnTypCd</io10:ocptnTypCd>
                <io10:ocptnTypDs>ges:ocptnTypDs</io10:ocptnTypDs>
                <io10:ocptnTypId>0</io10:ocptnTypId>
                <io10:clsfctnScheme>ges:clsfctnScheme</io10:clsfctnScheme>
              </io10:occupationType>
              <io10:structureType>ges:structureType</io10:structureType>
              <io10:name>ges:name</io10:name>
              <io10:description>ges:description</io10:description>
              <io10:basicDataIncomplete>ges:basicDataIncomplete</io10:basicDataIncomplete>
              <io10:populationInfoId>0</io10:populationInfoId>
              <io10:effectiveFromDate>2001-01-01</io10:effectiveFromDate>
              <io10:effectiveToDate>2001-01-01</io10:effectiveToDate>
              <io10:xtrnlRefNo>ges:xtrnlRefNo</io10:xtrnlRefNo>
              <io10:noOfRsks>0</io10:noOfRsks>
              <io10:bldgValAm>0.0</io10:bldgValAm>
              <io10:cntntsValAm>0.0</io10:cntntsValAm>
              <io10:biValAm>0.0</io10:biValAm>
              <io10:totalPropertyDamageValueAm>0.0</io10:totalPropertyDamageValueAm>
              <io10:totalSumInsuredValueAm>0.0</io10:totalSumInsuredValueAm>
              <io10:flrAr>ges:flrAr</io10:flrAr>
              <io10:flrArUom>ges:flrArUom</io10:flrArUom>
              <io10:bltYr>0</io10:bltYr>
              <io10:noOfStories>0</io10:noOfStories>
              <io10:bldgHght>ges:bldgHght</io10:bldgHght>
              <io10:bldgHghtUom>ges:bldgHghtUom</io10:bldgHghtUom>
              <io10:lastUpgraddYr>0</io10:lastUpgraddYr>
              <io10:flrOfInt>ges:flrOfInt</io10:flrOfInt>
              <io10:constrnTypTx>ges:constrnTypTx</io10:constrnTypTx>
              <io10:ocptnTypTx>ges:ocptnTypTx</io10:ocptnTypTx>
              <io10:currntVersnFl>ges:currntVersnFl</io10:currntVersnFl>
              <io10:creatTs>2001-12-31T12:00:00</io10:creatTs>
              <io10:creatUsrId>ges:creatUsrId</io10:creatUsrId>
              <io10:updTs>2001-12-31T12:00:00</io10:updTs>
              <io10:updUsrId>ges:updUsrId</io10:updUsrId>
              <io10:srcFileNm>ges:srcFileNm</io10:srcFileNm>
              <io10:siteNm>ges:siteNm</io10:siteNm>
              <io10:coNmBusUnt>ges:coNmBusUnt</io10:coNmBusUnt>
              <io10:prmryBldgIn>ges:prmryBldgIn</io10:prmryBldgIn>
              <io10:currency>
                <io10:crncyCd>ges:crncyCd</io10:crncyCd>
                <io10:crncyDs>ges:crncyDs</io10:crncyDs>
                <io10:efctvDt>2001-01-01</io10:efctvDt>
                <io10:isoAlphCrncyCd>ges:isoAlphCrncyCd</io10:isoAlphCrncyCd>
                <io10:crncyId>0</io10:crncyId>
                <io10:isoNmrcCrncyCd>0</io10:isoNmrcCrncyCd>
                <io10:currencyExchangeRate>
                  <io10:fromCrncyId>0</io10:fromCrncyId>
                  <io10:toCrncyId>0</io10:toCrncyId>
                  <io10:cnvrsnRt>0.0</io10:cnvrsnRt>
                  <io10:cnvrsnDt>2001-01-01</io10:cnvrsnDt>
                  <io10:rtTypIn>ges:rtTypIn</io10:rtTypIn>
                  <io10:xchngRtId>0</io10:xchngRtId>
                </io10:currencyExchangeRate>
              </io10:currency>
              <io10:structureSecModifier>
                <io10:StructureSecModifier>
                  <io10:name name="">ges:name</io10:name>
                  <io10:scheme>ges:scheme</io10:scheme>
                  <io10:cdId>0</io10:cdId>
                  <io10:cdVal>ges:cdVal</io10:cdVal>
                  <io10:cdLabel>ges:cdLabel</io10:cdLabel>
                  <io10:cdGrpVal>ges:cdGrpVal</io10:cdGrpVal>
                  <io10:cdGrpLabel>ges:cdGrpLabel</io10:cdGrpLabel>
                </io10:StructureSecModifier>
              </io10:structureSecModifier>
              <io10:sic3DCd>0</io10:sic3DCd>
              <io10:sic4DCd>0</io10:sic4DCd>
              <io10:sicGroup>ges:sicGroup</io10:sicGroup>
              <io10:sicDesc>ges:sicDesc</io10:sicDesc>
              <io10:uwtngMngmtAdjsmt>ges:uwtngMngmtAdjsmt</io10:uwtngMngmtAdjsmt>
              <io10:graspLocId>ges:graspLocId</io10:graspLocId>
              <io10:aeNm>ges:aeNm</io10:aeNm>
              <io10:sentForITV>true</io10:sentForITV>
              <io10:ITVValtnDt>2001-01-01</io10:ITVValtnDt>
              <io10:chngPct>0.0</io10:chngPct>
              <io10:DQI>0.0</io10:DQI>
              <io10:strValtnId>0</io10:strValtnId>
              <io10:TEVal>0.0</io10:TEVal>
              <io10:ttl>0.0</io10:ttl>
              <io10:typId>0</io10:typId>
              <io10:LocationCoverages>
                <io10:LoationCoverage>
                  <io10:Coverage>
                    <io10:categoryId>0</io10:categoryId>
                    <io10:typId>0</io10:typId>
                    <io10:source>ges:source</io10:source>
                  </io10:Coverage>
                  <io10:CoverageValue>
                    <io10:Unit>ges:Unit</io10:Unit>
                  </io10:CoverageValue>
                </io10:LoationCoverage>
              </io10:LocationCoverages>
              <io10:LocationNonCoverages>
                <io10:LocationNonCoverage>
                  <io10:Coverage>
                    <io10:categoryId>0</io10:categoryId>
                    <io10:typId>0</io10:typId>
                    <io10:source>ges:source</io10:source>
                  </io10:Coverage>
                  <io10:CoverageValue>
                    <io10:Unit>ges:Unit</io10:Unit>
                  </io10:CoverageValue>
                </io10:LocationNonCoverage>
              </io10:LocationNonCoverages>
              <io10:SiteCampusId>ges:SiteCampusId</io10:SiteCampusId>
            </io10:structure>
            <io10:physicalObject>
              <io10:physObjectId>0</io10:physObjectId>
              <io10:typeId>0</io10:typeId>
              <io10:populationInfoId>0</io10:populationInfoId>
              <io10:creatTs>2001-12-31T12:00:00</io10:creatTs>
              <io10:creatUsrId>ges:creatUsrId</io10:creatUsrId>
              <io10:updTs>2001-12-31T12:00:00</io10:updTs>
              <io10:updUsrId>ges:updUsrId</io10:updUsrId>
              <io10:graspInfo>
                <io10:engnrgBldgVal>0.0</io10:engnrgBldgVal>
                <io10:engnrgMachryVal>0.0</io10:engnrgMachryVal>
                <io10:ibi>0.0</io10:ibi>
                <io10:floodZnWithinPropLn>ges:floodZnWithinPropLn</io10:floodZnWithinPropLn>
                <io10:floodZn1000ftFromPropLn>ges:floodZn1000ftFromPropLn</io10:floodZn1000ftFromPropLn>
                <io10:surgeXpsr>ges:surgeXpsr</io10:surgeXpsr>
                <io10:hailstormXpsr>ges:hailstormXpsr</io10:hailstormXpsr>
                <io10:snowLodXpsr>ges:snowLodXpsr</io10:snowLodXpsr>
                <io10:othCatXpsr>ges:othCatXpsr</io10:othCatXpsr>
                <io10:engnrgOvrrdHzrdGrd>ges:engnrgOvrrdHzrdGrd</io10:engnrgOvrrdHzrdGrd>
                <io10:ovrlHeRtg>0.0</io10:ovrlHeRtg>
                <io10:locRskRtgFire>0.0</io10:locRskRtgFire>
                <io10:locRskRtgCat>0.0</io10:locRskRtgCat>
                <io10:locRskRtgCompst>0.0</io10:locRskRtgCompst>
                <io10:ttlOcpdBldgAr>0.0</io10:ttlOcpdBldgAr>
                <io10:ttlOcpdStories>0</io10:ttlOcpdStories>
                <io10:adqtAutmtcSprnklrsPct>0.0</io10:adqtAutmtcSprnklrsPct>
                <io10:neededAutmtcSprnklrsPct>0.0</io10:neededAutmtcSprnklrsPct>
                <io10:autmtcSprnklrsPct>0.0</io10:autmtcSprnklrsPct>
                <io10:predominantConstrnCls>ges:predominantConstrnCls</io10:predominantConstrnCls>
                <io10:predominantPrtctnCls>ges:predominantPrtctnCls</io10:predominantPrtctnCls>
                <io10:surgeTtlLe>0.0</io10:surgeTtlLe>
                <io10:floodTtlLe100Yr>0.0</io10:floodTtlLe100Yr>
                <io10:floodTtlLe500Yr>0.0</io10:floodTtlLe500Yr>
                <io10:floodTtlLe>0.0</io10:floodTtlLe>
                <io10:floodTtlMfl>0.0</io10:floodTtlMfl>
                <io10:wndTtlLe100Yr>0.0</io10:wndTtlLe100Yr>
                <io10:wndTtlLe500Yr>ges:wndTtlLe500Yr</io10:wndTtlLe500Yr>
                <io10:wndTtlNle>0.0</io10:wndTtlNle>
                <io10:eqLe>0.0</io10:eqLe>
                <io10:ttlMfl>0.0</io10:ttlMfl>
                <io10:ttlEml>0.0</io10:ttlEml>
                <io10:ttlPml>0.0</io10:ttlPml>
                <io10:ttlMas>0.0</io10:ttlMas>
                <io10:ttlNle>0.0</io10:ttlNle>
                <io10:ttlLe>0.0</io10:ttlLe>
                <io10:ttlObjLos>0.0</io10:ttlObjLos>
                <io10:locCls>ges:locCls</io10:locCls>
                <io10:fireIndx>ges:fireIndx</io10:fireIndx>
                <io10:xplosnIndx>ges:xplosnIndx</io10:xplosnIndx>
                <io10:xplosnRskAdqtlyEngnred>ges:xplosnRskAdqtlyEngnred</io10:xplosnRskAdqtlyEngnred>
                <io10:fldDesktpAsesd>ges:fldDesktpAsesd</io10:fldDesktpAsesd>
                <io10:engnrgSrc>ges:engnrgSrc</io10:engnrgSrc>
                <io10:graspCntntVal>0.0</io10:graspCntntVal>
                <io10:graspTmElmntVal>0.0</io10:graspTmElmntVal>
                <io10:graspTpdVal>0.0</io10:graspTpdVal>
                <io10:graspLat>0.0</io10:graspLat>
                <io10:graspLng>0.0</io10:graspLng>
                <io10:graspPrecisionCd>0.0</io10:graspPrecisionCd>
              </io10:graspInfo>
            </io10:physicalObject>
            <io10:actvIn>ges:actvIn</io10:actvIn>
            <io10:effectiveFromDate>2001-01-01</io10:effectiveFromDate>
            <io10:effectiveToDate>2001-01-01</io10:effectiveToDate>
            <io10:geographicArea>
              <io10:ggrphcArId>0</io10:ggrphcArId>
              <io10:typNm>ges:typNm</io10:typNm>
              <io10:vlidFromTs>2001-12-31T12:00:00</io10:vlidFromTs>
              <io10:vlidToTs>2001-12-31T12:00:00</io10:vlidToTs>
              <io10:ctyNm>ges:ctyNm</io10:ctyNm>
              <io10:addr>ges:addr</io10:addr>
              <io10:postalCd>ges:postalCd</io10:postalCd>
              <io10:stNm>ges:stNm</io10:stNm>
              <io10:dstrctNm>ges:dstrctNm</io10:dstrctNm>
              <io10:cntyNm>ges:cntyNm</io10:cntyNm>
              <io10:lattdInDegrs Code="">
                <io10:Value>ges:Value</io10:Value>
              </io10:lattdInDegrs>
              <io10:lngtdInDegrs Code="">
                <io10:Value>ges:Value</io10:Value>
              </io10:lngtdInDegrs>
              <io10:cntryNm>ges:cntryNm</io10:cntryNm>
              <io10:cntryCd>ges:cntryCd</io10:cntryCd>
              <io10:langCd>ges:langCd</io10:langCd>
              <io10:geoRsltnLvlId>0</io10:geoRsltnLvlId>
              <io10:addrConfdncPc>0.0</io10:addrConfdncPc>
              <io10:addrXtensn>ges:addrXtensn</io10:addrXtensn>
              <io10:isAddrStndrdizedIn>ges:isAddrStndrdizedIn</io10:isAddrStndrdizedIn>
              <io10:locPrecision>ges:locPrecision</io10:locPrecision>
              <io10:TranslatedPrecision>Rooftop</io10:TranslatedPrecision>
              <io10:crestaZone>
                <io10:crestaZnId>0</io10:crestaZnId>
                <io10:crCntryFip>ges:crCntryFip</io10:crCntryFip>
                <io10:crCrestaId>ges:crCrestaId</io10:crCrestaId>
                <io10:crFips>ges:crFips</io10:crFips>
                <io10:crGeocd>ges:crGeocd</io10:crGeocd>
                <io10:crIso3Alph>ges:crIso3Alph</io10:crIso3Alph>
                <io10:crIso3No>ges:crIso3No</io10:crIso3No>
                <io10:crPerlTyp>ges:crPerlTyp</io10:crPerlTyp>
                <io10:crStFips>ges:crStFips</io10:crStFips>
                <io10:crSbIso>ges:crSbIso</io10:crSbIso>
                <io10:crZnNo>ges:crZnNo</io10:crZnNo>
                <io10:crDcmntat>ges:crDcmntat</io10:crDcmntat>
                <io10:crNm>ges:crNm</io10:crNm>
                <ges:geographicArea xmlns:ges="http://aig.us.com/ges" xmlns:bons0="http://aig.us.com/ges/common/v3" xmlns:ch="http://aig.com/CommonHeaderV12" xmlns:httpsca="http://www.ibm.com/xmlns/prod/websphere/http/sca/6.1.0" xmlns:mq="http://www.ibm.com/xmlns/prod/websphere/mq/sca/6.0.0" xmlns:p="http://ws-i.org/profiles/basic/1.1/xsd" xmlns:tns="http://www.ibm.com/websphere/sibx/smo/v6.0.1" xmlns:tns1="http://aig.us.com/ges/SearchLocationService/SearchLocationService" xmlns:tns2="http://aig.us.com/ges/schema" xmlns:tns3="http://aig.us.com/ges/ext/v1" xmlns:tns4="http://www.w3.org/2005/08/addressing" xmlns:tns5="http://www.w3.org/2003/05/soap-envelope" xmlns:tns_1="wsdl.http://aig.us.com/ges/SearchLocationService/SearchLocationService" xmlns:wsa="http://schemas.xmlsoap.org/ws/2004/08/addressing"/>
              </io10:crestaZone>
              <io10:subcrestaZone>
                <io10:crszCntryFip>ges:crszCntryFip</io10:crszCntryFip>
                <io10:crszCrestaId>ges:crszCrestaId</io10:crszCrestaId>
                <io10:crszFips>ges:crszFips</io10:crszFips>
                <io10:crszGeocd>ges:crszGeocd</io10:crszGeocd>
                <io10:crszIso3Alph>ges:crszIso3Alph</io10:crszIso3Alph>
                <io10:crszIso3No>ges:crszIso3No</io10:crszIso3No>
                <io10:crszPerlTyp>ges:crszPerlTyp</io10:crszPerlTyp>
                <io10:crszStFips>ges:crszStFips</io10:crszStFips>
                <io10:crszSbIso>ges:crszSbIso</io10:crszSbIso>
                <io10:crszSznNo>ges:crszSznNo</io10:crszSznNo>
                <io10:crszDcmntat>ges:crszDcmntat</io10:crszDcmntat>
                <io10:crszNm>ges:crszNm</io10:crszNm>
                <io10:crszParZoNum>ges:crszParZoNum</io10:crszParZoNum>
                <io10:crszTyp>ges:crszTyp</io10:crszTyp>
                <io10:sbcrestaZnId>0</io10:sbcrestaZnId>
                <ges:geographicArea xmlns:ges="http://aig.us.com/ges" xmlns:bons0="http://aig.us.com/ges/common/v3" xmlns:ch="http://aig.com/CommonHeaderV12" xmlns:httpsca="http://www.ibm.com/xmlns/prod/websphere/http/sca/6.1.0" xmlns:mq="http://www.ibm.com/xmlns/prod/websphere/mq/sca/6.0.0" xmlns:p="http://ws-i.org/profiles/basic/1.1/xsd" xmlns:tns="http://www.ibm.com/websphere/sibx/smo/v6.0.1" xmlns:tns1="http://aig.us.com/ges/SearchLocationService/SearchLocationService" xmlns:tns2="http://aig.us.com/ges/schema" xmlns:tns3="http://aig.us.com/ges/ext/v1" xmlns:tns4="http://www.w3.org/2005/08/addressing" xmlns:tns5="http://www.w3.org/2003/05/soap-envelope" xmlns:tns_1="wsdl.http://aig.us.com/ges/SearchLocationService/SearchLocationService" xmlns:wsa="http://schemas.xmlsoap.org/ws/2004/08/addressing"/>
              </io10:subcrestaZone>
              <io10:cntryId>0</io10:cntryId>
              <io10:placeId>0</io10:placeId>
              <io10:basicdataIncomplete>ges:basicdataIncomplete</io10:basicdataIncomplete>
              <io10:addr2>ges:addr2</io10:addr2>
              <io10:blok>ges:blok</io10:blok>
              <io10:blokGrp>ges:blokGrp</io10:blokGrp>
              <io10:geoCdId>0</io10:geoCdId>
              <io10:geoCdTyId>0</io10:geoCdTyId>
              <io10:geoCdTyNm>ges:geoCdTyNm</io10:geoCdTyNm>
              <io10:LocationHazards>
                <io10:LocationHazard>
                  <io10:HazardNm>ges:HazardNm</io10:HazardNm>
                  <io10:HazardTyp>ges:HazardTyp</io10:HazardTyp>
                  <io10:HazardValue>ges:HazardValue</io10:HazardValue>
                  <io10:HazardDesc>ges:HazardDesc</io10:HazardDesc>
                </io10:LocationHazard>
              </io10:LocationHazards>
            </io10:geographicArea>
            <io10:autoAugmentIn>ges:autoAugmentIn</io10:autoAugmentIn>
            <io10:esbCrossReferenceInfo>
              <io10:prcsngStatCd>ges:prcsngStatCd</io10:prcsngStatCd>
              <io10:prcsngStatTs>2001-12-31T12:00:00</io10:prcsngStatTs>
              <io10:retryCnt>0</io10:retryCnt>
              <io10:sovLocId>0</io10:sovLocId>
              <io10:errMsg>ges:errMsg</io10:errMsg>
              <io10:augmentStatIn>ges:augmentStatIn</io10:augmentStatIn>
            </io10:esbCrossReferenceInfo>
            <io10:mdmCrossReferenceInfo>
              <io10:mdmContId>ges:mdmContId</io10:mdmContId>
              <io10:mdmContCmpntId>ges:mdmContCmpntId</io10:mdmContCmpntId>
              <io10:mdmHoldgId>ges:mdmHoldgId</io10:mdmHoldgId>
              <io10:mdmAddrId>ges:mdmAddrId</io10:mdmAddrId>
              <io10:sovLocId>ges:sovLocId</io10:sovLocId>
              <io10:graspReviewed>N</io10:graspReviewed>
            </io10:mdmCrossReferenceInfo>
            <io10:mdmException>
              <io10:langCd>ges:langCd</io10:langCd>
              <io10:ctyNm>ges:ctyNm</io10:ctyNm>
              <io10:postalCd>ges:postalCd</io10:postalCd>
              <io10:stNm>ges:stNm</io10:stNm>
              <io10:addrStatCd>ges:addrStatCd</io10:addrStatCd>
              <io10:dstrctNm>ges:dstrctNm</io10:dstrctNm>
              <io10:cntyNm>ges:cntyNm</io10:cntyNm>
              <io10:lattdInDegrs>ges:lattdInDegrs</io10:lattdInDegrs>
              <io10:lngtdInDegrs>ges:lngtdInDegrs</io10:lngtdInDegrs>
              <io10:coBusUnt>ges:coBusUnt</io10:coBusUnt>
              <io10:cntryNm>ges:cntryNm</io10:cntryNm>
              <io10:geoRsltnLvlId>0</io10:geoRsltnLvlId>
              <io10:mtchky>ges:mtchky</io10:mtchky>
              <io10:addrConfdncPc>0.0</io10:addrConfdncPc>
              <io10:addrLn1>ges:addrLn1</io10:addrLn1>
              <io10:addrLn2>ges:addrLn2</io10:addrLn2>
              <io10:addrLn3>ges:addrLn3</io10:addrLn3>
              <io10:addrXtensn>ges:addrXtensn</io10:addrXtensn>
              <io10:pbLocId>ges:pbLocId</io10:pbLocId>
              <io10:geoStat>ges:geoStat</io10:geoStat>
              <io10:geoStatCd>ges:geoStatCd</io10:geoStatCd>
              <io10:geoStatDesc>ges:geoStatDesc</io10:geoStatDesc>
              <io10:dplctSqn>0</io10:dplctSqn>
              <io10:flrAr>ges:flrAr</io10:flrAr>
              <io10:flrArUom>ges:flrArUom</io10:flrArUom>
              <io10:occupancyScheme>ges:occupancyScheme</io10:occupancyScheme>
              <io10:occupancyTypCd>ges:occupancyTypCd</io10:occupancyTypCd>
              <io10:bltYr>0</io10:bltYr>
              <io10:noOfRsks>0</io10:noOfRsks>
              <io10:noOfStories>0</io10:noOfStories>
              <io10:bldgHght>0</io10:bldgHght>
              <io10:bldgHghtUom>ges:bldgHghtUom</io10:bldgHghtUom>
              <io10:constrnSchemeCd>ges:constrnSchemeCd</io10:constrnSchemeCd>
              <io10:constrnTypCd>ges:constrnTypCd</io10:constrnTypCd>
              <io10:lastUpgraddYr>0</io10:lastUpgraddYr>
              <io10:flrOfInt>ges:flrOfInt</io10:flrOfInt>
              <io10:mdmContId>ges:mdmContId</io10:mdmContId>
              <io10:mdmContCmpntId>ges:mdmContCmpntId</io10:mdmContCmpntId>
              <io10:mdmHoldgId>ges:mdmHoldgId</io10:mdmHoldgId>
              <io10:mdmAddrId>ges:mdmAddrId</io10:mdmAddrId>
              <io10:isAddrStndrdizedIn>ges:isAddrStndrdizedIn</io10:isAddrStndrdizedIn>
              <io10:mdmHoldgStartDt>2001-12-31T12:00:00</io10:mdmHoldgStartDt>
              <io10:propTypCd>0</io10:propTypCd>
              <io10:addr>ges:addr</io10:addr>
              <io10:locNm>ges:locNm</io10:locNm>
              <io10:siteNm>ges:siteNm</io10:siteNm>
              <io10:cntryCd>ges:cntryCd</io10:cntryCd>
              <io10:stCd>ges:stCd</io10:stCd>
              <io10:addrStatDesc>ges:addrStatDesc</io10:addrStatDesc>
              <io10:mtchScore>ges:mtchScore</io10:mtchScore>
              <io10:locPrecision>ges:locPrecision</io10:locPrecision>
              <io10:sovLocId>0</io10:sovLocId>
              <io10:prmryBldgIn>ges:prmryBldgIn</io10:prmryBldgIn>
              <io10:graspReviewed>N</io10:graspReviewed>
            </io10:mdmException>
            <io10:pbCrossReferenceInfo>
              <io10:sovLocId>0</io10:sovLocId>
              <io10:geoRsltnLvlId>0</io10:geoRsltnLvlId>
              <io10:mtchky>ges:mtchky</io10:mtchky>
              <io10:addrConfdncPc>0.0</io10:addrConfdncPc>
              <io10:addrXtensn>ges:addrXtensn</io10:addrXtensn>
              <io10:addrStatCd>ges:addrStatCd</io10:addrStatCd>
              <io10:isAddrStndrdizedIn>ges:isAddrStndrdizedIn</io10:isAddrStndrdizedIn>
              <io10:addrStatDesc>ges:addrStatDesc</io10:addrStatDesc>
              <io10:canAr>ges:canAr</io10:canAr>
              <io10:canFloodZn>ges:canFloodZn</io10:canFloodZn>
              <io10:canPrvnc>ges:canPrvnc</io10:canPrvnc>
              <io10:canRiver>ges:canRiver</io10:canRiver>
              <io10:dstnc>ges:dstnc</io10:dstnc>
              <io10:dstncUnit>ges:dstncUnit</io10:dstncUnit>
              <io10:UserProvidedInfo>
                <io10:lattdInDegrs Code="">
                  <io10:Value>ges:Value</io10:Value>
                </io10:lattdInDegrs>
                <io10:lngtdInDegrs Code="">
                  <io10:Value>ges:Value</io10:Value>
                </io10:lngtdInDegrs>
                <io10:locationPrecision>ges:locationPrecision</io10:locationPrecision>
              </io10:UserProvidedInfo>
            </io10:pbCrossReferenceInfo>
            <io10:pbException>
              <io10:langCd>ges:langCd</io10:langCd>
              <io10:ctyNm>ges:ctyNm</io10:ctyNm>
              <io10:postalCd>ges:postalCd</io10:postalCd>
              <io10:stNm>ges:stNm</io10:stNm>
              <io10:addrStatCd>ges:addrStatCd</io10:addrStatCd>
              <io10:dstrctNm>ges:dstrctNm</io10:dstrctNm>
              <io10:cntyNm>ges:cntyNm</io10:cntyNm>
              <io10:lattdInDegrs>ges:lattdInDegrs</io10:lattdInDegrs>
              <io10:lngtdInDegrs>ges:lngtdInDegrs</io10:lngtdInDegrs>
              <io10:coBusUnt>ges:coBusUnt</io10:coBusUnt>
              <io10:cntryNm>ges:cntryNm</io10:cntryNm>
              <io10:geoRsltnLvlId>0</io10:geoRsltnLvlId>
              <io10:mtchky>ges:mtchky</io10:mtchky>
              <io10:addrConfdncPc>0.0</io10:addrConfdncPc>
              <io10:addrLn1>ges:addrLn1</io10:addrLn1>
              <io10:addrLn2>ges:addrLn2</io10:addrLn2>
              <io10:addrLn3>ges:addrLn3</io10:addrLn3>
              <io10:addrLn4>ges:addrLn4</io10:addrLn4>
              <io10:multiMtchCnt>0</io10:multiMtchCnt>
              <io10:geoStat>ges:geoStat</io10:geoStat>
              <io10:geoStatCd>ges:geoStatCd</io10:geoStatCd>
              <io10:geoStatDesc>ges:geoStatDesc</io10:geoStatDesc>
              <io10:mtchSqn>0</io10:mtchSqn>
              <io10:addrStatDesc>ges:addrStatDesc</io10:addrStatDesc>
              <io10:locPrecision>ges:locPrecision</io10:locPrecision>
              <io10:addrStat>ges:addrStat</io10:addrStat>
              <io10:sovLocId>0</io10:sovLocId>
              <io10:canAr>ges:canAr</io10:canAr>
              <io10:canFloodZn>ges:canFloodZn</io10:canFloodZn>
              <io10:canPrvnc>ges:canPrvnc</io10:canPrvnc>
              <io10:canRiver>ges:canRiver</io10:canRiver>
              <io10:canStat>ges:canStat</io10:canStat>
              <io10:canStatCd>ges:canStatCd</io10:canStatCd>
              <io10:canStatDesc>ges:canStatDesc</io10:canStatDesc>
              <io10:crCntryFip>ges:crCntryFip</io10:crCntryFip>
              <io10:crCrestaId>ges:crCrestaId</io10:crCrestaId>
              <io10:crFips>ges:crFips</io10:crFips>
              <io10:crGeocd>ges:crGeocd</io10:crGeocd>
              <io10:crIso3Alph>ges:crIso3Alph</io10:crIso3Alph>
              <io10:crIso3No>ges:crIso3No</io10:crIso3No>
              <io10:crPerlTyp>ges:crPerlTyp</io10:crPerlTyp>
              <io10:crStFips>ges:crStFips</io10:crStFips>
              <io10:crSbIso>ges:crSbIso</io10:crSbIso>
              <io10:crZnNo>ges:crZnNo</io10:crZnNo>
              <io10:crDcmntat>ges:crDcmntat</io10:crDcmntat>
              <io10:crNm>ges:crNm</io10:crNm>
              <io10:crStat>ges:crStat</io10:crStat>
              <io10:crStatCd>ges:crStatCd</io10:crStatCd>
              <io10:crStatDesc>ges:crStatDesc</io10:crStatDesc>
              <io10:crszCntryFip>ges:crszCntryFip</io10:crszCntryFip>
              <io10:crszCrestaId>ges:crszCrestaId</io10:crszCrestaId>
              <io10:crszFips>ges:crszFips</io10:crszFips>
              <io10:crszGeocd>ges:crszGeocd</io10:crszGeocd>
              <io10:crszIso3Alph>ges:crszIso3Alph</io10:crszIso3Alph>
              <io10:crszIso3No>ges:crszIso3No</io10:crszIso3No>
              <io10:crszPerlTyp>ges:crszPerlTyp</io10:crszPerlTyp>
              <io10:crszStFips>ges:crszStFips</io10:crszStFips>
              <io10:crszSbIso>ges:crszSbIso</io10:crszSbIso>
              <io10:crszSznNo>ges:crszSznNo</io10:crszSznNo>
              <io10:crszDcmntat>ges:crszDcmntat</io10:crszDcmntat>
              <io10:crszNm>ges:crszNm</io10:crszNm>
              <io10:crszParZoNum>ges:crszParZoNum</io10:crszParZoNum>
              <io10:crszTyp>ges:crszTyp</io10:crszTyp>
              <io10:crszStat>ges:crszStat</io10:crszStat>
              <io10:crszStatCd>ges:crszStatCd</io10:crszStatCd>
              <io10:crszStatDesc>ges:crszStatDesc</io10:crszStatDesc>
              <io10:addrXtensn>ges:addrXtensn</io10:addrXtensn>
              <io10:nonvlidateColList>ges:nonvlidateColList</io10:nonvlidateColList>
              <io10:dstnc>ges:dstnc</io10:dstnc>
              <io10:dstncUnt>ges:dstncUnt</io10:dstncUnt>
            </io10:pbException>
            <io10:isRequestForUpdate>true</io10:isRequestForUpdate>
            <io10:UserProvidedInfo>
              <io10:lattdInDegrs Code="">
                <io10:Value>ges:Value</io10:Value>
              </io10:lattdInDegrs>
              <io10:lngtdInDegrs Code="">
                <io10:Value>ges:Value</io10:Value>
              </io10:lngtdInDegrs>
              <io10:locationPrecision>ges:locationPrecision</io10:locationPrecision>
            </io10:UserProvidedInfo>
          </io11:sovLocation>
          <io11:Version>tns2:Version</io11:Version>
        </io11:location>
        <io11:NoOfLocations>tns2:NoOfLocations</io11:NoOfLocations>
        <io11:SovId>tns2:SovId</io11:SovId>
        <io11:SovVersionId>tns2:SovVersionId</io11:SovVersionId>
      </searchLocationsRequest>
      <RequestHeader>
        <io7:ServiceRequestContext>
          <ServiceInvocationOriginator>ServiceInvocationOriginator</ServiceInvocationOriginator>
          <ServiceInvoker>ServiceInvoker</ServiceInvoker>
          <ServiceProvider>ServiceProvider</ServiceProvider>
          <ClientId>ClientId</ClientId>
          <UserID>UserID</UserID>
          <RequestMessageId>RequestMessageId</RequestMessageId>
          <RequestTimestamp>2001-12-31T12:00:00</RequestTimestamp>
          <InteractionProtocol>SynchronousRequestAndResponse</InteractionProtocol>
          <CallbackURI>CallbackURI</CallbackURI>
          <ServiceInvocationChainEnabled>true</ServiceInvocationChainEnabled>
        </io7:ServiceRequestContext>
      </RequestHeader>
    </io6:searchLocations>
  </body>
  <attachments>
    <contentID>http://tempuri.org</contentID>
    <contentType>token</contentType>
    <data>MA==</data>
  </attachments>
</io4:smo>