<?xml version="1.0" encoding="UTF-8"?><io2:smo xmlns:io2="http://www.ibm.com/websphere/sibx/smo/v6.0.1" xmlns:io9="http://www.w3.org/2005/08/addressing" xmlns:xsd4xsd="http://www.w3.org/2001/XMLSchema" xmlns:io8="http://GES_Lib_Common/bo" xmlns:io5="http://aig.us.com/ges/schema" xmlns:io7="http://www.ibm.com/xmlns/prod/websphere/http/sca/6.1.0" xmlns:io6="http://aig.us.com/ges" xmlns:io4="http://schemas.xmlsoap.org/ws/2004/08/addressing" xmlns:io3="http://www.ibm.com/xmlns/prod/websphere/mq/sca/6.0.0" xmlns:out2="wsdl.http://aig.us.com/ges/services/DBUpdateHandlerV2" xmlns:xsi="http://www.w3.org/2001/XMLSchema-instance" xmlns:out="http://aig.us.com/ges/services/DBUpdateHandlerV2" xmlns:io="http://www.w3.org/2003/05/soap-envelope" xmlns:in3="wsdl.http://aig.us.com/ges/services/LocationCleansingProcessV2" xmlns:in2="http://aig.com/CommonHeaderV12" xmlns:in="http://aig.us.com/ges/services/LocationCleansingProcessV2">
  <context>
    <correlation xsi:type="io8:ExceptionObj">
      <errorCode>errorCode</errorCode>
    </correlation>
    <transient xmlns:bons3="http://aig.us.com/ges/services/LocationCleansingProcessV2" xmlns:ch="http://aig.com/CommonHeaderV12" xmlns:ges="http://aig.us.com/ges" xmlns:httpsca="http://www.ibm.com/xmlns/prod/websphere/http/sca/6.1.0" xmlns:mq="http://www.ibm.com/xmlns/prod/websphere/mq/sca/6.0.0" xmlns:p="http://GES_Lib_Common/bo" xmlns:tns="http://www.ibm.com/websphere/sibx/smo/v6.0.1" xmlns:tns1="http://aig.us.com/ges/schema" xmlns:tns2="http://www.w3.org/2005/08/addressing" xmlns:tns3="http://www.w3.org/2003/05/soap-envelope" xmlns:tns_1="wsdl.http://aig.us.com/ges/services/LocationCleansingProcessV2" xmlns:wsa="http://schemas.xmlsoap.org/ws/2004/08/addressing" xsi:type="anyType"/>
    <failInfo>
      <failureString>failureString</failureString>
      <origin>origin</origin>
      <invocationPath xmlns:bons3="http://aig.us.com/ges/services/LocationCleansingProcessV2" xmlns:ch="http://aig.com/CommonHeaderV12" xmlns:ges="http://aig.us.com/ges" xmlns:httpsca="http://www.ibm.com/xmlns/prod/websphere/http/sca/6.1.0" xmlns:mq="http://www.ibm.com/xmlns/prod/websphere/mq/sca/6.0.0" xmlns:p="http://GES_Lib_Common/bo" xmlns:tns="http://www.ibm.com/websphere/sibx/smo/v6.0.1" xmlns:tns1="http://aig.us.com/ges/schema" xmlns:tns2="http://www.w3.org/2005/08/addressing" xmlns:tns3="http://www.w3.org/2003/05/soap-envelope" xmlns:tns_1="wsdl.http://aig.us.com/ges/services/LocationCleansingProcessV2" xmlns:wsa="http://schemas.xmlsoap.org/ws/2004/08/addressing">
        <primitive inTerminal="" name="" outTerminal=""/>
      </invocationPath>
      <predecessor xmlns:bons3="http://aig.us.com/ges/services/LocationCleansingProcessV2" xmlns:ch="http://aig.com/CommonHeaderV12" xmlns:ges="http://aig.us.com/ges" xmlns:httpsca="http://www.ibm.com/xmlns/prod/websphere/http/sca/6.1.0" xmlns:mq="http://www.ibm.com/xmlns/prod/websphere/mq/sca/6.0.0" xmlns:p="http://GES_Lib_Common/bo" xmlns:tns="http://www.ibm.com/websphere/sibx/smo/v6.0.1" xmlns:tns1="http://aig.us.com/ges/schema" xmlns:tns2="http://www.w3.org/2005/08/addressing" xmlns:tns3="http://www.w3.org/2003/05/soap-envelope" xmlns:tns_1="wsdl.http://aig.us.com/ges/services/LocationCleansingProcessV2" xmlns:wsa="http://schemas.xmlsoap.org/ws/2004/08/addressing" tns:lang=""/>
    </failInfo>
    <primitiveContext>
      <EndpointLookupContext>
        <endpointReference>
          <io4:Address>http://tempuri.org</io4:Address>
          <io4:ReferenceProperties/>
          <io4:ReferenceParameters/>
          <io4:PortType>QName</io4:PortType>
          <io4:ServiceName PortName="NCName">QName</io4:ServiceName>
        </endpointReference>
        <registryAnnotations>
          <property>
            <name>name</name>
            <value>value</value>
          </property>
          <classification>http://tempuri.org</classification>
          <relationship>
            <relationshipName>relationshipName</relationshipName>
            <targetName>targetName</targetName>
            <targetNamespace>http://tempuri.org</targetNamespace>
            <targetVersion>targetVersion</targetVersion>
          </relationship>
        </registryAnnotations>
      </EndpointLookupContext>
      <FanOutContext>
        <iteration>0</iteration>
        <occurrence xsi:type="io5:Location">
          <io5:sovLocation>
            <io6:version>ges:version</io6:version>
            <io6:sovLocId>0</io6:sovLocId>
            <io6:matchScore>0</io6:matchScore>
            <io6:agreementRequestId name="Policy Number">ges:agreementRequestId</io6:agreementRequestId>
            <io6:structure>
              <io6:structureId>0</io6:structureId>
              <io6:typeId>0</io6:typeId>
              <io6:physObjectId>0</io6:physObjectId>
              <io6:constructionType>
                <io6:constrnTypCd>ges:constrnTypCd</io6:constrnTypCd>
                <io6:constrnTypDs>ges:constrnTypDs</io6:constrnTypDs>
                <io6:constrnTypId>0</io6:constrnTypId>
                <io6:clsfctnScheme>ges:clsfctnScheme</io6:clsfctnScheme>
              </io6:constructionType>
              <io6:occupationType>
                <io6:ocptnTypCd>ges:ocptnTypCd</io6:ocptnTypCd>
                <io6:ocptnTypDs>ges:ocptnTypDs</io6:ocptnTypDs>
                <io6:ocptnTypId>0</io6:ocptnTypId>
                <io6:clsfctnScheme>ges:clsfctnScheme</io6:clsfctnScheme>
              </io6:occupationType>
              <io6:structureType>ges:structureType</io6:structureType>
              <io6:name>ges:name</io6:name>
              <io6:description>ges:description</io6:description>
              <io6:basicDataIncomplete>ges:basicDataIncomplete</io6:basicDataIncomplete>
              <io6:populationInfoId>0</io6:populationInfoId>
              <io6:effectiveFromDate>2001-01-01</io6:effectiveFromDate>
              <io6:effectiveToDate>2001-01-01</io6:effectiveToDate>
              <io6:xtrnlRefNo>ges:xtrnlRefNo</io6:xtrnlRefNo>
              <io6:noOfRsks>0</io6:noOfRsks>
              <io6:bldgValAm>0.0</io6:bldgValAm>
              <io6:cntntsValAm>0.0</io6:cntntsValAm>
              <io6:biValAm>0.0</io6:biValAm>
              <io6:totalPropertyDamageValueAm>0.0</io6:totalPropertyDamageValueAm>
              <io6:totalSumInsuredValueAm>0.0</io6:totalSumInsuredValueAm>
              <io6:flrAr>ges:flrAr</io6:flrAr>
              <io6:flrArUom>ges:flrArUom</io6:flrArUom>
              <io6:bltYr>0</io6:bltYr>
              <io6:noOfStories>0</io6:noOfStories>
              <io6:bldgHght>ges:bldgHght</io6:bldgHght>
              <io6:bldgHghtUom>ges:bldgHghtUom</io6:bldgHghtUom>
              <io6:lastUpgraddYr>0</io6:lastUpgraddYr>
              <io6:flrOfInt>ges:flrOfInt</io6:flrOfInt>
              <io6:constrnTypTx>ges:constrnTypTx</io6:constrnTypTx>
              <io6:ocptnTypTx>ges:ocptnTypTx</io6:ocptnTypTx>
              <io6:currntVersnFl>ges:currntVersnFl</io6:currntVersnFl>
              <io6:creatTs>2001-12-31T12:00:00</io6:creatTs>
              <io6:creatUsrId>ges:creatUsrId</io6:creatUsrId>
              <io6:updTs>2001-12-31T12:00:00</io6:updTs>
              <io6:updUsrId>ges:updUsrId</io6:updUsrId>
              <io6:srcFileNm>ges:srcFileNm</io6:srcFileNm>
              <io6:siteNm>ges:siteNm</io6:siteNm>
              <io6:coNmBusUnt>ges:coNmBusUnt</io6:coNmBusUnt>
              <io6:prmryBldgIn>ges:prmryBldgIn</io6:prmryBldgIn>
              <io6:currency>
                <io6:crncyCd>ges:crncyCd</io6:crncyCd>
                <io6:crncyDs>ges:crncyDs</io6:crncyDs>
                <io6:efctvDt>2001-01-01</io6:efctvDt>
                <io6:isoAlphCrncyCd>ges:isoAlphCrncyCd</io6:isoAlphCrncyCd>
                <io6:crncyId>0</io6:crncyId>
                <io6:isoNmrcCrncyCd>0</io6:isoNmrcCrncyCd>
                <io6:currencyExchangeRate>
                  <io6:fromCrncyId>0</io6:fromCrncyId>
                  <io6:toCrncyId>0</io6:toCrncyId>
                  <io6:cnvrsnRt>0.0</io6:cnvrsnRt>
                  <io6:cnvrsnDt>2001-01-01</io6:cnvrsnDt>
                  <io6:rtTypIn>ges:rtTypIn</io6:rtTypIn>
                  <io6:xchngRtId>0</io6:xchngRtId>
                </io6:currencyExchangeRate>
              </io6:currency>
              <io6:structureSecModifier>
                <io6:StructureSecModifier>
                  <io6:name name="">ges:name</io6:name>
                  <io6:scheme>ges:scheme</io6:scheme>
                  <io6:cdId>0</io6:cdId>
                  <io6:cdVal>ges:cdVal</io6:cdVal>
                  <io6:cdLabel>ges:cdLabel</io6:cdLabel>
                  <io6:cdGrpVal>ges:cdGrpVal</io6:cdGrpVal>
                  <io6:cdGrpLabel>ges:cdGrpLabel</io6:cdGrpLabel>
                </io6:StructureSecModifier>
              </io6:structureSecModifier>
              <io6:sic3DCd>0</io6:sic3DCd>
              <io6:sic4DCd>0</io6:sic4DCd>
              <io6:sicGroup>ges:sicGroup</io6:sicGroup>
              <io6:sicDesc>ges:sicDesc</io6:sicDesc>
              <io6:uwtngMngmtAdjsmt>ges:uwtngMngmtAdjsmt</io6:uwtngMngmtAdjsmt>
              <io6:graspLocId>ges:graspLocId</io6:graspLocId>
              <io6:aeNm>ges:aeNm</io6:aeNm>
              <io6:sentForITV>true</io6:sentForITV>
              <io6:ITVValtnDt>2001-01-01</io6:ITVValtnDt>
              <io6:chngPct>0.0</io6:chngPct>
              <io6:DQI>0.0</io6:DQI>
              <io6:strValtnId>0</io6:strValtnId>
              <io6:TEVal>0.0</io6:TEVal>
              <io6:ttl>0.0</io6:ttl>
              <io6:typId>0</io6:typId>
              <io6:LocationCoverages>
                <io6:LoationCoverage>
                  <io6:Coverage>
                    <io6:AttributeNm>ges:AttributeNm</io6:AttributeNm>
                    <io6:categoryId>0</io6:categoryId>
                    <io6:typId>0</io6:typId>
                    <io6:typNm>ges:typNm</io6:typNm>
                    <io6:source>ges:source</io6:source>
                  </io6:Coverage>
                  <io6:CoverageValue>
                    <io6:DecimalValue>0.0</io6:DecimalValue>
                    <io6:Unit>ges:Unit</io6:Unit>
                  </io6:CoverageValue>
                </io6:LoationCoverage>
              </io6:LocationCoverages>
              <io6:LocationNonCoverages>
                <io6:LocationNonCoverage>
                  <io6:Coverage>
                    <io6:AttributeNm>ges:AttributeNm</io6:AttributeNm>
                    <io6:categoryId>0</io6:categoryId>
                    <io6:typId>0</io6:typId>
                    <io6:typNm>ges:typNm</io6:typNm>
                    <io6:source>ges:source</io6:source>
                  </io6:Coverage>
                  <io6:CoverageValue>
                    <io6:DecimalValue>0.0</io6:DecimalValue>
                    <io6:Unit>ges:Unit</io6:Unit>
                  </io6:CoverageValue>
                </io6:LocationNonCoverage>
              </io6:LocationNonCoverages>
              <io6:SiteCampusId>ges:SiteCampusId</io6:SiteCampusId>
            </io6:structure>
            <io6:physicalObject>
              <io6:physObjectId>0</io6:physObjectId>
              <io6:typeId>0</io6:typeId>
              <io6:populationInfoId>0</io6:populationInfoId>
              <io6:creatTs>2001-12-31T12:00:00</io6:creatTs>
              <io6:creatUsrId>ges:creatUsrId</io6:creatUsrId>
              <io6:updTs>2001-12-31T12:00:00</io6:updTs>
              <io6:updUsrId>ges:updUsrId</io6:updUsrId>
              <io6:graspInfo>
                <io6:engnrgBldgVal>0.0</io6:engnrgBldgVal>
                <io6:engnrgMachryVal>0.0</io6:engnrgMachryVal>
                <io6:ibi>0.0</io6:ibi>
                <io6:floodZnWithinPropLn>ges:floodZnWithinPropLn</io6:floodZnWithinPropLn>
                <io6:floodZn1000ftFromPropLn>ges:floodZn1000ftFromPropLn</io6:floodZn1000ftFromPropLn>
                <io6:surgeXpsr>ges:surgeXpsr</io6:surgeXpsr>
                <io6:hailstormXpsr>ges:hailstormXpsr</io6:hailstormXpsr>
                <io6:snowLodXpsr>ges:snowLodXpsr</io6:snowLodXpsr>
                <io6:othCatXpsr>ges:othCatXpsr</io6:othCatXpsr>
                <io6:engnrgOvrrdHzrdGrd>ges:engnrgOvrrdHzrdGrd</io6:engnrgOvrrdHzrdGrd>
                <io6:ovrlHeRtg>0.0</io6:ovrlHeRtg>
                <io6:locRskRtgFire>0.0</io6:locRskRtgFire>
                <io6:locRskRtgCat>0.0</io6:locRskRtgCat>
                <io6:locRskRtgCompst>0.0</io6:locRskRtgCompst>
                <io6:ttlOcpdBldgAr>0.0</io6:ttlOcpdBldgAr>
                <io6:ttlOcpdStories>0</io6:ttlOcpdStories>
                <io6:adqtAutmtcSprnklrsPct>0.0</io6:adqtAutmtcSprnklrsPct>
                <io6:neededAutmtcSprnklrsPct>0.0</io6:neededAutmtcSprnklrsPct>
                <io6:autmtcSprnklrsPct>0.0</io6:autmtcSprnklrsPct>
                <io6:predominantConstrnCls>ges:predominantConstrnCls</io6:predominantConstrnCls>
                <io6:predominantPrtctnCls>ges:predominantPrtctnCls</io6:predominantPrtctnCls>
                <io6:surgeTtlLe>0.0</io6:surgeTtlLe>
                <io6:floodTtlLe100Yr>0.0</io6:floodTtlLe100Yr>
                <io6:floodTtlLe500Yr>0.0</io6:floodTtlLe500Yr>
                <io6:floodTtlLe>0.0</io6:floodTtlLe>
                <io6:floodTtlMfl>0.0</io6:floodTtlMfl>
                <io6:wndTtlLe100Yr>0.0</io6:wndTtlLe100Yr>
                <io6:wndTtlLe500Yr>ges:wndTtlLe500Yr</io6:wndTtlLe500Yr>
                <io6:wndTtlNle>0.0</io6:wndTtlNle>
                <io6:eqLe>0.0</io6:eqLe>
                <io6:ttlMfl>0.0</io6:ttlMfl>
                <io6:ttlEml>0.0</io6:ttlEml>
                <io6:ttlPml>0.0</io6:ttlPml>
                <io6:ttlMas>0.0</io6:ttlMas>
                <io6:ttlNle>0.0</io6:ttlNle>
                <io6:ttlLe>0.0</io6:ttlLe>
                <io6:ttlObjLos>0.0</io6:ttlObjLos>
                <io6:locCls>ges:locCls</io6:locCls>
                <io6:fireIndx>ges:fireIndx</io6:fireIndx>
                <io6:xplosnIndx>ges:xplosnIndx</io6:xplosnIndx>
                <io6:xplosnRskAdqtlyEngnred>ges:xplosnRskAdqtlyEngnred</io6:xplosnRskAdqtlyEngnred>
                <io6:fldDesktpAsesd>ges:fldDesktpAsesd</io6:fldDesktpAsesd>
                <io6:engnrgSrc>ges:engnrgSrc</io6:engnrgSrc>
                <io6:graspCntntVal>0.0</io6:graspCntntVal>
                <io6:graspTmElmntVal>0.0</io6:graspTmElmntVal>
                <io6:graspTpdVal>0.0</io6:graspTpdVal>
                <io6:graspLat>0.0</io6:graspLat>
                <io6:graspLng>0.0</io6:graspLng>
                <io6:graspPrecisionCd>0.0</io6:graspPrecisionCd>
              </io6:graspInfo>
            </io6:physicalObject>
            <io6:actvIn>ges:actvIn</io6:actvIn>
            <io6:effectiveFromDate>2001-01-01</io6:effectiveFromDate>
            <io6:effectiveToDate>2001-01-01</io6:effectiveToDate>
            <io6:geographicArea>
              <io6:ggrphcArId>0</io6:ggrphcArId>
              <io6:typNm>ges:typNm</io6:typNm>
              <io6:vlidFromTs>2001-12-31T12:00:00</io6:vlidFromTs>
              <io6:vlidToTs>2001-12-31T12:00:00</io6:vlidToTs>
              <io6:ctyNm>ges:ctyNm</io6:ctyNm>
              <io6:addr>ges:addr</io6:addr>
              <io6:postalCd>ges:postalCd</io6:postalCd>
              <io6:stNm>ges:stNm</io6:stNm>
              <io6:dstrctNm>ges:dstrctNm</io6:dstrctNm>
              <io6:cntyNm>ges:cntyNm</io6:cntyNm>
              <io6:lattdInDegrs>ges:lattdInDegrs</io6:lattdInDegrs>
              <io6:lngtdInDegrs>ges:lngtdInDegrs</io6:lngtdInDegrs>
              <io6:cntryNm>ges:cntryNm</io6:cntryNm>
              <io6:langCd>ges:langCd</io6:langCd>
              <io6:geoRsltnLvlId>0</io6:geoRsltnLvlId>
              <io6:addrConfdncPc>0.0</io6:addrConfdncPc>
              <io6:addrXtensn>ges:addrXtensn</io6:addrXtensn>
              <io6:isAddrStndrdizedIn>ges:isAddrStndrdizedIn</io6:isAddrStndrdizedIn>
              <io6:locPrecision>ges:locPrecision</io6:locPrecision>
              <io6:crestaZone>
                <io6:crestaZnId>0</io6:crestaZnId>
                <io6:crCntryFip>ges:crCntryFip</io6:crCntryFip>
                <io6:crCrestaId>ges:crCrestaId</io6:crCrestaId>
                <io6:crFips>ges:crFips</io6:crFips>
                <io6:crGeocd>ges:crGeocd</io6:crGeocd>
                <io6:crIso3Alph>ges:crIso3Alph</io6:crIso3Alph>
                <io6:crIso3No>ges:crIso3No</io6:crIso3No>
                <io6:crPerlTyp>ges:crPerlTyp</io6:crPerlTyp>
                <io6:crStFips>ges:crStFips</io6:crStFips>
                <io6:crSbIso>ges:crSbIso</io6:crSbIso>
                <io6:crZnNo>ges:crZnNo</io6:crZnNo>
                <io6:crDcmntat>ges:crDcmntat</io6:crDcmntat>
                <io6:crNm>ges:crNm</io6:crNm>
                <ges:geographicArea xmlns:ges="http://aig.us.com/ges" xmlns:bons3="http://aig.us.com/ges/services/LocationCleansingProcessV2" xmlns:ch="http://aig.com/CommonHeaderV12" xmlns:httpsca="http://www.ibm.com/xmlns/prod/websphere/http/sca/6.1.0" xmlns:mq="http://www.ibm.com/xmlns/prod/websphere/mq/sca/6.0.0" xmlns:p="http://GES_Lib_Common/bo" xmlns:tns="http://www.ibm.com/websphere/sibx/smo/v6.0.1" xmlns:tns1="http://aig.us.com/ges/schema" xmlns:tns2="http://www.w3.org/2005/08/addressing" xmlns:tns3="http://www.w3.org/2003/05/soap-envelope" xmlns:tns_1="wsdl.http://aig.us.com/ges/services/LocationCleansingProcessV2" xmlns:wsa="http://schemas.xmlsoap.org/ws/2004/08/addressing"/>
              </io6:crestaZone>
              <io6:subcrestaZone>
                <io6:crszCntryFip>ges:crszCntryFip</io6:crszCntryFip>
                <io6:crszCrestaId>ges:crszCrestaId</io6:crszCrestaId>
                <io6:crszFips>ges:crszFips</io6:crszFips>
                <io6:crszGeocd>ges:crszGeocd</io6:crszGeocd>
                <io6:crszIso3Alph>ges:crszIso3Alph</io6:crszIso3Alph>
                <io6:crszIso3No>ges:crszIso3No</io6:crszIso3No>
                <io6:crszPerlTyp>ges:crszPerlTyp</io6:crszPerlTyp>
                <io6:crszStFips>ges:crszStFips</io6:crszStFips>
                <io6:crszSbIso>ges:crszSbIso</io6:crszSbIso>
                <io6:crszSznNo>ges:crszSznNo</io6:crszSznNo>
                <io6:crszDcmntat>ges:crszDcmntat</io6:crszDcmntat>
                <io6:crszNm>ges:crszNm</io6:crszNm>
                <io6:crszParZoNum>ges:crszParZoNum</io6:crszParZoNum>
                <io6:crszTyp>ges:crszTyp</io6:crszTyp>
                <io6:sbcrestaZnId>0</io6:sbcrestaZnId>
                <ges:geographicArea xmlns:ges="http://aig.us.com/ges" xmlns:bons3="http://aig.us.com/ges/services/LocationCleansingProcessV2" xmlns:ch="http://aig.com/CommonHeaderV12" xmlns:httpsca="http://www.ibm.com/xmlns/prod/websphere/http/sca/6.1.0" xmlns:mq="http://www.ibm.com/xmlns/prod/websphere/mq/sca/6.0.0" xmlns:p="http://GES_Lib_Common/bo" xmlns:tns="http://www.ibm.com/websphere/sibx/smo/v6.0.1" xmlns:tns1="http://aig.us.com/ges/schema" xmlns:tns2="http://www.w3.org/2005/08/addressing" xmlns:tns3="http://www.w3.org/2003/05/soap-envelope" xmlns:tns_1="wsdl.http://aig.us.com/ges/services/LocationCleansingProcessV2" xmlns:wsa="http://schemas.xmlsoap.org/ws/2004/08/addressing"/>
              </io6:subcrestaZone>
              <io6:cntryId>0</io6:cntryId>
              <io6:placeId>0</io6:placeId>
              <io6:basicdataIncomplete>ges:basicdataIncomplete</io6:basicdataIncomplete>
              <io6:addr2>ges:addr2</io6:addr2>
              <io6:blok>ges:blok</io6:blok>
              <io6:blokGrp>ges:blokGrp</io6:blokGrp>
              <io6:geoCdId>0</io6:geoCdId>
              <io6:geoCdTyId>0</io6:geoCdTyId>
              <io6:geoCdTyNm>ges:geoCdTyNm</io6:geoCdTyNm>
              <io6:LocationHazards>
                <io6:LocationHazard>
                  <io6:Coverage>
                    <io6:AttributeNm>ges:AttributeNm</io6:AttributeNm>
                    <io6:categoryId>0</io6:categoryId>
                    <io6:typId>0</io6:typId>
                    <io6:typNm>ges:typNm</io6:typNm>
                    <io6:source>ges:source</io6:source>
                  </io6:Coverage>
                  <io6:CoverageValue>
                    <io6:DecimalValue>0.0</io6:DecimalValue>
                    <io6:Unit>ges:Unit</io6:Unit>
                  </io6:CoverageValue>
                  <io6:HazardId>0</io6:HazardId>
                  <io6:LookUpId>0</io6:LookUpId>
                </io6:LocationHazard>
              </io6:LocationHazards>
            </io6:geographicArea>
            <io6:autoAugmentIn>ges:autoAugmentIn</io6:autoAugmentIn>
            <io6:esbCrossReferenceInfo>
              <io6:prcsngStatCd>ges:prcsngStatCd</io6:prcsngStatCd>
              <io6:prcsngStatTs>2001-12-31T12:00:00</io6:prcsngStatTs>
              <io6:retryCnt>0</io6:retryCnt>
              <io6:sovLocId>0</io6:sovLocId>
              <io6:errMsg>ges:errMsg</io6:errMsg>
              <io6:augmentStatIn>ges:augmentStatIn</io6:augmentStatIn>
            </io6:esbCrossReferenceInfo>
            <io6:mdmCrossReferenceInfo>
              <io6:mdmContId>ges:mdmContId</io6:mdmContId>
              <io6:mdmContCmpntId>ges:mdmContCmpntId</io6:mdmContCmpntId>
              <io6:mdmHoldgId>ges:mdmHoldgId</io6:mdmHoldgId>
              <io6:mdmAddrId>ges:mdmAddrId</io6:mdmAddrId>
              <io6:sovLocId>ges:sovLocId</io6:sovLocId>
              <io6:graspReviewed>N</io6:graspReviewed>
            </io6:mdmCrossReferenceInfo>
            <io6:mdmException>
              <io6:langCd>ges:langCd</io6:langCd>
              <io6:ctyNm>ges:ctyNm</io6:ctyNm>
              <io6:postalCd>ges:postalCd</io6:postalCd>
              <io6:stNm>ges:stNm</io6:stNm>
              <io6:addrStatCd>ges:addrStatCd</io6:addrStatCd>
              <io6:dstrctNm>ges:dstrctNm</io6:dstrctNm>
              <io6:cntyNm>ges:cntyNm</io6:cntyNm>
              <io6:lattdInDegrs>ges:lattdInDegrs</io6:lattdInDegrs>
              <io6:lngtdInDegrs>ges:lngtdInDegrs</io6:lngtdInDegrs>
              <io6:coBusUnt>ges:coBusUnt</io6:coBusUnt>
              <io6:cntryNm>ges:cntryNm</io6:cntryNm>
              <io6:geoRsltnLvlId>0</io6:geoRsltnLvlId>
              <io6:mtchky>ges:mtchky</io6:mtchky>
              <io6:addrConfdncPc>0.0</io6:addrConfdncPc>
              <io6:addrLn1>ges:addrLn1</io6:addrLn1>
              <io6:addrLn2>ges:addrLn2</io6:addrLn2>
              <io6:addrLn3>ges:addrLn3</io6:addrLn3>
              <io6:addrXtensn>ges:addrXtensn</io6:addrXtensn>
              <io6:pbLocId>ges:pbLocId</io6:pbLocId>
              <io6:geoStat>ges:geoStat</io6:geoStat>
              <io6:geoStatCd>ges:geoStatCd</io6:geoStatCd>
              <io6:geoStatDesc>ges:geoStatDesc</io6:geoStatDesc>
              <io6:dplctSqn>0</io6:dplctSqn>
              <io6:flrAr>ges:flrAr</io6:flrAr>
              <io6:flrArUom>ges:flrArUom</io6:flrArUom>
              <io6:occupancyScheme>ges:occupancyScheme</io6:occupancyScheme>
              <io6:occupancyTypCd>ges:occupancyTypCd</io6:occupancyTypCd>
              <io6:bltYr>0</io6:bltYr>
              <io6:noOfRsks>0</io6:noOfRsks>
              <io6:noOfStories>0</io6:noOfStories>
              <io6:bldgHght>0</io6:bldgHght>
              <io6:bldgHghtUom>ges:bldgHghtUom</io6:bldgHghtUom>
              <io6:constrnSchemeCd>ges:constrnSchemeCd</io6:constrnSchemeCd>
              <io6:constrnTypCd>ges:constrnTypCd</io6:constrnTypCd>
              <io6:lastUpgraddYr>0</io6:lastUpgraddYr>
              <io6:flrOfInt>ges:flrOfInt</io6:flrOfInt>
              <io6:mdmContId>0</io6:mdmContId>
              <io6:mdmContCmpntId>0</io6:mdmContCmpntId>
              <io6:mdmHoldgId>0</io6:mdmHoldgId>
              <io6:mdmAddrId>0</io6:mdmAddrId>
              <io6:isAddrStndrdizedIn>ges:isAddrStndrdizedIn</io6:isAddrStndrdizedIn>
              <io6:mdmHoldgStartDt>2001-12-31T12:00:00</io6:mdmHoldgStartDt>
              <io6:propTypCd>0</io6:propTypCd>
              <io6:addr>ges:addr</io6:addr>
              <io6:locNm>ges:locNm</io6:locNm>
              <io6:siteNm>ges:siteNm</io6:siteNm>
              <io6:cntryCd>ges:cntryCd</io6:cntryCd>
              <io6:stCd>ges:stCd</io6:stCd>
              <io6:addrStatDesc>ges:addrStatDesc</io6:addrStatDesc>
              <io6:mtchScore>0</io6:mtchScore>
              <io6:locPrecision>ges:locPrecision</io6:locPrecision>
              <io6:sovLocId>0</io6:sovLocId>
              <io6:prmryBldgIn>ges:prmryBldgIn</io6:prmryBldgIn>
              <io6:graspReviewed>N</io6:graspReviewed>
            </io6:mdmException>
            <io6:pbCrossReferenceInfo>
              <io6:sovLocId>0</io6:sovLocId>
              <io6:geoRsltnLvlId>0</io6:geoRsltnLvlId>
              <io6:mtchky>ges:mtchky</io6:mtchky>
              <io6:addrConfdncPc>0.0</io6:addrConfdncPc>
              <io6:addrXtensn>ges:addrXtensn</io6:addrXtensn>
              <io6:addrStatCd>ges:addrStatCd</io6:addrStatCd>
              <io6:isAddrStndrdizedIn>ges:isAddrStndrdizedIn</io6:isAddrStndrdizedIn>
              <io6:addrStatDesc>ges:addrStatDesc</io6:addrStatDesc>
              <io6:canAr>ges:canAr</io6:canAr>
              <io6:canFloodZn>ges:canFloodZn</io6:canFloodZn>
              <io6:canPrvnc>ges:canPrvnc</io6:canPrvnc>
              <io6:canRiver>ges:canRiver</io6:canRiver>
              <io6:dstnc>ges:dstnc</io6:dstnc>
              <io6:dstncUnit>ges:dstncUnit</io6:dstncUnit>
            </io6:pbCrossReferenceInfo>
            <io6:pbException>
              <io6:langCd>ges:langCd</io6:langCd>
              <io6:ctyNm>ges:ctyNm</io6:ctyNm>
              <io6:postalCd>ges:postalCd</io6:postalCd>
              <io6:stNm>ges:stNm</io6:stNm>
              <io6:addrStatCd>ges:addrStatCd</io6:addrStatCd>
              <io6:dstrctNm>ges:dstrctNm</io6:dstrctNm>
              <io6:cntyNm>ges:cntyNm</io6:cntyNm>
              <io6:lattdInDegrs>ges:lattdInDegrs</io6:lattdInDegrs>
              <io6:lngtdInDegrs>ges:lngtdInDegrs</io6:lngtdInDegrs>
              <io6:coBusUnt>ges:coBusUnt</io6:coBusUnt>
              <io6:cntryNm>ges:cntryNm</io6:cntryNm>
              <io6:geoRsltnLvlId>0</io6:geoRsltnLvlId>
              <io6:mtchky>ges:mtchky</io6:mtchky>
              <io6:addrConfdncPc>0.0</io6:addrConfdncPc>
              <io6:addrLn1>ges:addrLn1</io6:addrLn1>
              <io6:addrLn2>ges:addrLn2</io6:addrLn2>
              <io6:addrLn3>ges:addrLn3</io6:addrLn3>
              <io6:addrLn4>ges:addrLn4</io6:addrLn4>
              <io6:multiMtchCnt>0</io6:multiMtchCnt>
              <io6:geoStat>ges:geoStat</io6:geoStat>
              <io6:geoStatCd>ges:geoStatCd</io6:geoStatCd>
              <io6:geoStatDesc>ges:geoStatDesc</io6:geoStatDesc>
              <io6:mtchSqn>0</io6:mtchSqn>
              <io6:addrStatDesc>ges:addrStatDesc</io6:addrStatDesc>
              <io6:locPrecision>ges:locPrecision</io6:locPrecision>
              <io6:addrStat>ges:addrStat</io6:addrStat>
              <io6:sovLocId>0</io6:sovLocId>
              <io6:canAr>ges:canAr</io6:canAr>
              <io6:canFloodZn>ges:canFloodZn</io6:canFloodZn>
              <io6:canPrvnc>ges:canPrvnc</io6:canPrvnc>
              <io6:canRiver>ges:canRiver</io6:canRiver>
              <io6:canStat>ges:canStat</io6:canStat>
              <io6:canStatCd>ges:canStatCd</io6:canStatCd>
              <io6:canStatDesc>ges:canStatDesc</io6:canStatDesc>
              <io6:crCntryFip>ges:crCntryFip</io6:crCntryFip>
              <io6:crCrestaId>ges:crCrestaId</io6:crCrestaId>
              <io6:crFips>ges:crFips</io6:crFips>
              <io6:crGeocd>ges:crGeocd</io6:crGeocd>
              <io6:crIso3Alph>ges:crIso3Alph</io6:crIso3Alph>
              <io6:crIso3No>ges:crIso3No</io6:crIso3No>
              <io6:crPerlTyp>ges:crPerlTyp</io6:crPerlTyp>
              <io6:crStFips>ges:crStFips</io6:crStFips>
              <io6:crSbIso>ges:crSbIso</io6:crSbIso>
              <io6:crZnNo>ges:crZnNo</io6:crZnNo>
              <io6:crDcmntat>ges:crDcmntat</io6:crDcmntat>
              <io6:crNm>ges:crNm</io6:crNm>
              <io6:crStat>ges:crStat</io6:crStat>
              <io6:crStatCd>ges:crStatCd</io6:crStatCd>
              <io6:crStatDesc>ges:crStatDesc</io6:crStatDesc>
              <io6:crszCntryFip>ges:crszCntryFip</io6:crszCntryFip>
              <io6:crszCrestaId>ges:crszCrestaId</io6:crszCrestaId>
              <io6:crszFips>ges:crszFips</io6:crszFips>
              <io6:crszGeocd>ges:crszGeocd</io6:crszGeocd>
              <io6:crszIso3Alph>ges:crszIso3Alph</io6:crszIso3Alph>
              <io6:crszIso3No>ges:crszIso3No</io6:crszIso3No>
              <io6:crszPerlTyp>ges:crszPerlTyp</io6:crszPerlTyp>
              <io6:crszStFips>ges:crszStFips</io6:crszStFips>
              <io6:crszSbIso>ges:crszSbIso</io6:crszSbIso>
              <io6:crszSznNo>ges:crszSznNo</io6:crszSznNo>
              <io6:crszDcmntat>ges:crszDcmntat</io6:crszDcmntat>
              <io6:crszNm>ges:crszNm</io6:crszNm>
              <io6:crszParZoNum>ges:crszParZoNum</io6:crszParZoNum>
              <io6:crszTyp>ges:crszTyp</io6:crszTyp>
              <io6:crszStat>ges:crszStat</io6:crszStat>
              <io6:crszStatCd>ges:crszStatCd</io6:crszStatCd>
              <io6:crszStatDesc>ges:crszStatDesc</io6:crszStatDesc>
              <io6:addrXtensn>ges:addrXtensn</io6:addrXtensn>
              <io6:nonvlidateColList>ges:nonvlidateColList</io6:nonvlidateColList>
              <io6:dstnc>ges:dstnc</io6:dstnc>
              <io6:dstncUnt>ges:dstncUnt</io6:dstncUnt>
            </io6:pbException>
            <io6:isRequestForUpdate>true</io6:isRequestForUpdate>
          </io5:sovLocation>
        </occurrence>
      </FanOutContext>
      <WTXContext>
        <mapServerLocation>http://tempuri.org</mapServerLocation>
        <dynamicMap>0F00</dynamicMap>
        <mapInstances>
          <mapInstance>0</mapInstance>
          <auditInfo>auditInfo</auditInfo>
        </mapInstances>
      </WTXContext>
    </primitiveContext>
    <shared xmlns:bons3="http://aig.us.com/ges/services/LocationCleansingProcessV2" xmlns:ch="http://aig.com/CommonHeaderV12" xmlns:ges="http://aig.us.com/ges" xmlns:httpsca="http://www.ibm.com/xmlns/prod/websphere/http/sca/6.1.0" xmlns:mq="http://www.ibm.com/xmlns/prod/websphere/mq/sca/6.0.0" xmlns:p="http://GES_Lib_Common/bo" xmlns:tns="http://www.ibm.com/websphere/sibx/smo/v6.0.1" xmlns:tns1="http://aig.us.com/ges/schema" xmlns:tns2="http://www.w3.org/2005/08/addressing" xmlns:tns3="http://www.w3.org/2003/05/soap-envelope" xmlns:tns_1="wsdl.http://aig.us.com/ges/services/LocationCleansingProcessV2" xmlns:wsa="http://schemas.xmlsoap.org/ws/2004/08/addressing" xsi:type="anyType"/>
    <dynamicProperty isPropagated="true">
      <propertySets>
        <group>group</group>
        <properties>
          <name>name</name>
          <value>value</value>
          <type>type</type>
        </properties>
      </propertySets>
    </dynamicProperty>
    <userContext>
      <entries>
        <name>name</name>
        <value xmlns:bons3="http://aig.us.com/ges/services/LocationCleansingProcessV2" xmlns:ch="http://aig.com/CommonHeaderV12" xmlns:ges="http://aig.us.com/ges" xmlns:httpsca="http://www.ibm.com/xmlns/prod/websphere/http/sca/6.1.0" xmlns:mq="http://www.ibm.com/xmlns/prod/websphere/mq/sca/6.0.0" xmlns:p="http://GES_Lib_Common/bo" xmlns:tns="http://www.ibm.com/websphere/sibx/smo/v6.0.1" xmlns:tns1="http://aig.us.com/ges/schema" xmlns:tns2="http://www.w3.org/2005/08/addressing" xmlns:tns3="http://www.w3.org/2003/05/soap-envelope" xmlns:tns_1="wsdl.http://aig.us.com/ges/services/LocationCleansingProcessV2" xmlns:wsa="http://schemas.xmlsoap.org/ws/2004/08/addressing" xsi:type="anyType"/>
        <type>type</type>
      </entries>
    </userContext>
  </context>
  <headers>
    <SMOHeader>
      <MessageUUID>MessageUUID</MessageUUID>
      <Version>
        <Version>0</Version>
        <Release>0</Release>
        <Modification>0</Modification>
      </Version>
      <MessageType>MessageType</MessageType>
      <Operation>Operation</Operation>
      <Action>Action</Action>
      <Target bindingType="NotSet" import="" repositoryMetadata="">
        <address>http://tempuri.org</address>
      </Target>
      <AlternateTarget bindingType="NotSet" import="" repositoryMetadata="">
        <address>http://tempuri.org</address>
      </AlternateTarget>
      <SourceNode>SourceNode</SourceNode>
      <SourceBindingType>NotSet</SourceBindingType>
      <Interface>Interface</Interface>
    </SMOHeader>
    <JMSHeader>
      <JMSDestination>http://tempuri.org</JMSDestination>
      <JMSDeliveryMode>NonPersistent</JMSDeliveryMode>
      <JMSMessageID>JMSMessageID</JMSMessageID>
      <JMSTimestamp>0</JMSTimestamp>
      <JMSCorrelationID>JMSCorrelationID</JMSCorrelationID>
      <JMSReplyTo>http://tempuri.org</JMSReplyTo>
      <JMSRedelivered>true</JMSRedelivered>
      <JMSType>JMSType</JMSType>
      <JMSExpiration>0</JMSExpiration>
      <JMSPriority>0</JMSPriority>
    </JMSHeader>
    <SOAPHeader>
      <nameSpace>http://tempuri.org</nameSpace>
      <name>NCName</name>
      <prefix>NCName</prefix>
      <value xmlns:bons3="http://aig.us.com/ges/services/LocationCleansingProcessV2" xmlns:ch="http://aig.com/CommonHeaderV12" xmlns:ges="http://aig.us.com/ges" xmlns:httpsca="http://www.ibm.com/xmlns/prod/websphere/http/sca/6.1.0" xmlns:mq="http://www.ibm.com/xmlns/prod/websphere/mq/sca/6.0.0" xmlns:p="http://GES_Lib_Common/bo" xmlns:tns="http://www.ibm.com/websphere/sibx/smo/v6.0.1" xmlns:tns1="http://aig.us.com/ges/schema" xmlns:tns2="http://www.w3.org/2005/08/addressing" xmlns:tns3="http://www.w3.org/2003/05/soap-envelope" xmlns:tns_1="wsdl.http://aig.us.com/ges/services/LocationCleansingProcessV2" xmlns:wsa="http://schemas.xmlsoap.org/ws/2004/08/addressing" xsi:type="anyType"/>
    </SOAPHeader>
    <SOAPFaultInfo>
      <faultcode>QName</faultcode>
      <faultstring>faultstring</faultstring>
      <faultactor>http://tempuri.org</faultactor>
      <extendedFaultInfo>
        <Code>
          <io:Value>{http://www.w3.org/2003/05/soap-envelope}DataEncodingUnknown</io:Value>
          <io:Subcode>
            <io:Value>QName</io:Value>
            <tns3:Subcode xmlns:tns3="http://www.w3.org/2003/05/soap-envelope" xmlns:bons3="http://aig.us.com/ges/services/LocationCleansingProcessV2" xmlns:ch="http://aig.com/CommonHeaderV12" xmlns:ges="http://aig.us.com/ges" xmlns:httpsca="http://www.ibm.com/xmlns/prod/websphere/http/sca/6.1.0" xmlns:mq="http://www.ibm.com/xmlns/prod/websphere/mq/sca/6.0.0" xmlns:p="http://GES_Lib_Common/bo" xmlns:tns="http://www.ibm.com/websphere/sibx/smo/v6.0.1" xmlns:tns1="http://aig.us.com/ges/schema" xmlns:tns2="http://www.w3.org/2005/08/addressing" xmlns:tns_1="wsdl.http://aig.us.com/ges/services/LocationCleansingProcessV2" xmlns:wsa="http://schemas.xmlsoap.org/ws/2004/08/addressing"/>
          </io:Subcode>
        </Code>
        <Reason>
          <io:Text xml:lang="">tns3:Text</io:Text>
        </Reason>
        <Node>http://tempuri.org</Node>
        <Role>http://tempuri.org</Role>
      </extendedFaultInfo>
    </SOAPFaultInfo>
    <properties>
      <name>name</name>
      <value>value</value>
      <type>type</type>
    </properties>
    <MQHeader>
      <md>
        <Report>0</Report>
        <MsgType>0</MsgType>
        <Expiry>0</Expiry>
        <Feedback>0</Feedback>
        <Priority>0</Priority>
        <Persistence>0</Persistence>
        <MsgId>0F00</MsgId>
        <CorrelId>0F00</CorrelId>
        <BackoutCount>0</BackoutCount>
        <ReplyToQ>ReplyToQ</ReplyToQ>
        <ReplyToQMgr>ReplyToQMgr</ReplyToQMgr>
        <UserIdentifier>UserIdentifier</UserIdentifier>
        <AccountingToken>0F00</AccountingToken>
        <ApplIdentityData>ApplIdentityData</ApplIdentityData>
        <PutApplType>0</PutApplType>
        <PutApplName>PutApplName</PutApplName>
        <PutDate>PutDate</PutDate>
        <PutTime>PutTime</PutTime>
        <ApplOriginData>ApplOriginData</ApplOriginData>
        <GroupId>0F00</GroupId>
        <MsgSeqNumber>0</MsgSeqNumber>
        <Offset>0</Offset>
        <MsgFlags>0</MsgFlags>
        <OriginalLength>0</OriginalLength>
      </md>
      <control>
        <Encoding>0</Encoding>
        <CodedCharSetId>0</CodedCharSetId>
        <Format>Format</Format>
      </control>
      <header>
        <Encoding>0</Encoding>
        <CodedCharSetId>0</CodedCharSetId>
        <Format>Format</Format>
        <value xmlns:bons3="http://aig.us.com/ges/services/LocationCleansingProcessV2" xmlns:ch="http://aig.com/CommonHeaderV12" xmlns:ges="http://aig.us.com/ges" xmlns:httpsca="http://www.ibm.com/xmlns/prod/websphere/http/sca/6.1.0" xmlns:mq="http://www.ibm.com/xmlns/prod/websphere/mq/sca/6.0.0" xmlns:p="http://GES_Lib_Common/bo" xmlns:tns="http://www.ibm.com/websphere/sibx/smo/v6.0.1" xmlns:tns1="http://aig.us.com/ges/schema" xmlns:tns2="http://www.w3.org/2005/08/addressing" xmlns:tns3="http://www.w3.org/2003/05/soap-envelope" xmlns:tns_1="wsdl.http://aig.us.com/ges/services/LocationCleansingProcessV2" xmlns:wsa="http://schemas.xmlsoap.org/ws/2004/08/addressing" xsi:type="anyType"/>
      </header>
    </MQHeader>
    <HTTPHeader>
      <control>
        <io7:URL>http://tempuri.org</io7:URL>
        <io7:Version>1.0</io7:Version>
        <io7:Method>httpsca:Method</io7:Method>
        <io7:DynamicOverrideURL>http://tempuri.org</io7:DynamicOverrideURL>
        <io7:DynamicOverrideVersion>1.0</io7:DynamicOverrideVersion>
        <io7:DynamicOverrideMethod>httpsca:DynamicOverrideMethod</io7:DynamicOverrideMethod>
        <io7:MediaType>httpsca:MediaType</io7:MediaType>
        <io7:Charset>httpsca:Charset</io7:Charset>
        <io7:TransferEncoding>httpsca:TransferEncoding</io7:TransferEncoding>
        <io7:ContentEncoding>httpsca:ContentEncoding</io7:ContentEncoding>
        <io7:StatusCode>0</io7:StatusCode>
        <io7:ReasonPhrase>httpsca:ReasonPhrase</io7:ReasonPhrase>
        <io7:ContentLength>0</io7:ContentLength>
        <io7:ExportContextPath>httpsca:ExportContextPath</io7:ExportContextPath>
        <io7:Authentication>
          <io7:credentials>
            <io7:userId>httpsca:userId</io7:userId>
            <io7:password>httpsca:password</io7:password>
          </io7:credentials>
          <io7:authenticationType>Basic</io7:authenticationType>
        </io7:Authentication>
        <io7:SSLSettings>
          <io7:SSLVersion>SSL</io7:SSLVersion>
          <io7:SSLDebug>false</io7:SSLDebug>
          <io7:KeyStoreType>JKS</io7:KeyStoreType>
          <io7:TrustStoreType>JKS</io7:TrustStoreType>
          <io7:KeyStore>httpsca:KeyStore</io7:KeyStore>
          <io7:KeyStoreAlias>httpsca:KeyStoreAlias</io7:KeyStoreAlias>
          <io7:KeyStorePassword>httpsca:KeyStorePassword</io7:KeyStorePassword>
          <io7:TrustStore>httpsca:TrustStore</io7:TrustStore>
          <io7:TrustStorePassword>httpsca:TrustStorePassword</io7:TrustStorePassword>
          <io7:UseClientAuth>false</io7:UseClientAuth>
        </io7:SSLSettings>
        <io7:ProxySettings>
          <io7:proxyHost>httpsca:proxyHost</io7:proxyHost>
          <io7:proxyPort>0</io7:proxyPort>
          <io7:proxyType>http</io7:proxyType>
          <io7:proxyCredentials>
            <io7:userId>httpsca:userId</io7:userId>
            <io7:password>httpsca:password</io7:password>
          </io7:proxyCredentials>
          <io7:nonProxyHost>httpsca:nonProxyHost</io7:nonProxyHost>
        </io7:ProxySettings>
      </control>
      <header>
        <io7:name>httpsca:name</io7:name>
        <io7:value>httpsca:value</io7:value>
      </header>
    </HTTPHeader>
    <EISHeader>
      <EISInteractionSpec xmlns:bons3="http://aig.us.com/ges/services/LocationCleansingProcessV2" xmlns:ch="http://aig.com/CommonHeaderV12" xmlns:ges="http://aig.us.com/ges" xmlns:httpsca="http://www.ibm.com/xmlns/prod/websphere/http/sca/6.1.0" xmlns:mq="http://www.ibm.com/xmlns/prod/websphere/mq/sca/6.0.0" xmlns:p="http://GES_Lib_Common/bo" xmlns:tns="http://www.ibm.com/websphere/sibx/smo/v6.0.1" xmlns:tns1="http://aig.us.com/ges/schema" xmlns:tns2="http://www.w3.org/2005/08/addressing" xmlns:tns3="http://www.w3.org/2003/05/soap-envelope" xmlns:tns_1="wsdl.http://aig.us.com/ges/services/LocationCleansingProcessV2" xmlns:wsa="http://schemas.xmlsoap.org/ws/2004/08/addressing" xsi:type="anyType"/>
      <EISConnectionSpec xmlns:bons3="http://aig.us.com/ges/services/LocationCleansingProcessV2" xmlns:ch="http://aig.com/CommonHeaderV12" xmlns:ges="http://aig.us.com/ges" xmlns:httpsca="http://www.ibm.com/xmlns/prod/websphere/http/sca/6.1.0" xmlns:mq="http://www.ibm.com/xmlns/prod/websphere/mq/sca/6.0.0" xmlns:p="http://GES_Lib_Common/bo" xmlns:tns="http://www.ibm.com/websphere/sibx/smo/v6.0.1" xmlns:tns1="http://aig.us.com/ges/schema" xmlns:tns2="http://www.w3.org/2005/08/addressing" xmlns:tns3="http://www.w3.org/2003/05/soap-envelope" xmlns:tns_1="wsdl.http://aig.us.com/ges/services/LocationCleansingProcessV2" xmlns:wsa="http://schemas.xmlsoap.org/ws/2004/08/addressing" xsi:type="anyType"/>
    </EISHeader>
    <WSAHeader version="http://www.w3.org/2005/08/addressing">
      <io9:To>http://tempuri.org</io9:To>
      <ReferenceParameters/>
      <io9:From>
        <io9:Address>http://tempuri.org</io9:Address>
        <io9:ReferenceParameters/>
        <io9:Metadata/>
      </io9:From>
      <io9:ReplyTo>
        <io9:Address>http://tempuri.org</io9:Address>
        <io9:ReferenceParameters/>
        <io9:Metadata/>
      </io9:ReplyTo>
      <io9:FaultTo>
        <io9:Address>http://tempuri.org</io9:Address>
        <io9:ReferenceParameters/>
        <io9:Metadata/>
      </io9:FaultTo>
      <io9:Action>http://tempuri.org</io9:Action>
      <io9:MessageID>http://tempuri.org</io9:MessageID>
      <io9:RelatesTo RelationshipType="http://www.w3.org/2005/08/addressing/reply">http://tempuri.org</io9:RelatesTo>
    </WSAHeader>
  </headers>
  <body xsi:type="out2:handleRuntimeExceptionsRequestMsg">
    <out:handleRuntimeExceptions>
      <handleRuntimeExceptionsRequest>
        <io5:gesFaults>
          <io5:faultCode>GES-SYS-ERROR</io5:faultCode>
          <io5:faultString>Data Cleansing Failed for Location</io5:faultString>
          <io5:faultOrigin>Cleansing Incomplete</io5:faultOrigin>
        </io5:gesFaults>
        <io5:sovLocationId>0</io5:sovLocationId>
      </handleRuntimeExceptionsRequest>
    </out:handleRuntimeExceptions>
  </body>
  <attachments>
    <contentID>http://tempuri.org</contentID>
    <contentType>token</contentType>
    <data>MA==</data>
  </attachments>
</io2:smo>