<?xml version="1.0" encoding="UTF-8"?>
<tns:smo xmlns:bons3="http://aig.us.com/ges/services/LocationCleansingProcessV2" xmlns:ch="http://aig.com/CommonHeaderV12" xmlns:ges="http://aig.us.com/ges" xmlns:httpsca="http://www.ibm.com/xmlns/prod/websphere/http/sca/6.1.0" xmlns:mq="http://www.ibm.com/xmlns/prod/websphere/mq/sca/6.0.0" xmlns:p="http://GES_Lib_Common/bo" xmlns:tns="http://www.ibm.com/websphere/sibx/smo/v6.0.1" xmlns:tns1="http://aig.us.com/ges/schema" xmlns:tns2="http://www.w3.org/2005/08/addressing" xmlns:tns3="http://www.w3.org/2003/05/soap-envelope" xmlns:tns_1="wsdl.http://aig.us.com/ges/services/LocationCleansingProcessV2" xmlns:wsa="http://schemas.xmlsoap.org/ws/2004/08/addressing" xmlns:xsi="http://www.w3.org/2001/XMLSchema-instance" xsi:schemaLocation="http://www.ibm.com/websphere/sibx/smo/v6.0.1 foo.xsd ">
  <context>
    <correlation>
      <errorCode>errorCode</errorCode>
    </correlation>
    <transient xsi:type="anyType"/>
    <failInfo tns:lang="">
      <failureString>failureString</failureString>
      <origin>origin</origin>
      <invocationPath>
        <primitive inTerminal="" name="" outTerminal=""/>
      </invocationPath>
      <predecessor tns:lang=""/>
    </failInfo>
    <primitiveContext>
      <EndpointLookupContext>
        <endpointReference>
          <wsa:Address>http://tempuri.org</wsa:Address>
          <wsa:ReferenceProperties/>
          <wsa:ReferenceParameters/>
          <wsa:PortType>QName</wsa:PortType>
          <wsa:ServiceName PortName="NCName">QName</wsa:ServiceName>
        </endpointReference>
        <registryAnnotations>
          <property>
            <name>name</name>
            <value>value</value>
          </property>
          <classification>http://tempuri.org</classification>
          <relationship>
            <relationshipName>relationshipName</relationshipName>
            <targetName>targetName</targetName>
            <targetNamespace>http://tempuri.org</targetNamespace>
            <targetVersion>targetVersion</targetVersion>
          </relationship>
        </registryAnnotations>
      </EndpointLookupContext>
      <FanOutContext>
        <iteration>0</iteration>
        <occurrence>
          <tns1:sovLocation>
            <ges:version>ges:version</ges:version>
            <ges:sovLocId>0</ges:sovLocId>
            <ges:matchScore>0</ges:matchScore>
            <ges:agreementRequestId name="Policy Number">ges:agreementRequestId</ges:agreementRequestId>
            <ges:structure>
              <ges:structureId>0</ges:structureId>
              <ges:typeId>0</ges:typeId>
              <ges:physObjectId>0</ges:physObjectId>
              <ges:constructionType>
                <ges:constrnTypCd>ges:constrnTypCd</ges:constrnTypCd>
                <ges:constrnTypDs>ges:constrnTypDs</ges:constrnTypDs>
                <ges:constrnTypId>0</ges:constrnTypId>
                <ges:clsfctnScheme>ges:clsfctnScheme</ges:clsfctnScheme>
              </ges:constructionType>
              <ges:occupationType>
                <ges:ocptnTypCd>ges:ocptnTypCd</ges:ocptnTypCd>
                <ges:ocptnTypDs>ges:ocptnTypDs</ges:ocptnTypDs>
                <ges:ocptnTypId>0</ges:ocptnTypId>
                <ges:clsfctnScheme>ges:clsfctnScheme</ges:clsfctnScheme>
              </ges:occupationType>
              <ges:structureType>ges:structureType</ges:structureType>
              <ges:name>ges:name</ges:name>
              <ges:description>ges:description</ges:description>
              <ges:basicDataIncomplete>ges:basicDataIncomplete</ges:basicDataIncomplete>
              <ges:populationInfoId>0</ges:populationInfoId>
              <ges:effectiveFromDate>2001-01-01</ges:effectiveFromDate>
              <ges:effectiveToDate>2001-01-01</ges:effectiveToDate>
              <ges:xtrnlRefNo>ges:xtrnlRefNo</ges:xtrnlRefNo>
              <ges:noOfRsks>0</ges:noOfRsks>
              <ges:bldgValAm>0.0</ges:bldgValAm>
              <ges:cntntsValAm>0.0</ges:cntntsValAm>
              <ges:biValAm>0.0</ges:biValAm>
              <ges:totalPropertyDamageValueAm>0.0</ges:totalPropertyDamageValueAm>
              <ges:totalSumInsuredValueAm>0.0</ges:totalSumInsuredValueAm>
              <ges:flrAr>ges:flrAr</ges:flrAr>
              <ges:flrArUom>ges:flrArUom</ges:flrArUom>
              <ges:bltYr>0</ges:bltYr>
              <ges:noOfStories>0</ges:noOfStories>
              <ges:bldgHght>ges:bldgHght</ges:bldgHght>
              <ges:bldgHghtUom>ges:bldgHghtUom</ges:bldgHghtUom>
              <ges:lastUpgraddYr>0</ges:lastUpgraddYr>
              <ges:flrOfInt>ges:flrOfInt</ges:flrOfInt>
              <ges:constrnTypTx>ges:constrnTypTx</ges:constrnTypTx>
              <ges:ocptnTypTx>ges:ocptnTypTx</ges:ocptnTypTx>
              <ges:currntVersnFl>ges:currntVersnFl</ges:currntVersnFl>
              <ges:creatTs>2001-12-31T12:00:00</ges:creatTs>
              <ges:creatUsrId>ges:creatUsrId</ges:creatUsrId>
              <ges:updTs>2001-12-31T12:00:00</ges:updTs>
              <ges:updUsrId>ges:updUsrId</ges:updUsrId>
              <ges:srcFileNm>ges:srcFileNm</ges:srcFileNm>
              <ges:siteNm>ges:siteNm</ges:siteNm>
              <ges:coNmBusUnt>ges:coNmBusUnt</ges:coNmBusUnt>
              <ges:prmryBldgIn>ges:prmryBldgIn</ges:prmryBldgIn>
              <ges:currency>
                <ges:crncyCd>ges:crncyCd</ges:crncyCd>
                <ges:crncyDs>ges:crncyDs</ges:crncyDs>
                <ges:efctvDt>2001-01-01</ges:efctvDt>
                <ges:isoAlphCrncyCd>ges:isoAlphCrncyCd</ges:isoAlphCrncyCd>
                <ges:crncyId>0</ges:crncyId>
                <ges:isoNmrcCrncyCd>0</ges:isoNmrcCrncyCd>
                <ges:currencyExchangeRate>
                  <ges:fromCrncyId>0</ges:fromCrncyId>
                  <ges:toCrncyId>0</ges:toCrncyId>
                  <ges:cnvrsnRt>0.0</ges:cnvrsnRt>
                  <ges:cnvrsnDt>2001-01-01</ges:cnvrsnDt>
                  <ges:rtTypIn>ges:rtTypIn</ges:rtTypIn>
                  <ges:xchngRtId>0</ges:xchngRtId>
                </ges:currencyExchangeRate>
              </ges:currency>
              <ges:structureSecModifier>
                <ges:StructureSecModifier>
                  <ges:name name="">ges:name</ges:name>
                  <ges:scheme>ges:scheme</ges:scheme>
                  <ges:cdId>0</ges:cdId>
                  <ges:cdVal>ges:cdVal</ges:cdVal>
                  <ges:cdLabel>ges:cdLabel</ges:cdLabel>
                  <ges:cdGrpVal>ges:cdGrpVal</ges:cdGrpVal>
                  <ges:cdGrpLabel>ges:cdGrpLabel</ges:cdGrpLabel>
                </ges:StructureSecModifier>
              </ges:structureSecModifier>
              <ges:sic3DCd>0</ges:sic3DCd>
              <ges:sic4DCd>0</ges:sic4DCd>
              <ges:sicGroup>ges:sicGroup</ges:sicGroup>
              <ges:sicDesc>ges:sicDesc</ges:sicDesc>
              <ges:uwtngMngmtAdjsmt>ges:uwtngMngmtAdjsmt</ges:uwtngMngmtAdjsmt>
              <ges:graspLocId>ges:graspLocId</ges:graspLocId>
              <ges:aeNm>ges:aeNm</ges:aeNm>
              <ges:sentForITV>true</ges:sentForITV>
              <ges:ITVValtnDt>2001-01-01</ges:ITVValtnDt>
              <ges:chngPct>0.0</ges:chngPct>
              <ges:DQI>0.0</ges:DQI>
              <ges:strValtnId>0</ges:strValtnId>
              <ges:TEVal>0.0</ges:TEVal>
              <ges:ttl>0.0</ges:ttl>
              <ges:typId>0</ges:typId>
              <ges:LocationCoverages>
                <ges:LoationCoverage>
                  <ges:Coverage>
                    <ges:AttributeNm>ges:AttributeNm</ges:AttributeNm>
                    <ges:categoryId>0</ges:categoryId>
                    <ges:typId>0</ges:typId>
                    <ges:typNm>ges:typNm</ges:typNm>
                    <ges:source>ges:source</ges:source>
                  </ges:Coverage>
                  <ges:CoverageValue>
                    <ges:DecimalValue>0.0</ges:DecimalValue>
                    <ges:Unit>ges:Unit</ges:Unit>
                  </ges:CoverageValue>
                </ges:LoationCoverage>
              </ges:LocationCoverages>
              <ges:LocationNonCoverages>
                <ges:LocationNonCoverage>
                  <ges:Coverage>
                    <ges:AttributeNm>ges:AttributeNm</ges:AttributeNm>
                    <ges:categoryId>0</ges:categoryId>
                    <ges:typId>0</ges:typId>
                    <ges:typNm>ges:typNm</ges:typNm>
                    <ges:source>ges:source</ges:source>
                  </ges:Coverage>
                  <ges:CoverageValue>
                    <ges:DecimalValue>0.0</ges:DecimalValue>
                    <ges:Unit>ges:Unit</ges:Unit>
                  </ges:CoverageValue>
                </ges:LocationNonCoverage>
              </ges:LocationNonCoverages>
              <ges:SiteCampusId>ges:SiteCampusId</ges:SiteCampusId>
            </ges:structure>
            <ges:physicalObject>
              <ges:physObjectId>0</ges:physObjectId>
              <ges:typeId>0</ges:typeId>
              <ges:populationInfoId>0</ges:populationInfoId>
              <ges:creatTs>2001-12-31T12:00:00</ges:creatTs>
              <ges:creatUsrId>ges:creatUsrId</ges:creatUsrId>
              <ges:updTs>2001-12-31T12:00:00</ges:updTs>
              <ges:updUsrId>ges:updUsrId</ges:updUsrId>
              <ges:graspInfo>
                <ges:engnrgBldgVal>0.0</ges:engnrgBldgVal>
                <ges:engnrgMachryVal>0.0</ges:engnrgMachryVal>
                <ges:ibi>0.0</ges:ibi>
                <ges:floodZnWithinPropLn>ges:floodZnWithinPropLn</ges:floodZnWithinPropLn>
                <ges:floodZn1000ftFromPropLn>ges:floodZn1000ftFromPropLn</ges:floodZn1000ftFromPropLn>
                <ges:surgeXpsr>ges:surgeXpsr</ges:surgeXpsr>
                <ges:hailstormXpsr>ges:hailstormXpsr</ges:hailstormXpsr>
                <ges:snowLodXpsr>ges:snowLodXpsr</ges:snowLodXpsr>
                <ges:othCatXpsr>ges:othCatXpsr</ges:othCatXpsr>
                <ges:engnrgOvrrdHzrdGrd>ges:engnrgOvrrdHzrdGrd</ges:engnrgOvrrdHzrdGrd>
                <ges:ovrlHeRtg>0.0</ges:ovrlHeRtg>
                <ges:locRskRtgFire>0.0</ges:locRskRtgFire>
                <ges:locRskRtgCat>0.0</ges:locRskRtgCat>
                <ges:locRskRtgCompst>0.0</ges:locRskRtgCompst>
                <ges:ttlOcpdBldgAr>0.0</ges:ttlOcpdBldgAr>
                <ges:ttlOcpdStories>0</ges:ttlOcpdStories>
                <ges:adqtAutmtcSprnklrsPct>0.0</ges:adqtAutmtcSprnklrsPct>
                <ges:neededAutmtcSprnklrsPct>0.0</ges:neededAutmtcSprnklrsPct>
                <ges:autmtcSprnklrsPct>0.0</ges:autmtcSprnklrsPct>
                <ges:predominantConstrnCls>ges:predominantConstrnCls</ges:predominantConstrnCls>
                <ges:predominantPrtctnCls>ges:predominantPrtctnCls</ges:predominantPrtctnCls>
                <ges:surgeTtlLe>0.0</ges:surgeTtlLe>
                <ges:floodTtlLe100Yr>0.0</ges:floodTtlLe100Yr>
                <ges:floodTtlLe500Yr>0.0</ges:floodTtlLe500Yr>
                <ges:floodTtlLe>0.0</ges:floodTtlLe>
                <ges:floodTtlMfl>0.0</ges:floodTtlMfl>
                <ges:wndTtlLe100Yr>0.0</ges:wndTtlLe100Yr>
                <ges:wndTtlLe500Yr>ges:wndTtlLe500Yr</ges:wndTtlLe500Yr>
                <ges:wndTtlNle>0.0</ges:wndTtlNle>
                <ges:eqLe>0.0</ges:eqLe>
                <ges:ttlMfl>0.0</ges:ttlMfl>
                <ges:ttlEml>0.0</ges:ttlEml>
                <ges:ttlPml>0.0</ges:ttlPml>
                <ges:ttlMas>0.0</ges:ttlMas>
                <ges:ttlNle>0.0</ges:ttlNle>
                <ges:ttlLe>0.0</ges:ttlLe>
                <ges:ttlObjLos>0.0</ges:ttlObjLos>
                <ges:locCls>ges:locCls</ges:locCls>
                <ges:fireIndx>ges:fireIndx</ges:fireIndx>
                <ges:xplosnIndx>ges:xplosnIndx</ges:xplosnIndx>
                <ges:xplosnRskAdqtlyEngnred>ges:xplosnRskAdqtlyEngnred</ges:xplosnRskAdqtlyEngnred>
                <ges:fldDesktpAsesd>ges:fldDesktpAsesd</ges:fldDesktpAsesd>
                <ges:engnrgSrc>ges:engnrgSrc</ges:engnrgSrc>
                <ges:graspCntntVal>0.0</ges:graspCntntVal>
                <ges:graspTmElmntVal>0.0</ges:graspTmElmntVal>
                <ges:graspTpdVal>0.0</ges:graspTpdVal>
                <ges:graspLat>0.0</ges:graspLat>
                <ges:graspLng>0.0</ges:graspLng>
                <ges:graspPrecisionCd>0.0</ges:graspPrecisionCd>
              </ges:graspInfo>
            </ges:physicalObject>
            <ges:actvIn>ges:actvIn</ges:actvIn>
            <ges:effectiveFromDate>2001-01-01</ges:effectiveFromDate>
            <ges:effectiveToDate>2001-01-01</ges:effectiveToDate>
            <ges:geographicArea>
              <ges:ggrphcArId>0</ges:ggrphcArId>
              <ges:typNm>ges:typNm</ges:typNm>
              <ges:vlidFromTs>2001-12-31T12:00:00</ges:vlidFromTs>
              <ges:vlidToTs>2001-12-31T12:00:00</ges:vlidToTs>
              <ges:ctyNm>ges:ctyNm</ges:ctyNm>
              <ges:addr>ges:addr</ges:addr>
              <ges:postalCd>ges:postalCd</ges:postalCd>
              <ges:stNm>ges:stNm</ges:stNm>
              <ges:dstrctNm>ges:dstrctNm</ges:dstrctNm>
              <ges:cntyNm>ges:cntyNm</ges:cntyNm>
              <ges:lattdInDegrs>ges:lattdInDegrs</ges:lattdInDegrs>
              <ges:lngtdInDegrs>ges:lngtdInDegrs</ges:lngtdInDegrs>
              <ges:cntryNm>ges:cntryNm</ges:cntryNm>
              <ges:langCd>ges:langCd</ges:langCd>
              <ges:geoRsltnLvlId>0</ges:geoRsltnLvlId>
              <ges:addrConfdncPc>0.0</ges:addrConfdncPc>
              <ges:addrXtensn>ges:addrXtensn</ges:addrXtensn>
              <ges:isAddrStndrdizedIn>ges:isAddrStndrdizedIn</ges:isAddrStndrdizedIn>
              <ges:locPrecision>ges:locPrecision</ges:locPrecision>
              <ges:crestaZone>
                <ges:crestaZnId>0</ges:crestaZnId>
                <ges:crCntryFip>ges:crCntryFip</ges:crCntryFip>
                <ges:crCrestaId>ges:crCrestaId</ges:crCrestaId>
                <ges:crFips>ges:crFips</ges:crFips>
                <ges:crGeocd>ges:crGeocd</ges:crGeocd>
                <ges:crIso3Alph>ges:crIso3Alph</ges:crIso3Alph>
                <ges:crIso3No>ges:crIso3No</ges:crIso3No>
                <ges:crPerlTyp>ges:crPerlTyp</ges:crPerlTyp>
                <ges:crStFips>ges:crStFips</ges:crStFips>
                <ges:crSbIso>ges:crSbIso</ges:crSbIso>
                <ges:crZnNo>ges:crZnNo</ges:crZnNo>
                <ges:crDcmntat>ges:crDcmntat</ges:crDcmntat>
                <ges:crNm>ges:crNm</ges:crNm>
                <ges:geographicArea/>
              </ges:crestaZone>
              <ges:subcrestaZone>
                <ges:crszCntryFip>ges:crszCntryFip</ges:crszCntryFip>
                <ges:crszCrestaId>ges:crszCrestaId</ges:crszCrestaId>
                <ges:crszFips>ges:crszFips</ges:crszFips>
                <ges:crszGeocd>ges:crszGeocd</ges:crszGeocd>
                <ges:crszIso3Alph>ges:crszIso3Alph</ges:crszIso3Alph>
                <ges:crszIso3No>ges:crszIso3No</ges:crszIso3No>
                <ges:crszPerlTyp>ges:crszPerlTyp</ges:crszPerlTyp>
                <ges:crszStFips>ges:crszStFips</ges:crszStFips>
                <ges:crszSbIso>ges:crszSbIso</ges:crszSbIso>
                <ges:crszSznNo>ges:crszSznNo</ges:crszSznNo>
                <ges:crszDcmntat>ges:crszDcmntat</ges:crszDcmntat>
                <ges:crszNm>ges:crszNm</ges:crszNm>
                <ges:crszParZoNum>ges:crszParZoNum</ges:crszParZoNum>
                <ges:crszTyp>ges:crszTyp</ges:crszTyp>
                <ges:sbcrestaZnId>0</ges:sbcrestaZnId>
                <ges:geographicArea/>
              </ges:subcrestaZone>
              <ges:cntryId>0</ges:cntryId>
              <ges:placeId>0</ges:placeId>
              <ges:basicdataIncomplete>ges:basicdataIncomplete</ges:basicdataIncomplete>
              <ges:addr2>ges:addr2</ges:addr2>
              <ges:blok>ges:blok</ges:blok>
              <ges:blokGrp>ges:blokGrp</ges:blokGrp>
              <ges:geoCdId>0</ges:geoCdId>
              <ges:geoCdTyId>0</ges:geoCdTyId>
              <ges:geoCdTyNm>ges:geoCdTyNm</ges:geoCdTyNm>
              <ges:LocationHazards>
                <ges:LocationHazard>
                  <ges:Coverage>
                    <ges:AttributeNm>ges:AttributeNm</ges:AttributeNm>
                    <ges:categoryId>0</ges:categoryId>
                    <ges:typId>0</ges:typId>
                    <ges:typNm>ges:typNm</ges:typNm>
                    <ges:source>ges:source</ges:source>
                  </ges:Coverage>
                  <ges:CoverageValue>
                    <ges:DecimalValue>0.0</ges:DecimalValue>
                    <ges:Unit>ges:Unit</ges:Unit>
                  </ges:CoverageValue>
                  <ges:HazardId>0</ges:HazardId>
                  <ges:LookUpId>0</ges:LookUpId>
                </ges:LocationHazard>
              </ges:LocationHazards>
            </ges:geographicArea>
            <ges:autoAugmentIn>ges:autoAugmentIn</ges:autoAugmentIn>
            <ges:esbCrossReferenceInfo>
              <ges:prcsngStatCd>ges:prcsngStatCd</ges:prcsngStatCd>
              <ges:prcsngStatTs>2001-12-31T12:00:00</ges:prcsngStatTs>
              <ges:retryCnt>0</ges:retryCnt>
              <ges:sovLocId>0</ges:sovLocId>
              <ges:errMsg>ges:errMsg</ges:errMsg>
              <ges:augmentStatIn>ges:augmentStatIn</ges:augmentStatIn>
            </ges:esbCrossReferenceInfo>
            <ges:mdmCrossReferenceInfo>
              <ges:mdmContId>ges:mdmContId</ges:mdmContId>
              <ges:mdmContCmpntId>ges:mdmContCmpntId</ges:mdmContCmpntId>
              <ges:mdmHoldgId>ges:mdmHoldgId</ges:mdmHoldgId>
              <ges:mdmAddrId>ges:mdmAddrId</ges:mdmAddrId>
              <ges:sovLocId>ges:sovLocId</ges:sovLocId>
              <ges:graspReviewed>N</ges:graspReviewed>
            </ges:mdmCrossReferenceInfo>
            <ges:mdmException>
              <ges:langCd>ges:langCd</ges:langCd>
              <ges:ctyNm>ges:ctyNm</ges:ctyNm>
              <ges:postalCd>ges:postalCd</ges:postalCd>
              <ges:stNm>ges:stNm</ges:stNm>
              <ges:addrStatCd>ges:addrStatCd</ges:addrStatCd>
              <ges:dstrctNm>ges:dstrctNm</ges:dstrctNm>
              <ges:cntyNm>ges:cntyNm</ges:cntyNm>
              <ges:lattdInDegrs>ges:lattdInDegrs</ges:lattdInDegrs>
              <ges:lngtdInDegrs>ges:lngtdInDegrs</ges:lngtdInDegrs>
              <ges:coBusUnt>ges:coBusUnt</ges:coBusUnt>
              <ges:cntryNm>ges:cntryNm</ges:cntryNm>
              <ges:geoRsltnLvlId>0</ges:geoRsltnLvlId>
              <ges:mtchky>ges:mtchky</ges:mtchky>
              <ges:addrConfdncPc>0.0</ges:addrConfdncPc>
              <ges:addrLn1>ges:addrLn1</ges:addrLn1>
              <ges:addrLn2>ges:addrLn2</ges:addrLn2>
              <ges:addrLn3>ges:addrLn3</ges:addrLn3>
              <ges:addrXtensn>ges:addrXtensn</ges:addrXtensn>
              <ges:pbLocId>ges:pbLocId</ges:pbLocId>
              <ges:geoStat>ges:geoStat</ges:geoStat>
              <ges:geoStatCd>ges:geoStatCd</ges:geoStatCd>
              <ges:geoStatDesc>ges:geoStatDesc</ges:geoStatDesc>
              <ges:dplctSqn>0</ges:dplctSqn>
              <ges:flrAr>ges:flrAr</ges:flrAr>
              <ges:flrArUom>ges:flrArUom</ges:flrArUom>
              <ges:occupancyScheme>ges:occupancyScheme</ges:occupancyScheme>
              <ges:occupancyTypCd>ges:occupancyTypCd</ges:occupancyTypCd>
              <ges:bltYr>0</ges:bltYr>
              <ges:noOfRsks>0</ges:noOfRsks>
              <ges:noOfStories>0</ges:noOfStories>
              <ges:bldgHght>0</ges:bldgHght>
              <ges:bldgHghtUom>ges:bldgHghtUom</ges:bldgHghtUom>
              <ges:constrnSchemeCd>ges:constrnSchemeCd</ges:constrnSchemeCd>
              <ges:constrnTypCd>ges:constrnTypCd</ges:constrnTypCd>
              <ges:lastUpgraddYr>0</ges:lastUpgraddYr>
              <ges:flrOfInt>ges:flrOfInt</ges:flrOfInt>
              <ges:mdmContId>0</ges:mdmContId>
              <ges:mdmContCmpntId>0</ges:mdmContCmpntId>
              <ges:mdmHoldgId>0</ges:mdmHoldgId>
              <ges:mdmAddrId>0</ges:mdmAddrId>
              <ges:isAddrStndrdizedIn>ges:isAddrStndrdizedIn</ges:isAddrStndrdizedIn>
              <ges:mdmHoldgStartDt>2001-12-31T12:00:00</ges:mdmHoldgStartDt>
              <ges:propTypCd>0</ges:propTypCd>
              <ges:addr>ges:addr</ges:addr>
              <ges:locNm>ges:locNm</ges:locNm>
              <ges:siteNm>ges:siteNm</ges:siteNm>
              <ges:cntryCd>ges:cntryCd</ges:cntryCd>
              <ges:stCd>ges:stCd</ges:stCd>
              <ges:addrStatDesc>ges:addrStatDesc</ges:addrStatDesc>
              <ges:mtchScore>0</ges:mtchScore>
              <ges:locPrecision>ges:locPrecision</ges:locPrecision>
              <ges:sovLocId>0</ges:sovLocId>
              <ges:prmryBldgIn>ges:prmryBldgIn</ges:prmryBldgIn>
              <ges:graspReviewed>N</ges:graspReviewed>
            </ges:mdmException>
            <ges:pbCrossReferenceInfo>
              <ges:sovLocId>0</ges:sovLocId>
              <ges:geoRsltnLvlId>0</ges:geoRsltnLvlId>
              <ges:mtchky>ges:mtchky</ges:mtchky>
              <ges:addrConfdncPc>0.0</ges:addrConfdncPc>
              <ges:addrXtensn>ges:addrXtensn</ges:addrXtensn>
              <ges:addrStatCd>ges:addrStatCd</ges:addrStatCd>
              <ges:isAddrStndrdizedIn>ges:isAddrStndrdizedIn</ges:isAddrStndrdizedIn>
              <ges:addrStatDesc>ges:addrStatDesc</ges:addrStatDesc>
              <ges:canAr>ges:canAr</ges:canAr>
              <ges:canFloodZn>ges:canFloodZn</ges:canFloodZn>
              <ges:canPrvnc>ges:canPrvnc</ges:canPrvnc>
              <ges:canRiver>ges:canRiver</ges:canRiver>
              <ges:dstnc>ges:dstnc</ges:dstnc>
              <ges:dstncUnit>ges:dstncUnit</ges:dstncUnit>
            </ges:pbCrossReferenceInfo>
            <ges:pbException>
              <ges:langCd>ges:langCd</ges:langCd>
              <ges:ctyNm>ges:ctyNm</ges:ctyNm>
              <ges:postalCd>ges:postalCd</ges:postalCd>
              <ges:stNm>ges:stNm</ges:stNm>
              <ges:addrStatCd>ges:addrStatCd</ges:addrStatCd>
              <ges:dstrctNm>ges:dstrctNm</ges:dstrctNm>
              <ges:cntyNm>ges:cntyNm</ges:cntyNm>
              <ges:lattdInDegrs>ges:lattdInDegrs</ges:lattdInDegrs>
              <ges:lngtdInDegrs>ges:lngtdInDegrs</ges:lngtdInDegrs>
              <ges:coBusUnt>ges:coBusUnt</ges:coBusUnt>
              <ges:cntryNm>ges:cntryNm</ges:cntryNm>
              <ges:geoRsltnLvlId>0</ges:geoRsltnLvlId>
              <ges:mtchky>ges:mtchky</ges:mtchky>
              <ges:addrConfdncPc>0.0</ges:addrConfdncPc>
              <ges:addrLn1>ges:addrLn1</ges:addrLn1>
              <ges:addrLn2>ges:addrLn2</ges:addrLn2>
              <ges:addrLn3>ges:addrLn3</ges:addrLn3>
              <ges:addrLn4>ges:addrLn4</ges:addrLn4>
              <ges:multiMtchCnt>0</ges:multiMtchCnt>
              <ges:geoStat>ges:geoStat</ges:geoStat>
              <ges:geoStatCd>ges:geoStatCd</ges:geoStatCd>
              <ges:geoStatDesc>ges:geoStatDesc</ges:geoStatDesc>
              <ges:mtchSqn>0</ges:mtchSqn>
              <ges:addrStatDesc>ges:addrStatDesc</ges:addrStatDesc>
              <ges:locPrecision>ges:locPrecision</ges:locPrecision>
              <ges:addrStat>ges:addrStat</ges:addrStat>
              <ges:sovLocId>0</ges:sovLocId>
              <ges:canAr>ges:canAr</ges:canAr>
              <ges:canFloodZn>ges:canFloodZn</ges:canFloodZn>
              <ges:canPrvnc>ges:canPrvnc</ges:canPrvnc>
              <ges:canRiver>ges:canRiver</ges:canRiver>
              <ges:canStat>ges:canStat</ges:canStat>
              <ges:canStatCd>ges:canStatCd</ges:canStatCd>
              <ges:canStatDesc>ges:canStatDesc</ges:canStatDesc>
              <ges:crCntryFip>ges:crCntryFip</ges:crCntryFip>
              <ges:crCrestaId>ges:crCrestaId</ges:crCrestaId>
              <ges:crFips>ges:crFips</ges:crFips>
              <ges:crGeocd>ges:crGeocd</ges:crGeocd>
              <ges:crIso3Alph>ges:crIso3Alph</ges:crIso3Alph>
              <ges:crIso3No>ges:crIso3No</ges:crIso3No>
              <ges:crPerlTyp>ges:crPerlTyp</ges:crPerlTyp>
              <ges:crStFips>ges:crStFips</ges:crStFips>
              <ges:crSbIso>ges:crSbIso</ges:crSbIso>
              <ges:crZnNo>ges:crZnNo</ges:crZnNo>
              <ges:crDcmntat>ges:crDcmntat</ges:crDcmntat>
              <ges:crNm>ges:crNm</ges:crNm>
              <ges:crStat>ges:crStat</ges:crStat>
              <ges:crStatCd>ges:crStatCd</ges:crStatCd>
              <ges:crStatDesc>ges:crStatDesc</ges:crStatDesc>
              <ges:crszCntryFip>ges:crszCntryFip</ges:crszCntryFip>
              <ges:crszCrestaId>ges:crszCrestaId</ges:crszCrestaId>
              <ges:crszFips>ges:crszFips</ges:crszFips>
              <ges:crszGeocd>ges:crszGeocd</ges:crszGeocd>
              <ges:crszIso3Alph>ges:crszIso3Alph</ges:crszIso3Alph>
              <ges:crszIso3No>ges:crszIso3No</ges:crszIso3No>
              <ges:crszPerlTyp>ges:crszPerlTyp</ges:crszPerlTyp>
              <ges:crszStFips>ges:crszStFips</ges:crszStFips>
              <ges:crszSbIso>ges:crszSbIso</ges:crszSbIso>
              <ges:crszSznNo>ges:crszSznNo</ges:crszSznNo>
              <ges:crszDcmntat>ges:crszDcmntat</ges:crszDcmntat>
              <ges:crszNm>ges:crszNm</ges:crszNm>
              <ges:crszParZoNum>ges:crszParZoNum</ges:crszParZoNum>
              <ges:crszTyp>ges:crszTyp</ges:crszTyp>
              <ges:crszStat>ges:crszStat</ges:crszStat>
              <ges:crszStatCd>ges:crszStatCd</ges:crszStatCd>
              <ges:crszStatDesc>ges:crszStatDesc</ges:crszStatDesc>
              <ges:addrXtensn>ges:addrXtensn</ges:addrXtensn>
              <ges:nonvlidateColList>ges:nonvlidateColList</ges:nonvlidateColList>
              <ges:dstnc>ges:dstnc</ges:dstnc>
              <ges:dstncUnt>ges:dstncUnt</ges:dstncUnt>
            </ges:pbException>
            <ges:isRequestForUpdate>true</ges:isRequestForUpdate>
          </tns1:sovLocation>
        </occurrence>
      </FanOutContext>
      <WTXContext>
        <mapServerLocation>http://tempuri.org</mapServerLocation>
        <dynamicMap>0F00</dynamicMap>
        <mapInstances>
          <mapInstance>0</mapInstance>
          <auditInfo>auditInfo</auditInfo>
        </mapInstances>
      </WTXContext>
    </primitiveContext>
    <shared xsi:type="anyType"/>
    <dynamicProperty isPropagated="true">
      <propertySets>
        <group>group</group>
        <properties>
          <name>name</name>
          <value>value</value>
          <type>type</type>
        </properties>
      </propertySets>
    </dynamicProperty>
    <userContext>
      <entries>
        <name>name</name>
        <value xsi:type="anyType"/>
        <type>type</type>
      </entries>
    </userContext>
  </context>
  <headers>
    <SMOHeader>
      <MessageUUID>MessageUUID</MessageUUID>
      <Version>
        <Version>0</Version>
        <Release>0</Release>
        <Modification>0</Modification>
      </Version>
      <MessageType>MessageType</MessageType>
      <Operation>Operation</Operation>
      <Action>Action</Action>
      <Target bindingType="NotSet" import="" repositoryMetadata="">
        <address>http://tempuri.org</address>
      </Target>
      <AlternateTarget bindingType="NotSet" import="" repositoryMetadata="">
        <address>http://tempuri.org</address>
      </AlternateTarget>
      <SourceNode>SourceNode</SourceNode>
      <SourceBindingType>NotSet</SourceBindingType>
      <Interface>Interface</Interface>
    </SMOHeader>
    <JMSHeader>
      <JMSDestination>http://tempuri.org</JMSDestination>
      <JMSDeliveryMode>NonPersistent</JMSDeliveryMode>
      <JMSMessageID>JMSMessageID</JMSMessageID>
      <JMSTimestamp>0</JMSTimestamp>
      <JMSCorrelationID>JMSCorrelationID</JMSCorrelationID>
      <JMSReplyTo>http://tempuri.org</JMSReplyTo>
      <JMSRedelivered>true</JMSRedelivered>
      <JMSType>JMSType</JMSType>
      <JMSExpiration>0</JMSExpiration>
      <JMSPriority>0</JMSPriority>
    </JMSHeader>
    <SOAPHeader>
      <nameSpace>http://tempuri.org</nameSpace>
      <name>NCName</name>
      <prefix>NCName</prefix>
      <value xsi:type="anyType"/>
    </SOAPHeader>
    <SOAPFaultInfo>
      <faultcode>QName</faultcode>
      <faultstring>faultstring</faultstring>
      <faultactor>http://tempuri.org</faultactor>
      <extendedFaultInfo>
        <Code>
          <tns3:Value>{http://www.w3.org/2003/05/soap-envelope}DataEncodingUnknown</tns3:Value>
          <tns3:Subcode>
            <tns3:Value>QName</tns3:Value>
            <tns3:Subcode/>
          </tns3:Subcode>
        </Code>
        <Reason>
          <tns3:Text tns3:lang="">tns3:Text</tns3:Text>
        </Reason>
        <Node>http://tempuri.org</Node>
        <Role>http://tempuri.org</Role>
      </extendedFaultInfo>
    </SOAPFaultInfo>
    <properties>
      <name>name</name>
      <value>value</value>
      <type>type</type>
    </properties>
    <MQHeader>
      <md>
        <Report>0</Report>
        <MsgType>0</MsgType>
        <Expiry>0</Expiry>
        <Feedback>0</Feedback>
        <Priority>0</Priority>
        <Persistence>0</Persistence>
        <MsgId>0F00</MsgId>
        <CorrelId>0F00</CorrelId>
        <BackoutCount>0</BackoutCount>
        <ReplyToQ>ReplyToQ</ReplyToQ>
        <ReplyToQMgr>ReplyToQMgr</ReplyToQMgr>
        <UserIdentifier>UserIdentifier</UserIdentifier>
        <AccountingToken>0F00</AccountingToken>
        <ApplIdentityData>ApplIdentityData</ApplIdentityData>
        <PutApplType>0</PutApplType>
        <PutApplName>PutApplName</PutApplName>
        <PutDate>PutDate</PutDate>
        <PutTime>PutTime</PutTime>
        <ApplOriginData>ApplOriginData</ApplOriginData>
        <GroupId>0F00</GroupId>
        <MsgSeqNumber>0</MsgSeqNumber>
        <Offset>0</Offset>
        <MsgFlags>0</MsgFlags>
        <OriginalLength>0</OriginalLength>
      </md>
      <control xsi:type="mq:MQControl">
        <Encoding>0</Encoding>
        <CodedCharSetId>0</CodedCharSetId>
        <Format>Format</Format>
      </control>
      <header>
        <Encoding>0</Encoding>
        <CodedCharSetId>0</CodedCharSetId>
        <Format>Format</Format>
        <value xsi:type="anyType"/>
      </header>
    </MQHeader>
    <HTTPHeader>
      <control>
        <httpsca:URL>http://tempuri.org</httpsca:URL>
        <httpsca:Version>1.0</httpsca:Version>
        <httpsca:Method>httpsca:Method</httpsca:Method>
        <httpsca:DynamicOverrideURL>http://tempuri.org</httpsca:DynamicOverrideURL>
        <httpsca:DynamicOverrideVersion>1.0</httpsca:DynamicOverrideVersion>
        <httpsca:DynamicOverrideMethod>httpsca:DynamicOverrideMethod</httpsca:DynamicOverrideMethod>
        <httpsca:MediaType>httpsca:MediaType</httpsca:MediaType>
        <httpsca:Charset>httpsca:Charset</httpsca:Charset>
        <httpsca:TransferEncoding>httpsca:TransferEncoding</httpsca:TransferEncoding>
        <httpsca:ContentEncoding>httpsca:ContentEncoding</httpsca:ContentEncoding>
        <httpsca:StatusCode>0</httpsca:StatusCode>
        <httpsca:ReasonPhrase>httpsca:ReasonPhrase</httpsca:ReasonPhrase>
        <httpsca:ContentLength>0</httpsca:ContentLength>
        <httpsca:ExportContextPath>httpsca:ExportContextPath</httpsca:ExportContextPath>
        <httpsca:Authentication>
          <httpsca:credentials>
            <httpsca:userId>httpsca:userId</httpsca:userId>
            <httpsca:password>httpsca:password</httpsca:password>
          </httpsca:credentials>
          <httpsca:authenticationType>Basic</httpsca:authenticationType>
        </httpsca:Authentication>
        <httpsca:SSLSettings>
          <httpsca:SSLVersion>SSL</httpsca:SSLVersion>
          <httpsca:SSLDebug>false</httpsca:SSLDebug>
          <httpsca:KeyStoreType>JKS</httpsca:KeyStoreType>
          <httpsca:TrustStoreType>JKS</httpsca:TrustStoreType>
          <httpsca:KeyStore>httpsca:KeyStore</httpsca:KeyStore>
          <httpsca:KeyStoreAlias>httpsca:KeyStoreAlias</httpsca:KeyStoreAlias>
          <httpsca:KeyStorePassword>httpsca:KeyStorePassword</httpsca:KeyStorePassword>
          <httpsca:TrustStore>httpsca:TrustStore</httpsca:TrustStore>
          <httpsca:TrustStorePassword>httpsca:TrustStorePassword</httpsca:TrustStorePassword>
          <httpsca:UseClientAuth>false</httpsca:UseClientAuth>
        </httpsca:SSLSettings>
        <httpsca:ProxySettings>
          <httpsca:proxyHost>httpsca:proxyHost</httpsca:proxyHost>
          <httpsca:proxyPort>0</httpsca:proxyPort>
          <httpsca:proxyType>http</httpsca:proxyType>
          <httpsca:proxyCredentials>
            <httpsca:userId>httpsca:userId</httpsca:userId>
            <httpsca:password>httpsca:password</httpsca:password>
          </httpsca:proxyCredentials>
          <httpsca:nonProxyHost>httpsca:nonProxyHost</httpsca:nonProxyHost>
        </httpsca:ProxySettings>
      </control>
      <header>
        <httpsca:name>httpsca:name</httpsca:name>
        <httpsca:value>httpsca:value</httpsca:value>
      </header>
    </HTTPHeader>
    <EISHeader>
      <EISInteractionSpec xsi:type="anyType"/>
      <EISConnectionSpec xsi:type="anyType"/>
    </EISHeader>
    <WSAHeader version="http://www.w3.org/2005/08/addressing">
      <tns2:To>http://tempuri.org</tns2:To>
      <ReferenceParameters/>
      <tns2:From>
        <tns2:Address>http://tempuri.org</tns2:Address>
        <tns2:ReferenceParameters/>
        <tns2:Metadata/>
      </tns2:From>
      <tns2:ReplyTo>
        <tns2:Address>http://tempuri.org</tns2:Address>
        <tns2:ReferenceParameters/>
        <tns2:Metadata/>
      </tns2:ReplyTo>
      <tns2:FaultTo>
        <tns2:Address>http://tempuri.org</tns2:Address>
        <tns2:ReferenceParameters/>
        <tns2:Metadata/>
      </tns2:FaultTo>
      <tns2:Action>http://tempuri.org</tns2:Action>
      <tns2:MessageID>http://tempuri.org</tns2:MessageID>
      <tns2:RelatesTo RelationshipType="http://www.w3.org/2005/08/addressing/reply">http://tempuri.org</tns2:RelatesTo>
    </WSAHeader>
  </headers>
  <body>
    <bons3:scrubLocationsRequestParameter>
      <tns1:version>tns1:version</tns1:version>
      <tns1:location>
        <tns1:sovLocation>
          <ges:version>ges:version</ges:version>
          <ges:sovLocId>0</ges:sovLocId>
          <ges:matchScore>0</ges:matchScore>
          <ges:agreementRequestId name="Policy Number">ges:agreementRequestId</ges:agreementRequestId>
          <ges:structure>
            <ges:structureId>0</ges:structureId>
            <ges:typeId>0</ges:typeId>
            <ges:physObjectId>0</ges:physObjectId>
            <ges:constructionType>
              <ges:constrnTypCd>ges:constrnTypCd</ges:constrnTypCd>
              <ges:constrnTypDs>ges:constrnTypDs</ges:constrnTypDs>
              <ges:constrnTypId>0</ges:constrnTypId>
              <ges:clsfctnScheme>ges:clsfctnScheme</ges:clsfctnScheme>
            </ges:constructionType>
            <ges:occupationType>
              <ges:ocptnTypCd>ges:ocptnTypCd</ges:ocptnTypCd>
              <ges:ocptnTypDs>ges:ocptnTypDs</ges:ocptnTypDs>
              <ges:ocptnTypId>0</ges:ocptnTypId>
              <ges:clsfctnScheme>ges:clsfctnScheme</ges:clsfctnScheme>
            </ges:occupationType>
            <ges:structureType>ges:structureType</ges:structureType>
            <ges:name>ges:name</ges:name>
            <ges:description>ges:description</ges:description>
            <ges:basicDataIncomplete>ges:basicDataIncomplete</ges:basicDataIncomplete>
            <ges:populationInfoId>0</ges:populationInfoId>
            <ges:effectiveFromDate>2001-01-01</ges:effectiveFromDate>
            <ges:effectiveToDate>2001-01-01</ges:effectiveToDate>
            <ges:xtrnlRefNo>ges:xtrnlRefNo</ges:xtrnlRefNo>
            <ges:noOfRsks>0</ges:noOfRsks>
            <ges:bldgValAm>0.0</ges:bldgValAm>
            <ges:cntntsValAm>0.0</ges:cntntsValAm>
            <ges:biValAm>0.0</ges:biValAm>
            <ges:totalPropertyDamageValueAm>0.0</ges:totalPropertyDamageValueAm>
            <ges:totalSumInsuredValueAm>0.0</ges:totalSumInsuredValueAm>
            <ges:flrAr>ges:flrAr</ges:flrAr>
            <ges:flrArUom>ges:flrArUom</ges:flrArUom>
            <ges:bltYr>0</ges:bltYr>
            <ges:noOfStories>0</ges:noOfStories>
            <ges:bldgHght>ges:bldgHght</ges:bldgHght>
            <ges:bldgHghtUom>ges:bldgHghtUom</ges:bldgHghtUom>
            <ges:lastUpgraddYr>0</ges:lastUpgraddYr>
            <ges:flrOfInt>ges:flrOfInt</ges:flrOfInt>
            <ges:constrnTypTx>ges:constrnTypTx</ges:constrnTypTx>
            <ges:ocptnTypTx>ges:ocptnTypTx</ges:ocptnTypTx>
            <ges:currntVersnFl>ges:currntVersnFl</ges:currntVersnFl>
            <ges:creatTs>2001-12-31T12:00:00</ges:creatTs>
            <ges:creatUsrId>ges:creatUsrId</ges:creatUsrId>
            <ges:updTs>2001-12-31T12:00:00</ges:updTs>
            <ges:updUsrId>ges:updUsrId</ges:updUsrId>
            <ges:srcFileNm>ges:srcFileNm</ges:srcFileNm>
            <ges:siteNm>ges:siteNm</ges:siteNm>
            <ges:coNmBusUnt>ges:coNmBusUnt</ges:coNmBusUnt>
            <ges:prmryBldgIn>ges:prmryBldgIn</ges:prmryBldgIn>
            <ges:currency>
              <ges:crncyCd>ges:crncyCd</ges:crncyCd>
              <ges:crncyDs>ges:crncyDs</ges:crncyDs>
              <ges:efctvDt>2001-01-01</ges:efctvDt>
              <ges:isoAlphCrncyCd>ges:isoAlphCrncyCd</ges:isoAlphCrncyCd>
              <ges:crncyId>0</ges:crncyId>
              <ges:isoNmrcCrncyCd>0</ges:isoNmrcCrncyCd>
              <ges:currencyExchangeRate>
                <ges:fromCrncyId>0</ges:fromCrncyId>
                <ges:toCrncyId>0</ges:toCrncyId>
                <ges:cnvrsnRt>0.0</ges:cnvrsnRt>
                <ges:cnvrsnDt>2001-01-01</ges:cnvrsnDt>
                <ges:rtTypIn>ges:rtTypIn</ges:rtTypIn>
                <ges:xchngRtId>0</ges:xchngRtId>
              </ges:currencyExchangeRate>
            </ges:currency>
            <ges:structureSecModifier>
              <ges:StructureSecModifier>
                <ges:name name="">ges:name</ges:name>
                <ges:scheme>ges:scheme</ges:scheme>
                <ges:cdId>0</ges:cdId>
                <ges:cdVal>ges:cdVal</ges:cdVal>
                <ges:cdLabel>ges:cdLabel</ges:cdLabel>
                <ges:cdGrpVal>ges:cdGrpVal</ges:cdGrpVal>
                <ges:cdGrpLabel>ges:cdGrpLabel</ges:cdGrpLabel>
              </ges:StructureSecModifier>
            </ges:structureSecModifier>
            <ges:sic3DCd>0</ges:sic3DCd>
            <ges:sic4DCd>0</ges:sic4DCd>
            <ges:sicGroup>ges:sicGroup</ges:sicGroup>
            <ges:sicDesc>ges:sicDesc</ges:sicDesc>
            <ges:uwtngMngmtAdjsmt>ges:uwtngMngmtAdjsmt</ges:uwtngMngmtAdjsmt>
            <ges:graspLocId>ges:graspLocId</ges:graspLocId>
            <ges:aeNm>ges:aeNm</ges:aeNm>
            <ges:sentForITV>true</ges:sentForITV>
            <ges:ITVValtnDt>2001-01-01</ges:ITVValtnDt>
            <ges:chngPct>0.0</ges:chngPct>
            <ges:DQI>0.0</ges:DQI>
            <ges:strValtnId>0</ges:strValtnId>
            <ges:TEVal>0.0</ges:TEVal>
            <ges:ttl>0.0</ges:ttl>
            <ges:typId>0</ges:typId>
            <ges:LocationCoverages>
              <ges:LoationCoverage>
                <ges:Coverage>
                  <ges:AttributeNm>ges:AttributeNm</ges:AttributeNm>
                  <ges:categoryId>0</ges:categoryId>
                  <ges:typId>0</ges:typId>
                  <ges:typNm>ges:typNm</ges:typNm>
                  <ges:source>ges:source</ges:source>
                </ges:Coverage>
                <ges:CoverageValue>
                  <ges:DecimalValue>0.0</ges:DecimalValue>
                  <ges:Unit>ges:Unit</ges:Unit>
                </ges:CoverageValue>
              </ges:LoationCoverage>
            </ges:LocationCoverages>
            <ges:LocationNonCoverages>
              <ges:LocationNonCoverage>
                <ges:Coverage>
                  <ges:AttributeNm>ges:AttributeNm</ges:AttributeNm>
                  <ges:categoryId>0</ges:categoryId>
                  <ges:typId>0</ges:typId>
                  <ges:typNm>ges:typNm</ges:typNm>
                  <ges:source>ges:source</ges:source>
                </ges:Coverage>
                <ges:CoverageValue>
                  <ges:DecimalValue>0.0</ges:DecimalValue>
                  <ges:Unit>ges:Unit</ges:Unit>
                </ges:CoverageValue>
              </ges:LocationNonCoverage>
            </ges:LocationNonCoverages>
            <ges:SiteCampusId>ges:SiteCampusId</ges:SiteCampusId>
          </ges:structure>
          <ges:physicalObject>
            <ges:physObjectId>0</ges:physObjectId>
            <ges:typeId>0</ges:typeId>
            <ges:populationInfoId>0</ges:populationInfoId>
            <ges:creatTs>2001-12-31T12:00:00</ges:creatTs>
            <ges:creatUsrId>ges:creatUsrId</ges:creatUsrId>
            <ges:updTs>2001-12-31T12:00:00</ges:updTs>
            <ges:updUsrId>ges:updUsrId</ges:updUsrId>
            <ges:graspInfo>
              <ges:engnrgBldgVal>0.0</ges:engnrgBldgVal>
              <ges:engnrgMachryVal>0.0</ges:engnrgMachryVal>
              <ges:ibi>0.0</ges:ibi>
              <ges:floodZnWithinPropLn>ges:floodZnWithinPropLn</ges:floodZnWithinPropLn>
              <ges:floodZn1000ftFromPropLn>ges:floodZn1000ftFromPropLn</ges:floodZn1000ftFromPropLn>
              <ges:surgeXpsr>ges:surgeXpsr</ges:surgeXpsr>
              <ges:hailstormXpsr>ges:hailstormXpsr</ges:hailstormXpsr>
              <ges:snowLodXpsr>ges:snowLodXpsr</ges:snowLodXpsr>
              <ges:othCatXpsr>ges:othCatXpsr</ges:othCatXpsr>
              <ges:engnrgOvrrdHzrdGrd>ges:engnrgOvrrdHzrdGrd</ges:engnrgOvrrdHzrdGrd>
              <ges:ovrlHeRtg>0.0</ges:ovrlHeRtg>
              <ges:locRskRtgFire>0.0</ges:locRskRtgFire>
              <ges:locRskRtgCat>0.0</ges:locRskRtgCat>
              <ges:locRskRtgCompst>0.0</ges:locRskRtgCompst>
              <ges:ttlOcpdBldgAr>0.0</ges:ttlOcpdBldgAr>
              <ges:ttlOcpdStories>0</ges:ttlOcpdStories>
              <ges:adqtAutmtcSprnklrsPct>0.0</ges:adqtAutmtcSprnklrsPct>
              <ges:neededAutmtcSprnklrsPct>0.0</ges:neededAutmtcSprnklrsPct>
              <ges:autmtcSprnklrsPct>0.0</ges:autmtcSprnklrsPct>
              <ges:predominantConstrnCls>ges:predominantConstrnCls</ges:predominantConstrnCls>
              <ges:predominantPrtctnCls>ges:predominantPrtctnCls</ges:predominantPrtctnCls>
              <ges:surgeTtlLe>0.0</ges:surgeTtlLe>
              <ges:floodTtlLe100Yr>0.0</ges:floodTtlLe100Yr>
              <ges:floodTtlLe500Yr>0.0</ges:floodTtlLe500Yr>
              <ges:floodTtlLe>0.0</ges:floodTtlLe>
              <ges:floodTtlMfl>0.0</ges:floodTtlMfl>
              <ges:wndTtlLe100Yr>0.0</ges:wndTtlLe100Yr>
              <ges:wndTtlLe500Yr>ges:wndTtlLe500Yr</ges:wndTtlLe500Yr>
              <ges:wndTtlNle>0.0</ges:wndTtlNle>
              <ges:eqLe>0.0</ges:eqLe>
              <ges:ttlMfl>0.0</ges:ttlMfl>
              <ges:ttlEml>0.0</ges:ttlEml>
              <ges:ttlPml>0.0</ges:ttlPml>
              <ges:ttlMas>0.0</ges:ttlMas>
              <ges:ttlNle>0.0</ges:ttlNle>
              <ges:ttlLe>0.0</ges:ttlLe>
              <ges:ttlObjLos>0.0</ges:ttlObjLos>
              <ges:locCls>ges:locCls</ges:locCls>
              <ges:fireIndx>ges:fireIndx</ges:fireIndx>
              <ges:xplosnIndx>ges:xplosnIndx</ges:xplosnIndx>
              <ges:xplosnRskAdqtlyEngnred>ges:xplosnRskAdqtlyEngnred</ges:xplosnRskAdqtlyEngnred>
              <ges:fldDesktpAsesd>ges:fldDesktpAsesd</ges:fldDesktpAsesd>
              <ges:engnrgSrc>ges:engnrgSrc</ges:engnrgSrc>
              <ges:graspCntntVal>0.0</ges:graspCntntVal>
              <ges:graspTmElmntVal>0.0</ges:graspTmElmntVal>
              <ges:graspTpdVal>0.0</ges:graspTpdVal>
              <ges:graspLat>0.0</ges:graspLat>
              <ges:graspLng>0.0</ges:graspLng>
              <ges:graspPrecisionCd>0.0</ges:graspPrecisionCd>
            </ges:graspInfo>
          </ges:physicalObject>
          <ges:actvIn>ges:actvIn</ges:actvIn>
          <ges:effectiveFromDate>2001-01-01</ges:effectiveFromDate>
          <ges:effectiveToDate>2001-01-01</ges:effectiveToDate>
          <ges:geographicArea>
            <ges:ggrphcArId>0</ges:ggrphcArId>
            <ges:typNm>ges:typNm</ges:typNm>
            <ges:vlidFromTs>2001-12-31T12:00:00</ges:vlidFromTs>
            <ges:vlidToTs>2001-12-31T12:00:00</ges:vlidToTs>
            <ges:ctyNm>ges:ctyNm</ges:ctyNm>
            <ges:addr>ges:addr</ges:addr>
            <ges:postalCd>ges:postalCd</ges:postalCd>
            <ges:stNm>ges:stNm</ges:stNm>
            <ges:dstrctNm>ges:dstrctNm</ges:dstrctNm>
            <ges:cntyNm>ges:cntyNm</ges:cntyNm>
            <ges:lattdInDegrs>ges:lattdInDegrs</ges:lattdInDegrs>
            <ges:lngtdInDegrs>ges:lngtdInDegrs</ges:lngtdInDegrs>
            <ges:cntryNm>ges:cntryNm</ges:cntryNm>
            <ges:langCd>ges:langCd</ges:langCd>
            <ges:geoRsltnLvlId>0</ges:geoRsltnLvlId>
            <ges:addrConfdncPc>0.0</ges:addrConfdncPc>
            <ges:addrXtensn>ges:addrXtensn</ges:addrXtensn>
            <ges:isAddrStndrdizedIn>ges:isAddrStndrdizedIn</ges:isAddrStndrdizedIn>
            <ges:locPrecision>ges:locPrecision</ges:locPrecision>
            <ges:crestaZone>
              <ges:crestaZnId>0</ges:crestaZnId>
              <ges:crCntryFip>ges:crCntryFip</ges:crCntryFip>
              <ges:crCrestaId>ges:crCrestaId</ges:crCrestaId>
              <ges:crFips>ges:crFips</ges:crFips>
              <ges:crGeocd>ges:crGeocd</ges:crGeocd>
              <ges:crIso3Alph>ges:crIso3Alph</ges:crIso3Alph>
              <ges:crIso3No>ges:crIso3No</ges:crIso3No>
              <ges:crPerlTyp>ges:crPerlTyp</ges:crPerlTyp>
              <ges:crStFips>ges:crStFips</ges:crStFips>
              <ges:crSbIso>ges:crSbIso</ges:crSbIso>
              <ges:crZnNo>ges:crZnNo</ges:crZnNo>
              <ges:crDcmntat>ges:crDcmntat</ges:crDcmntat>
              <ges:crNm>ges:crNm</ges:crNm>
              <ges:geographicArea/>
            </ges:crestaZone>
            <ges:subcrestaZone>
              <ges:crszCntryFip>ges:crszCntryFip</ges:crszCntryFip>
              <ges:crszCrestaId>ges:crszCrestaId</ges:crszCrestaId>
              <ges:crszFips>ges:crszFips</ges:crszFips>
              <ges:crszGeocd>ges:crszGeocd</ges:crszGeocd>
              <ges:crszIso3Alph>ges:crszIso3Alph</ges:crszIso3Alph>
              <ges:crszIso3No>ges:crszIso3No</ges:crszIso3No>
              <ges:crszPerlTyp>ges:crszPerlTyp</ges:crszPerlTyp>
              <ges:crszStFips>ges:crszStFips</ges:crszStFips>
              <ges:crszSbIso>ges:crszSbIso</ges:crszSbIso>
              <ges:crszSznNo>ges:crszSznNo</ges:crszSznNo>
              <ges:crszDcmntat>ges:crszDcmntat</ges:crszDcmntat>
              <ges:crszNm>ges:crszNm</ges:crszNm>
              <ges:crszParZoNum>ges:crszParZoNum</ges:crszParZoNum>
              <ges:crszTyp>ges:crszTyp</ges:crszTyp>
              <ges:sbcrestaZnId>0</ges:sbcrestaZnId>
              <ges:geographicArea/>
            </ges:subcrestaZone>
            <ges:cntryId>0</ges:cntryId>
            <ges:placeId>0</ges:placeId>
            <ges:basicdataIncomplete>ges:basicdataIncomplete</ges:basicdataIncomplete>
            <ges:addr2>ges:addr2</ges:addr2>
            <ges:blok>ges:blok</ges:blok>
            <ges:blokGrp>ges:blokGrp</ges:blokGrp>
            <ges:geoCdId>0</ges:geoCdId>
            <ges:geoCdTyId>0</ges:geoCdTyId>
            <ges:geoCdTyNm>ges:geoCdTyNm</ges:geoCdTyNm>
            <ges:LocationHazards>
              <ges:LocationHazard>
                <ges:Coverage>
                  <ges:AttributeNm>ges:AttributeNm</ges:AttributeNm>
                  <ges:categoryId>0</ges:categoryId>
                  <ges:typId>0</ges:typId>
                  <ges:typNm>ges:typNm</ges:typNm>
                  <ges:source>ges:source</ges:source>
                </ges:Coverage>
                <ges:CoverageValue>
                  <ges:DecimalValue>0.0</ges:DecimalValue>
                  <ges:Unit>ges:Unit</ges:Unit>
                </ges:CoverageValue>
                <ges:HazardId>0</ges:HazardId>
                <ges:LookUpId>0</ges:LookUpId>
              </ges:LocationHazard>
            </ges:LocationHazards>
          </ges:geographicArea>
          <ges:autoAugmentIn>ges:autoAugmentIn</ges:autoAugmentIn>
          <ges:esbCrossReferenceInfo>
            <ges:prcsngStatCd>ges:prcsngStatCd</ges:prcsngStatCd>
            <ges:prcsngStatTs>2001-12-31T12:00:00</ges:prcsngStatTs>
            <ges:retryCnt>0</ges:retryCnt>
            <ges:sovLocId>0</ges:sovLocId>
            <ges:errMsg>ges:errMsg</ges:errMsg>
            <ges:augmentStatIn>ges:augmentStatIn</ges:augmentStatIn>
          </ges:esbCrossReferenceInfo>
          <ges:mdmCrossReferenceInfo>
            <ges:mdmContId>ges:mdmContId</ges:mdmContId>
            <ges:mdmContCmpntId>ges:mdmContCmpntId</ges:mdmContCmpntId>
            <ges:mdmHoldgId>ges:mdmHoldgId</ges:mdmHoldgId>
            <ges:mdmAddrId>ges:mdmAddrId</ges:mdmAddrId>
            <ges:sovLocId>ges:sovLocId</ges:sovLocId>
            <ges:graspReviewed>N</ges:graspReviewed>
          </ges:mdmCrossReferenceInfo>
          <ges:mdmException>
            <ges:langCd>ges:langCd</ges:langCd>
            <ges:ctyNm>ges:ctyNm</ges:ctyNm>
            <ges:postalCd>ges:postalCd</ges:postalCd>
            <ges:stNm>ges:stNm</ges:stNm>
            <ges:addrStatCd>ges:addrStatCd</ges:addrStatCd>
            <ges:dstrctNm>ges:dstrctNm</ges:dstrctNm>
            <ges:cntyNm>ges:cntyNm</ges:cntyNm>
            <ges:lattdInDegrs>ges:lattdInDegrs</ges:lattdInDegrs>
            <ges:lngtdInDegrs>ges:lngtdInDegrs</ges:lngtdInDegrs>
            <ges:coBusUnt>ges:coBusUnt</ges:coBusUnt>
            <ges:cntryNm>ges:cntryNm</ges:cntryNm>
            <ges:geoRsltnLvlId>0</ges:geoRsltnLvlId>
            <ges:mtchky>ges:mtchky</ges:mtchky>
            <ges:addrConfdncPc>0.0</ges:addrConfdncPc>
            <ges:addrLn1>ges:addrLn1</ges:addrLn1>
            <ges:addrLn2>ges:addrLn2</ges:addrLn2>
            <ges:addrLn3>ges:addrLn3</ges:addrLn3>
            <ges:addrXtensn>ges:addrXtensn</ges:addrXtensn>
            <ges:pbLocId>ges:pbLocId</ges:pbLocId>
            <ges:geoStat>ges:geoStat</ges:geoStat>
            <ges:geoStatCd>ges:geoStatCd</ges:geoStatCd>
            <ges:geoStatDesc>ges:geoStatDesc</ges:geoStatDesc>
            <ges:dplctSqn>0</ges:dplctSqn>
            <ges:flrAr>ges:flrAr</ges:flrAr>
            <ges:flrArUom>ges:flrArUom</ges:flrArUom>
            <ges:occupancyScheme>ges:occupancyScheme</ges:occupancyScheme>
            <ges:occupancyTypCd>ges:occupancyTypCd</ges:occupancyTypCd>
            <ges:bltYr>0</ges:bltYr>
            <ges:noOfRsks>0</ges:noOfRsks>
            <ges:noOfStories>0</ges:noOfStories>
            <ges:bldgHght>0</ges:bldgHght>
            <ges:bldgHghtUom>ges:bldgHghtUom</ges:bldgHghtUom>
            <ges:constrnSchemeCd>ges:constrnSchemeCd</ges:constrnSchemeCd>
            <ges:constrnTypCd>ges:constrnTypCd</ges:constrnTypCd>
            <ges:lastUpgraddYr>0</ges:lastUpgraddYr>
            <ges:flrOfInt>ges:flrOfInt</ges:flrOfInt>
            <ges:mdmContId>0</ges:mdmContId>
            <ges:mdmContCmpntId>0</ges:mdmContCmpntId>
            <ges:mdmHoldgId>0</ges:mdmHoldgId>
            <ges:mdmAddrId>0</ges:mdmAddrId>
            <ges:isAddrStndrdizedIn>ges:isAddrStndrdizedIn</ges:isAddrStndrdizedIn>
            <ges:mdmHoldgStartDt>2001-12-31T12:00:00</ges:mdmHoldgStartDt>
            <ges:propTypCd>0</ges:propTypCd>
            <ges:addr>ges:addr</ges:addr>
            <ges:locNm>ges:locNm</ges:locNm>
            <ges:siteNm>ges:siteNm</ges:siteNm>
            <ges:cntryCd>ges:cntryCd</ges:cntryCd>
            <ges:stCd>ges:stCd</ges:stCd>
            <ges:addrStatDesc>ges:addrStatDesc</ges:addrStatDesc>
            <ges:mtchScore>0</ges:mtchScore>
            <ges:locPrecision>ges:locPrecision</ges:locPrecision>
            <ges:sovLocId>0</ges:sovLocId>
            <ges:prmryBldgIn>ges:prmryBldgIn</ges:prmryBldgIn>
            <ges:graspReviewed>N</ges:graspReviewed>
          </ges:mdmException>
          <ges:pbCrossReferenceInfo>
            <ges:sovLocId>0</ges:sovLocId>
            <ges:geoRsltnLvlId>0</ges:geoRsltnLvlId>
            <ges:mtchky>ges:mtchky</ges:mtchky>
            <ges:addrConfdncPc>0.0</ges:addrConfdncPc>
            <ges:addrXtensn>ges:addrXtensn</ges:addrXtensn>
            <ges:addrStatCd>ges:addrStatCd</ges:addrStatCd>
            <ges:isAddrStndrdizedIn>ges:isAddrStndrdizedIn</ges:isAddrStndrdizedIn>
            <ges:addrStatDesc>ges:addrStatDesc</ges:addrStatDesc>
            <ges:canAr>ges:canAr</ges:canAr>
            <ges:canFloodZn>ges:canFloodZn</ges:canFloodZn>
            <ges:canPrvnc>ges:canPrvnc</ges:canPrvnc>
            <ges:canRiver>ges:canRiver</ges:canRiver>
            <ges:dstnc>ges:dstnc</ges:dstnc>
            <ges:dstncUnit>ges:dstncUnit</ges:dstncUnit>
          </ges:pbCrossReferenceInfo>
          <ges:pbException>
            <ges:langCd>ges:langCd</ges:langCd>
            <ges:ctyNm>ges:ctyNm</ges:ctyNm>
            <ges:postalCd>ges:postalCd</ges:postalCd>
            <ges:stNm>ges:stNm</ges:stNm>
            <ges:addrStatCd>ges:addrStatCd</ges:addrStatCd>
            <ges:dstrctNm>ges:dstrctNm</ges:dstrctNm>
            <ges:cntyNm>ges:cntyNm</ges:cntyNm>
            <ges:lattdInDegrs>ges:lattdInDegrs</ges:lattdInDegrs>
            <ges:lngtdInDegrs>ges:lngtdInDegrs</ges:lngtdInDegrs>
            <ges:coBusUnt>ges:coBusUnt</ges:coBusUnt>
            <ges:cntryNm>ges:cntryNm</ges:cntryNm>
            <ges:geoRsltnLvlId>0</ges:geoRsltnLvlId>
            <ges:mtchky>ges:mtchky</ges:mtchky>
            <ges:addrConfdncPc>0.0</ges:addrConfdncPc>
            <ges:addrLn1>ges:addrLn1</ges:addrLn1>
            <ges:addrLn2>ges:addrLn2</ges:addrLn2>
            <ges:addrLn3>ges:addrLn3</ges:addrLn3>
            <ges:addrLn4>ges:addrLn4</ges:addrLn4>
            <ges:multiMtchCnt>0</ges:multiMtchCnt>
            <ges:geoStat>ges:geoStat</ges:geoStat>
            <ges:geoStatCd>ges:geoStatCd</ges:geoStatCd>
            <ges:geoStatDesc>ges:geoStatDesc</ges:geoStatDesc>
            <ges:mtchSqn>0</ges:mtchSqn>
            <ges:addrStatDesc>ges:addrStatDesc</ges:addrStatDesc>
            <ges:locPrecision>ges:locPrecision</ges:locPrecision>
            <ges:addrStat>ges:addrStat</ges:addrStat>
            <ges:sovLocId>0</ges:sovLocId>
            <ges:canAr>ges:canAr</ges:canAr>
            <ges:canFloodZn>ges:canFloodZn</ges:canFloodZn>
            <ges:canPrvnc>ges:canPrvnc</ges:canPrvnc>
            <ges:canRiver>ges:canRiver</ges:canRiver>
            <ges:canStat>ges:canStat</ges:canStat>
            <ges:canStatCd>ges:canStatCd</ges:canStatCd>
            <ges:canStatDesc>ges:canStatDesc</ges:canStatDesc>
            <ges:crCntryFip>ges:crCntryFip</ges:crCntryFip>
            <ges:crCrestaId>ges:crCrestaId</ges:crCrestaId>
            <ges:crFips>ges:crFips</ges:crFips>
            <ges:crGeocd>ges:crGeocd</ges:crGeocd>
            <ges:crIso3Alph>ges:crIso3Alph</ges:crIso3Alph>
            <ges:crIso3No>ges:crIso3No</ges:crIso3No>
            <ges:crPerlTyp>ges:crPerlTyp</ges:crPerlTyp>
            <ges:crStFips>ges:crStFips</ges:crStFips>
            <ges:crSbIso>ges:crSbIso</ges:crSbIso>
            <ges:crZnNo>ges:crZnNo</ges:crZnNo>
            <ges:crDcmntat>ges:crDcmntat</ges:crDcmntat>
            <ges:crNm>ges:crNm</ges:crNm>
            <ges:crStat>ges:crStat</ges:crStat>
            <ges:crStatCd>ges:crStatCd</ges:crStatCd>
            <ges:crStatDesc>ges:crStatDesc</ges:crStatDesc>
            <ges:crszCntryFip>ges:crszCntryFip</ges:crszCntryFip>
            <ges:crszCrestaId>ges:crszCrestaId</ges:crszCrestaId>
            <ges:crszFips>ges:crszFips</ges:crszFips>
            <ges:crszGeocd>ges:crszGeocd</ges:crszGeocd>
            <ges:crszIso3Alph>ges:crszIso3Alph</ges:crszIso3Alph>
            <ges:crszIso3No>ges:crszIso3No</ges:crszIso3No>
            <ges:crszPerlTyp>ges:crszPerlTyp</ges:crszPerlTyp>
            <ges:crszStFips>ges:crszStFips</ges:crszStFips>
            <ges:crszSbIso>ges:crszSbIso</ges:crszSbIso>
            <ges:crszSznNo>ges:crszSznNo</ges:crszSznNo>
            <ges:crszDcmntat>ges:crszDcmntat</ges:crszDcmntat>
            <ges:crszNm>ges:crszNm</ges:crszNm>
            <ges:crszParZoNum>ges:crszParZoNum</ges:crszParZoNum>
            <ges:crszTyp>ges:crszTyp</ges:crszTyp>
            <ges:crszStat>ges:crszStat</ges:crszStat>
            <ges:crszStatCd>ges:crszStatCd</ges:crszStatCd>
            <ges:crszStatDesc>ges:crszStatDesc</ges:crszStatDesc>
            <ges:addrXtensn>ges:addrXtensn</ges:addrXtensn>
            <ges:nonvlidateColList>ges:nonvlidateColList</ges:nonvlidateColList>
            <ges:dstnc>ges:dstnc</ges:dstnc>
            <ges:dstncUnt>ges:dstncUnt</ges:dstncUnt>
          </ges:pbException>
          <ges:isRequestForUpdate>true</ges:isRequestForUpdate>
        </tns1:sovLocation>
      </tns1:location>
    </bons3:scrubLocationsRequestParameter>
    <ch:RequestHeader>
      <ch:ServiceRequestContext>
        <ServiceInvocationOriginator>ServiceInvocationOriginator</ServiceInvocationOriginator>
        <ServiceInvoker>ServiceInvoker</ServiceInvoker>
        <ServiceProvider>ServiceProvider</ServiceProvider>
        <ClientId>ClientId</ClientId>
        <UserID>UserID</UserID>
        <RequestMessageId>RequestMessageId</RequestMessageId>
        <RequestTimestamp>2001-12-31T12:00:00</RequestTimestamp>
        <InteractionProtocol>SynchronousRequestAndResponse</InteractionProtocol>
        <CallbackURI>CallbackURI</CallbackURI>
        <ServiceInvocationChainEnabled>true</ServiceInvocationChainEnabled>
      </ch:ServiceRequestContext>
    </ch:RequestHeader>
  </body>
  <attachments>
    <contentID>http://tempuri.org</contentID>
    <contentType>token</contentType>
    <data>MA==</data>
  </attachments>
</tns:smo>
