<?xml version="1.0" encoding="UTF-8"?><html xmlns:serverindex="http://www.ibm.com/websphere/appserver/schemas/5.0/serverindex.xmi" xmlns:xmi="http://www.omg.org/XMI" xmlns:xalan="http://xml.apache.org/xslt">
<head/>
<body>
<table width="100%" cellspacing="0" cellpadding="3" border="1">
<tbody>
<tr>
<td align="center" width="50%">TotalLocationCount</td>
<td align="center" width="50%">1111</td>
</tr>
<tr>
<td align="center" width="50%">SuccessLocationCount</td>
<td align="center" width="50%">111</td>
</tr>
<tr>
<td align="center" width="50%">PBBIFailedLocationCount</td>
<td align="center" width="50%">0</td>
</tr>
<tr>
<td align="center" width="50%">FailedLocationCount</td>
<td align="center" width="50%">0</td>
</tr>
<tr>
<td align="center" width="50%">MDMDeDupeLocationCount</td>
<td align="center" width="50%">0</td>
</tr>
</tbody>
</table>
<h3>SuccessLocations</h3>
<table width="100%" cellspacing="0" cellpadding="3" border="1">
<tbody>
<tr>
<td align="center" width="50%"/>
</tr>
<tr>
<td align="center" width="50%"/>
</tr>
</tbody>
</table>
<h3>FailedLocations</h3>
<table width="100%" cellspacing="0" cellpadding="3" border="1">
<thead>
<tr>
<td align="center">LocationId</td>
<td align="center">FailureOrigin</td>
<td align="center">FailureReason</td>
<td align="center">FailureDetail</td>
</tr>
</thead>
<tbody>
<tr>
<td align="center"/>
<td align="center"/>
<td align="center"/>
<td align="center"/>
</tr>
<tr>
<td align="center"/>
<td align="center"/>
<td align="center"/>
<td align="center"/>
</tr>
</tbody>
</table>
<h3>MDMDeDupeLocations</h3>
<table width="100%" cellspacing="0" cellpadding="3" border="1">
<tr>
<th rowspan="3"/>
<td align="center">MDMHoldingId</td>
<td align="center">MDMAddressId</td>
<td align="center">MDMContractId</td>
<td align="center">MDMContractComponentId</td>
<td align="center">MDMMatchScore</td>
</tr>
<tr>
<td align="center"/>
<td align="center"/>
<td align="center"/>
<td align="center"/>
<td align="center"/>
</tr>
<tr>
<td align="center"/>
<td align="center"/>
<td align="center"/>
<td align="center"/>
<td align="center"/>
</tr>
</table>
<h3>PBBILocations</h3>
<table width="100%" cellspacing="0" cellpadding="3" border="1">
<thead>
<tr>
<td align="center">LocationId</td>
<td align="center">PBBICustomError</td>
</tr>
</thead>
<tbody>
<tr>
<td align="center"/>
<td align="center"/>
</tr>
<tr>
<td align="center"/>
<td align="center"/>
</tr>
</tbody>
</table>
</body>
</html>