<?xml version="1.0" encoding="UTF-8"?>
<xmlmap:datamap xmlns:bons0="http://www.ibm.com/xmlns/prod/websphere/j2ca/jdbc/resultsetBO" xmlns:jdbcasi="http://www.ibm.com/xmlns/prod/websphere/j2ca/jdbc/metadata" xmlns:p="http://www.ibm.com/xmlns/prod/websphere/j2ca/jdbc/sp_gpsgexpusrtusp_gps02_get_policy" xmlns:xmlmap="http://www.ibm.com/xmlmap" xmlns:xsd="http://www.w3.org/2001/XMLSchema" xmlns:xsi="http://www.w3.org/2001/XMLSchema-instance" xsi:schemaLocation="http://www.ibm.com/xmlmap foo.xsd ">
  <dataObject xsi:type="p:Sp_GpsGexpusrtUsp_Gps02_Get_Policy">
    <ppol_dtl_xml>ppol_dtl_xml</ppol_dtl_xml>
    <perr_code>0</perr_code>
    <perr_message>perr_message</perr_message>
    <cursorBO>
      <rowBO>
        <value>value</value>
        <binaryValue>0F00</binaryValue>
      </rowBO>
       <rowBO>
        <value>value2</value>
        <binaryValue>0F00</binaryValue>
      </rowBO>
      <columnName>PolicyNo</columnName>
      <columnName>SubmissionNo</columnName>
      <columnName>ProductLine</columnName>
      <columnType>columnType</columnType>
      
      <columnType>columnType</columnType>
    </cursorBO>
  </dataObject>
</xmlmap:datamap>
