<?xml version="1.0" encoding="UTF-8"?>
<bons0:LocationUpdateStatus bons0:processingStatus="" xmlns:bons0="http://aig.us.com/ges/common/v3" xmlns:ch="http://aig.com/CommonHeaderV12" xmlns:p="http://ws-i.org/profiles/basic/1.1/xsd" xmlns:xsi="http://www.w3.org/2001/XMLSchema-instance" xsi:schemaLocation="http://aig.us.com/ges/common/v3 GESCommon.xsd ">
  <bons0:Error>
    <bons0:ErrorCd>bons0:ErrorCd</bons0:ErrorCd>
    <bons0:ErrorMsg>bons0:ErrorMsg</bons0:ErrorMsg>
    <bons0:ErrorTyp>bons0:ErrorTyp</bons0:ErrorTyp>
    <bons0:ErrorDesc>bons0:ErrorDesc</bons0:ErrorDesc>
    <bons0:ErrorDetails>bons0:ErrorDetails</bons0:ErrorDetails>
  </bons0:Error>
  <bons0:LocationKeys>
    <bons0:GESLocationPhysicalObjectID>bons0:GESLocationPhysicalObjectID</bons0:GESLocationPhysicalObjectID>
    <bons0:MDMLocationHoldingID>bons0:MDMLocationHoldingID</bons0:MDMLocationHoldingID>
    <bons0:SourceLocationId>bons0:SourceLocationId</bons0:SourceLocationId>
  </bons0:LocationKeys>
</bons0:LocationUpdateStatus>
