<?xml version="1.0" encoding="UTF-8"?>
<common:LocationUpdates xmlns:aig="http://aig.com/CommonHeaderV12"
	xmlns:common="http://aig.us.com/ges/common/v3" xmlns:wsi="http://ws-i.org/profiles/basic/1.1/xsd"
	xmlns:xsi="http://www.w3.org/2001/XMLSchema-instance"
	xsi:schemaLocation="http://aig.us.com/ges/common/v3 GESCommon.xsd ">
	<common:LocationUpdate>
		<common:LocationId>12345</common:LocationId>
		<common:MDMHoldgId>35445444654656566</common:MDMHoldgId>
		<common:MDMAddrId>94358436737576745</common:MDMAddrId>
		<common:MDMContId>443545986985765969</common:MDMContId>
		<common:MDMContCmpntId>7357865964 4685445</common:MDMContCmpntId>
		<common:ProcessingStatus>COMPLETED</common:ProcessingStatus>
	</common:LocationUpdate>
	<common:LocationUpdate>
		<common:LocationId>12346</common:LocationId>
		<common:ProcessingStatus>FAILED</common:ProcessingStatus>
		<common:Error>
			<common:ErrorCd>GES-SYS-OTHERS</common:ErrorCd>
			<common:ErrorMsg>GES-SYS-OTHERS : Unable to perform MDM Add Transaction</common:ErrorMsg> <!--  This needs to be stored in TESB_CROSS_REFRENCEINFO ( ERR_MSG) -->
			<common:ErrorTyp>RUNTIME</common:ErrorTyp>
			<common:ErrorDesc>RUNTIME</common:ErrorDesc>
			<common:ErrorDetails>MDM : RC &lt;0&gt;> </common:ErrorDetails>  <!--  This needs to be stored in TESB_CROSS_REFRENCEINFO ( FAULT) -->
		</common:Error>
	</common:LocationUpdate>
</common:LocationUpdates>
