<?xml version="1.0" encoding="UTF-8"?>
	<!--
		Sample XML file generated by XMLSpy v2012 rel. 2 sp1
		(http://www.altova.com)
	-->
<GESExceptionRepo xmlns:xsi="http://www.w3.org/2001/XMLSchema-instance">
	<ModuleExcep moduleName="GES_BP_CommonService_v3_6_0">
		<operationExcep operationName="getLocationsFromGES">
			<errors>
				<errorCode>GES-SYS-M2O12010RQS1T1</errorCode>
				<errorDesc>An Internal error occurred processing the request .
					Please check with the System Administrator</errorDesc>
			</errors>
			<errors>
				<errorCode>GES-SYS-M2O12010S1RQS1T2</errorCode>
				<errorDesc>An Internal error occurred processing the request .
					Please check with the System Administrator</errorDesc>
			</errors>
			<errors>
				<errorCode>GES-SYS-M2O12010S1</errorCode>
				<errorDesc>An Internal error occurred processing the request
					.Unable to get Locations from GES .Please check with the System
					Administrator</errorDesc>
			</errors>
			<errors>
				<errorCode>GES-SYS-M2O12010O</errorCode>
				<errorDesc>An Internal error occurred processing the request
					.Please check with the System Administrator</errorDesc>
			</errors>
			<errors>
				<errorCode>GES-SYS-GNRCF3010</errorCode>
				<errorDesc>An Internal error occurred processing the request
					.Please check with the System Administrator</errorDesc>
			</errors>
			<errors>
				<errorCode>GES-SBE-M2O11010A1</errorCode>
				<errorDesc>Unable to get locations from GES DB | Incorrect SOV
					VersionId | SOV Id sent | No locations found in GES for the
					provided values</errorDesc>
			</errors>
		</operationExcep>
		<operationExcep operationName="updateLocationInGES">
			<errors>
				<errorCode>GES-SYS-M2O22010RQS1T1</errorCode>
				<errorDesc>System exception occurred</errorDesc>
			</errors>
			<errors>
				<errorCode>GES-SYS-M2O22010RQS2T2</errorCode>
				<errorDesc>System exception occurred</errorDesc>
			</errors>
			<errors>
				<errorCode>GES-SYS-M2O22010RQS3T3</errorCode>
				<errorDesc>System exception occurred</errorDesc>
			</errors>
			<errors>
				<errorCode>GES-SYS-M2O22010S1</errorCode>
				<errorDesc>An unexpected error occurred processing PBBI Multimatch
					Locations request</errorDesc>
			</errors>
			<errors>
				<errorCode>GES-SYS-M2O22010S2</errorCode>
				<errorDesc>An unexpected error occurred processing Augmented
					Locations request</errorDesc>
			</errors>
			<errors>
				<errorCode>GES-SYS-M2O22010S3</errorCode>
				<errorDesc>An unexpected error occurred processing MDM Dedupe
					Locations request</errorDesc>
			</errors>
			<errors>
				<errorCode>GES-SBE-M2O22010A1</errorCode>
				<errorDesc>Unable to update GES with PBBI Multimatch Locations</errorDesc>
			</errors>
			<errors>
				<errorCode>GES-SBE-M2O22010A2</errorCode>
				<errorDesc>Unable to update GES with Augmented Locations</errorDesc>
			</errors>
			<errors>
				<errorCode>GES-SBE-M2O22010A3</errorCode>
				<errorDesc>Unable to update GES with MDM DeDupe Locations</errorDesc>
			</errors>
			<errors>
				<errorCode>GES-SYS-M2O22010O</errorCode>
				<errorDesc>System exception occurred</errorDesc>
			</errors>
			<errors>
				<errorCode>GES-SYS-GNRCF3010</errorCode>
				<errorDesc>System exception occurred</errorDesc>
			</errors>
		</operationExcep>
		<operationExcep operationName="sendMessage">
			<errors>
				<errorCode>GES-SYS-M2O32010RQS1T1</errorCode>
				<errorDesc>System exception occurred</errorDesc>
			</errors>
			<errors>
				<errorCode>GES-SYS-M2O32010S1</errorCode>
				<errorDesc>System exception occurred</errorDesc>
			</errors>
			<errors>
				<errorCode>GES-SYS-M2O32010O</errorCode>
				<errorDesc>System exception occurred</errorDesc>
			</errors>
			<errors>
				<errorCode>GES-SYS-GNRCF3010</errorCode>
				<errorDesc>System exception occurred</errorDesc>
			</errors>
		</operationExcep>
		<operationExcep operationName="getMessage">
			<errors>
				<errorCode>GES-SYS-M2O42010RQS1T1</errorCode>
				<errorDesc>System exception occurred</errorDesc>
			</errors>
			<errors>
				<errorCode>GES-SYS-M2O42010T2</errorCode>
				<errorDesc>System exception occurred</errorDesc>
			</errors>
			<errors>
				<errorCode>GES-SYS-M2O42010S1</errorCode>
				<errorDesc>An unexpected error occurred while processing scrubbing
					request . Could not send Locations for Data Augmentation .Please
					check with System Administrator</errorDesc>
			</errors>
			<errors>
				<errorCode>GES-SYS-M2O42010S2</errorCode>
				<errorDesc>System exception occurred</errorDesc>
			</errors>
			<errors>
				<errorCode>GES-SYS-M2O42010O</errorCode>
				<errorDesc>System exception occurred</errorDesc>
			</errors>
			<errors>
				<errorCode>GES-SYS-GNRCF3010</errorCode>
				<errorDesc>System exception occurred</errorDesc>
			</errors>
		</operationExcep>
		<operationExcep operationName="filterRecords">
			<errors>
				<errorCode>GES-SYS-M2O52010T1</errorCode>
				<errorDesc>An Internal Error occurred . Please contact the System
					Administrator</errorDesc>
			</errors>
			<errors>
				<errorCode>GES-SYS-M2O52010O</errorCode>
				<errorDesc>An Internal Error occurred . Please contact the System
					Administrator</errorDesc>
			</errors>
			<errors>
				<errorCode>GES-SYS-GNRCF3010</errorCode>
				<errorDesc>An Internal Error occurred . Please contact the System
					Administrator</errorDesc>
			</errors>
		</operationExcep>
		<operationExcep operationName="filerRecordsByMatchKey">
			<errors>
				<errorCode>GES-SYS-M2O62010T1</errorCode>
				<errorDesc>System exception occurred</errorDesc>
			</errors>
			<errors>
				<errorCode>GES-SYS-M2O62010O</errorCode>
				<errorDesc>System exception occurred</errorDesc>
			</errors>
			<errors>
				<errorCode>GES-SYS-GNRCF3010</errorCode>
				<errorDesc>System exception occurred</errorDesc>
			</errors>
		</operationExcep>
	</ModuleExcep>
	<ModuleExcep moduleName="GES_BP_LocationScrubbingProcess_v3_6_0">
		<operationExcep operationName="scrubLocations">
			<errors>
				<errorCode>GES-BPSYS-M1O12010RSC1</errorCode>
				<errorDesc>An unexpected error occurred while processing scrub
					locations request</errorDesc>
			</errors>
			<errors>
				<errorCode>GES-BPSYS-M1O12010RSC1O</errorCode>
				<errorDesc>An unexpected error occurred while processing scrub
					locations request</errorDesc>
			</errors>
			<errors>
				<errorCode>GES-BPSBE-M1O11010BSC1</errorCode>
				<errorDesc>Number of Locations to be scrubbed not specified in
					Request .</errorDesc>
			</errors>
			<errors>
				<errorCode>GES-BPSYS-M1O12010RSC2</errorCode>
				<errorDesc>An unexpected error occurred while processing scrub
					locations request</errorDesc>
			</errors>
			<errors>
				<errorCode>GES-BPSBE-M1O11010BSC2</errorCode>
				<errorDesc>No locations are there to be scrubbed . Terminating the
					Scrubbing process</errorDesc>
			</errors>
			<errors>
				<errorCode>GES-BPSBE-M1O11010BSC3</errorCode>
				<errorDesc>Unable to get Locations from GES for Scrubbing </errorDesc>
			</errors>
			<errors>
				<errorCode>GES-BPSYS-M1O12010RSC3</errorCode>
				<errorDesc>Unable to get Locations from GES for Scrubbing .
					Please contact System Administrator .</errorDesc>
			</errors>
			<errors>
				<errorCode>GES-BPSYS-M1O12010RSC4</errorCode>
				<errorDesc>Unable to send Locations for Scrubbing . Please
					contact System Administrator .</errorDesc>
			</errors>
		</operationExcep>
	</ModuleExcep>
	<ModuleExcep moduleName="GES_BP_LocationDeDupeProcess_v3_6_0">
		<operationExcep operationName="doDeDupe">
			<errors>
				<errorCode>GES-BPSYS-M3O12010RMSC</errorCode>
				<errorDesc>A System exception occurred processing the location
					request </errorDesc>
			</errors>
			<errors>
				<errorCode>GES-BPSBE-M3O12010DDL</errorCode>
				<errorDesc>The given Location with Location Id
					resulted in 91-100%
					match . The Location will not be added to GES
					MDM </errorDesc>
			</errors>
			<errors>
				<errorCode>GES-BPSYS-M3O12010RSAG</errorCode>
				<errorDesc>A System error occurred . Please contact system
					administrator </errorDesc>
			</errors>
			<errors>
				<errorCode>GES-BPSYS-M3O12010RGLMDM</errorCode>
				<errorDesc>A System error occurred . Please contact system
					administrator </errorDesc>
			</errors>
			<errors>
				<errorCode>GES-BPSYS-M3O12010RSC1</errorCode>
				<errorDesc>A System error occurred . Please contact system
					administrator </errorDesc>
			</errors>
		</operationExcep>
	</ModuleExcep>
	<ModuleExcep moduleName="GES_BP_CleansingProcess_v3_6_0">
		<operationExcep operationName="scrubLocations">
			<!--  Faults associated with Endpoint Prepartion Scope  -->
			<errors>
				<errorCode>GES-BPSYS-M2O12010RUEP</errorCode>
				<errorDesc>Unable to continue with the Location Scrubbing due
					to a System exception . Please contact System administrator</errorDesc>
			</errors>
			<!--  Faults associated with Filter Records Scope  -->
			<errors>
				<errorCode>GES-BPSYS-M2O12010RUFR</errorCode>
				<errorDesc>Unable to continue with the Location Scrubbing due
					to a System exception . Please contact System administrator</errorDesc>
			</errors>
			<!--  Faults associated with MDM DeDupe Scope  -->
			<errors>
				<errorCode>GES-BPSYS-M2O12010RUMDMDD</errorCode>
				<errorDesc>Unable to continue with the Location Scrubbing due
					to a System exception . Please contact System administrator</errorDesc>
			</errors>
			<!--  Faults associated with AddContract opertaion Failure  -->
			<errors>
				<errorCode>GES-BPSYS-M2O12010RACMDM</errorCode>
				<errorDesc>Unable to add locations to MDM due to a system
					exception . Please contact system administrator </errorDesc>
			</errors>
			<!--  Faults associated with UpdateContract opertaion Failure  -->
			<errors>
				<errorCode>GES-BPSYS-M2O12010RUCMDM</errorCode>
				<errorDesc>Unable to update locations to MDM due to a system
					exception . Please contact system administrator </errorDesc>
			</errors>
			<!--  Faults associated with updateLocationsInGES opertaion Failure  -->
			<errors>
				<errorCode>GES-BPSYS-M2O12010RULMDM</errorCode>
				<errorDesc>An unexpected error occurred while updating MDM
					Augmented locations
					status in DB. Please
					contact system administrator</errorDesc>
			</errors>
			<errors>
				<errorCode>GES-BPSYS-M2O12010RULPBBI</errorCode>
				<errorDesc>An unexpected error occurred while updating
					PBBIMultimatch locations
					status in DB. Please
					contact system
					administrator</errorDesc>
			</errors>
			<errors>
				<errorCode>GES-BPSYS-M2O12010RULPBBIMT</errorCode>
				<errorDesc>An unexpected error occurred while perofming PBBI Match
					. Please
					contact system administrator</errorDesc>
			</errors>
			<!--
				Faults associated with LocationService PBBI StandardizeAndAugment
				opertaion Failure
			-->
			<errors>
				<errorCode>GES-BPSYS-M2O12010RSAGMPBBI</errorCode>
				<errorDesc>An unexpected error occurred while sending locations
					for Standardization and Augmentation . Please
					contact system
					administrator</errorDesc>
			</errors>
			<errors>
				<errorCode>GES-BPSBE-M2O12010RULSC1</errorCode>
				<errorDesc>An unexpected error occurred while updating location
					status in DB. Please
					contact system administrator</errorDesc>
			</errors>
			<errors>
				<errorCode>GES-BPSYS-M2O12010RULSC1</errorCode>
				<errorDesc>An unexpected error occurred while updating location
					status in DB. Please
					contact system administrator</errorDesc>
			</errors>
			<errors>
				<errorCode>GES-SYS-M2O12010RULF4</errorCode>
				<errorDesc>An unexpected error occurred while updating Exception
					location
					status in DB. Please
					contact system administrator</errorDesc>
			</errors>
			<!-- Faults associated with SearchLocations EP Scope   -->
			<errors>
				<errorCode>GES-BPSYS-M2O12010RSLRUEP</errorCode>
				<errorDesc>An unexpected error occurred while processing
					StandardizeAndAugmented Locations . Please
					contact system
					administrator</errorDesc>
			</errors>
			<!-- Faults associated with SearchLocations PBBIResponse Scope   -->
			<errors>
				<errorCode>GES-BPSYS-M2O12010RSLRUPBBI</errorCode>
				<errorDesc>An unexpected error occurred while processing
					StandardizeAndAugmented Location responses . Please
					contact system
					administrator</errorDesc>
			</errors>
			<errors>
				<errorCode>GES-BPSYS-M2O12010RSLRUMDM</errorCode>
				<errorDesc>An unexpected error occurred while performing MDM
					Search . Please
					contact system administrator</errorDesc>
			</errors>
			<errors>
				<errorCode>GES-BPSYS-M2O12010RSLRUPBBIM</errorCode>
				<errorDesc>An unexpected error occurred while determining the
					match key. Please
					contact system administrator</errorDesc>
			</errors>
			<errors>
				<errorCode>GES-BPSYS-M2O12010RSLRUMDMU</errorCode>
				<errorDesc>An unexpected error occurred while updating MDM with
					the location details . Please contact system administrator</errorDesc>
			</errors>
			<errors>
				<errorCode>GES-BPSYS-M2O12010RSLRUMDMA</errorCode>
				<errorDesc>An unexpected error occurred while adding Locations to
					MDM . Please contact system administrator</errorDesc>
			</errors>
			<errors>
				<errorCode>GES-BPSYS-M2O12010RSLRUGES</errorCode>
				<errorDesc>An unexpected error occurred while updating GES with
					MDM information . Please contact system administrator</errorDesc>
			</errors>
		</operationExcep>
		<operationExcep operationName="String">
			<errors>
				<errorCode>String</errorCode>
				<errorDesc>String</errorDesc>
			</errors>
			<errors>
				<errorCode>String</errorCode>
				<errorDesc>String</errorDesc>
			</errors>
			<errors>
				<errorCode>String</errorCode>
				<errorDesc>String</errorDesc>
			</errors>
			<errors>
				<errorCode>String</errorCode>
				<errorDesc>String</errorDesc>
			</errors>
		</operationExcep>
		<operationExcep operationName="String">
			<errors>
				<errorCode>String</errorCode>
				<errorDesc>String</errorDesc>
			</errors>
			<errors>
				<errorCode>String</errorCode>
				<errorDesc>String</errorDesc>
			</errors>
			<errors>
				<errorCode>String</errorCode>
				<errorDesc>String</errorDesc>
			</errors>
			<errors>
				<errorCode>String</errorCode>
				<errorDesc>String</errorDesc>
			</errors>
		</operationExcep>
		<operationExcep operationName="String">
			<errors>
				<errorCode>String</errorCode>
				<errorDesc>String</errorDesc>
			</errors>
			<errors>
				<errorCode>String</errorCode>
				<errorDesc>String</errorDesc>
			</errors>
			<errors>
				<errorCode>String</errorCode>
				<errorDesc>String</errorDesc>
			</errors>
			<errors>
				<errorCode>String</errorCode>
				<errorDesc>String</errorDesc>
			</errors>
		</operationExcep>
	</ModuleExcep>

	<ModuleExcep moduleName="GES_BP_DBUpdateHandler_v3_6_0">
		<operationExcep operationName="handleRuntimeExceptions">
			<errors>
				<errorCode>GES-SYS-M4O12010T1</errorCode>
				<errorDesc>System exception occurred</errorDesc>
			</errors>
			<errors>
				<errorCode>GES-SYS-M4O12010S1</errorCode>
				<errorDesc>System exception occurred</errorDesc>
			</errors>
			<errors>
				<errorCode>GES-SYS-M4O12010O</errorCode>
				<errorDesc>System exception occurred</errorDesc>
			</errors>
			<errors>
				<errorCode>GES-SBE-M4O11010A1</errorCode>
				<errorDesc>Unable to update failed location status to GES DB</errorDesc>
			</errors>
			<errors>
				<errorCode>GES-SYS-GNRCF3010</errorCode>
				<errorDesc>System exception occurred</errorDesc>
			</errors>
		</operationExcep>
		<operationExcep operationName="updatePBBIExceptions">
			<errors>
				<errorCode>GES-SYS-M4O22010T1</errorCode>
				<errorDesc>System exception occurred</errorDesc>
			</errors>
			<errors>
				<errorCode>GES-SYS-M4O22010S1</errorCode>
				<errorDesc>System exception occurred</errorDesc>
			</errors>
			<errors>
				<errorCode>GES-SYS-M4O22010O</errorCode>
				<errorDesc>System exception occurred</errorDesc>
			</errors>
			<errors>
				<errorCode>GES-SBE-M4O21010A1</errorCode>
				<errorDesc>Unable to update PBBI Exception Locations to GES DB</errorDesc>
			</errors>
			<errors>
				<errorCode>GES-SYS-GNRCF3010</errorCode>
				<errorDesc>System exception occurred</errorDesc>
			</errors>
		</operationExcep>
		<operationExcep operationName="updateMDMExceptions">
			<errors>
				<errorCode>GES-SYS-M4O32010T1</errorCode>
				<errorDesc>System exception occurred</errorDesc>
			</errors>
			<errors>
				<errorCode>GES-SYS-M4O32010S1</errorCode>
				<errorDesc>Unable to update MDM Exception Locations to GES DB</errorDesc>
			</errors>
			<errors>
				<errorCode>GES-SYS-M4O32010O</errorCode>
				<errorDesc>System exception occurred</errorDesc>
			</errors>
			<errors>
				<errorCode>GES-SBE-M4O31010A1</errorCode>
				<errorDesc>Unable to update MDM Exception Locations to GES DB</errorDesc>
			</errors>
			<errors>
				<errorCode>GES-SYS-GNRCF3010</errorCode>
				<errorDesc>System exception occurred</errorDesc>
			</errors>
		</operationExcep>
		<operationExcep operationName="updateAugmentedLocation">
			<errors>
				<errorCode>GES-SYS-M4O42010T1</errorCode>
				<errorDesc>System exception occurred</errorDesc>
			</errors>
			<errors>
				<errorCode>GES-SYS-M4O42010S1</errorCode>
				<errorDesc>Unable to update Augmented Locations to GES DB</errorDesc>
			</errors>
			<errors>
				<errorCode>GES-SYS-M4O42010O</errorCode>
				<errorDesc>System exception occurred</errorDesc>
			</errors>
			<errors>
				<errorCode>GES-SBE-M4O41010A1</errorCode>
				<errorDesc>Unable to update Augmented Locations to GES DB</errorDesc>
			</errors>
			<errors>
				<errorCode>GES-SYS-GNRCF3010</errorCode>
				<errorDesc>System exception occurred</errorDesc>
			</errors>
		</operationExcep>
	</ModuleExcep>
	<ModuleExcep moduleName="XMLConfig">
		<operationExcep operationName="getURIE1">
			<errors>
				<errorCode>GES-SYS-U1O12010E1</errorCode>
				<errorDesc>An Internal error occurred processing the request
					.Please check with the System Administrator</errorDesc>
			</errors>
			<errors>
				<errorCode>GES-SYS-U1O12010E2</errorCode>
				<errorDesc>An Internal error occurred processing the request
					.Please check with the System Administrator</errorDesc>
			</errors>
			<errors>
				<errorCode>GES-SYS-U1O12010E3</errorCode>
				<errorDesc>An Internal error occurred processing the request
					.Please check with the System Administrator</errorDesc>
			</errors>
			<errors>
				<errorCode>GES-SYS-U1O12010E4</errorCode>
				<errorDesc>An Internal error occurred processing the request
					.Please check with the System Administrator</errorDesc>
			</errors>
		</operationExcep>
	</ModuleExcep>
	<ModuleExcep moduleName="GESLoggerV4">
		<operationExcep operationName="getGesLogger">
			<errors>
				<errorCode>GES-SYS-U2O12010E1</errorCode>
				<errorDesc>An Internal error occurred processing the request
					.Please check with the System Administrator</errorDesc>
			</errors>
		</operationExcep>
		<operationExcep operationName="entering">
			<errors>
				<errorCode>GES-SYS-U2O22010E1</errorCode>
				<errorDesc>An Internal error occurred processing the request
					.Please check with the System Administrator</errorDesc>
			</errors>
		</operationExcep>
		<operationExcep operationName="enteringDO">
			<errors>
				<errorCode>GES-SYS-U2O32010E1</errorCode>
				<errorDesc>An Internal error occurred processing the request
					.Please check with the System Administrator</errorDesc>
			</errors>
		</operationExcep>
		<operationExcep operationName="exiting">
			<errors>
				<errorCode>GES-SYS-U2O42010E1</errorCode>
				<errorDesc>An Internal error occurred processing the request
					.Please check with the System Administrator</errorDesc>
			</errors>
		</operationExcep>
		<operationExcep operationName="exitingDO">
			<errors>
				<errorCode>GES-SYS-U2O52010E1</errorCode>
				<errorDesc>An Internal error occurred processing the request
					.Please check with the System Administrator</errorDesc>
			</errors>
		</operationExcep>
		<operationExcep operationName="logInfo">
			<errors>
				<errorCode>GES-SYS-U2O62010E1</errorCode>
				<errorDesc>An Internal error occurred processing the request
					.Please check with the System Administrator</errorDesc>
			</errors>
		</operationExcep>
		<operationExcep operationName="logInfoDO">
			<errors>
				<errorCode>GES-SYS-U2O72010E1</errorCode>
				<errorDesc>An Internal error occurred processing the request
					.Please check with the System Administrator</errorDesc>
			</errors>
		</operationExcep>
		<operationExcep operationName="logFinest">
			<errors>
				<errorCode>GES-SYS-U2O82010E1</errorCode>
				<errorDesc>An Internal error occurred processing the request
					.Please check with the System Administrator</errorDesc>
			</errors>
		</operationExcep>
		<operationExcep operationName="logFinestDO">
			<errors>
				<errorCode>GES-SYS-U2O92010E1</errorCode>
				<errorDesc>An Internal error occurred processing the request
					.Please check with the System Administrator</errorDesc>
			</errors>
		</operationExcep>
		<operationExcep operationName="logSevere">
			<errors>
				<errorCode>GES-SYS-U2O12010E2</errorCode>
				<errorDesc>An Internal error occurred processing the request
					.Please check with the System Administrator</errorDesc>
			</errors>
		</operationExcep>
		<operationExcep operationName="logSevereDO">
			<errors>
				<errorCode>GES-SYS-U2O22010E2</errorCode>
				<errorDesc>An Internal error occurred processing the request
					.Please check with the System Administrator</errorDesc>
			</errors>
		</operationExcep>
		<operationExcep operationName="logWarning">
			<errors>
				<errorCode>GES-SYS-U2O32010E2</errorCode>
				<errorDesc>An Internal error occurred processing the request
					.Please check with the System Administrator</errorDesc>
			</errors>
		</operationExcep>
		<operationExcep operationName="logWarningDO">
			<errors>
				<errorCode>GES-SYS-U2O42010E2</errorCode>
				<errorDesc>An Internal error occurred processing the request
					.Please check with the System Administrator</errorDesc>
			</errors>
		</operationExcep>
	</ModuleExcep>
	<ModuleExcep moduleName="GES_BP_LocationExposureService_v3_5_0">
		<operationExcep operationName="getAccounts">
			<errors>
				<errorCode>GES-SYS-LEXSACCNTSVCS1</errorCode>
				<errorDesc>Unable to get Account information from GES
					Repository.Please contact system administrator </errorDesc>
			</errors>
			<errors>
				<errorCode>GES-SYS-LEXSACCNTSVCO</errorCode>
				<errorDesc>Unable to get Account information GES
					Repository.Please contact system administrator </errorDesc>
			</errors>
			<errors>
				<errorCode>GES-SYS-LEXSACCNTSVCR</errorCode>
				<errorDesc>UnSupported Request type . Please give
					a valid
					request message</errorDesc>
			</errors>
		</operationExcep>
		<operationExcep operationName="getLocations">
			<errors>
				<errorCode>GES-SYS-LEXSLOCHSVCS1</errorCode>
				<errorDesc>Unable to get Location high level information from
					GES Repository.Please contact system administrator </errorDesc>
			</errors>
			<errors>
				<errorCode>GES-SYS-LEXSLOCHSVCO</errorCode>
				<errorDesc>Unable to get Location high level information from
					GES Repository.Please contact system administrator</errorDesc>
			</errors>
			<errors>
				<errorCode>GES-SYS-LEXSLOCHSVCR</errorCode>
				<errorDesc>UnSupported Request type . Please give
					a valid
					request message</errorDesc>
			</errors>
		</operationExcep>
		<operationExcep operationName="getLocationDetails">
			<errors>
				<errorCode>GES-SYS-LEXSLOCLSVCS1</errorCode>
				<errorDesc>Unable to get Location low level information from
					GES Repository.Please contact system administrator</errorDesc>
			</errors>
			<errors>
				<errorCode>GES-SYS-LEXSLOCLSVCO</errorCode>
				<errorDesc>Unable to get Location low level information from
					GES Repository.Please contact system administrator</errorDesc>
			</errors>
			<errors>
				<errorCode>GES-SYS-LEXSLOCLSVCMSGINVLD</errorCode>
				<errorDesc>Invalid Message Type . Please check the Service
					contract ( WSDL ) </errorDesc>
			</errors>
			<errors>
				<errorCode>GES-SYS-LEXSLOCLSVCINVLD</errorCode>
				<errorDesc>An unexpected error processing request . Please contact
					support</errorDesc>
			</errors>
			<errors>
				<errorCode>GES-SYS-LEXSLOCLMDMSVCS1</errorCode>
				<errorDesc>Unable to get Location low level information from
					GES .Please contact system administrator</errorDesc>
			</errors>
		</operationExcep>
	</ModuleExcep>
	<ModuleExcep moduleName="GES_BP_IntegrationServiceGateway_v3_5_0">
		<operationExcep operationName="getAccounts">
			<errors>
				<errorCode>GES-SYS-SGLEXSACCNTS1</errorCode>
				<errorDesc>Unable to get Account information from GES
					Repository.Please contact system administrator </errorDesc>
			</errors>
			<errors>
				<errorCode>GES-SYS-SGLEXSACCNTO</errorCode>
				<errorDesc>Unable to get Account information GES
					Repository.Please contact system administrator </errorDesc>
			</errors>
		</operationExcep>
		<operationExcep operationName="getLocations">
			<errors>
				<errorCode>GES-SYS-SGLEXSLOCHS1</errorCode>
				<errorDesc>Unable to get Location high level information from
					GES Repository.Please contact system administrator</errorDesc>
			</errors>
			<errors>
				<errorCode>GES-SYS-SGLEXSLOCHO</errorCode>
				<errorDesc>Unable to get Location high level information from
					GES Repository.Please contact system administrator </errorDesc>
			</errors>
		</operationExcep>
		<operationExcep operationName="getLocationDetails">
			<errors>
				<errorCode>GES-SYS-SGLEXSLOCLS1</errorCode>
				<errorDesc>Unable to get Location low level information from
					GES Repository.Please contact system administrator</errorDesc>
			</errors>
			<errors>
				<errorCode>GES-SYS-SGLEXSLOCLO</errorCode>
				<errorDesc>Unable to get Location low level information from
					GES Repository.Please contact system administrator</errorDesc>
			</errors>
		</operationExcep>
		<operationExcep operationName="requestResponse">
			<errors>
				<errorCode>GES-SYS-SGTSO</errorCode>
				<errorDesc>Unable to perform the requested operation.Please
					contact system administrator </errorDesc>
			</errors>
			<errors>
				<errorCode>GES-SYS-SGTNR</errorCode>
				<errorDesc>Gateway is not Ready to use at this point of time.Please
					contact system administrator </errorDesc>
			</errors>
			<errors>
				<errorCode>GES-SYS-SGTS1</errorCode>
				<errorDesc>Unable to get requested details .Please Re-try or
					contact system administrator </errorDesc>
			</errors>
			<errors>
				<errorCode>GES-SYS-SGUNSUPOP</errorCode>
				<errorDesc>UnSupported Operation . Please check the SOAP
					Action . Please check the Service Contract</errorDesc>
			</errors>
			
		</operationExcep>
	</ModuleExcep>
	<ModuleExcep moduleName="GES_BP_LocationScrubbingService_v3_6_0">
		<operationExcep operationName="scrubLocations">
			<errors>
				<errorCode>GES-SYS-M1O12010RQS1T1</errorCode>
				<errorDesc>Unable to send Locations for scrubbing . Please
					contact system administrator </errorDesc>
			</errors>
			<errors>
				<errorCode>GES-SYS-M1O12010S1</errorCode>
				<errorDesc>Unable to send Locations for scrubbing . Please
					contact system administrator  </errorDesc>
			</errors>
			<errors>
				<errorCode>GES-SYS-M1O12010O</errorCode>
				<errorDesc>Unable to send Locations for scrubbing . Please
					contact system administrator </errorDesc>
			</errors>
			<errors>
				<errorCode>GES-SYS-GNRCF3010</errorCode>
				<errorDesc>Unable to send Locations for scrubbing . Please
					contact system administrator </errorDesc>
			</errors>
			<errors>
				<errorCode>GES-SBE-M1O11010A1</errorCode>
				<errorDesc>Unable to send Locations for scrubbing . Please
					contact system administrator </errorDesc>
			</errors>
			<errors>
				<errorCode>GES-VALID-M1O12010V</errorCode>
				<errorDesc>Input Message is invalid .Unable to send Locations
					for scrubbing . Please
					contact system administrator </errorDesc>
			</errors>
		</operationExcep>
		<operationExcep operationName="notifyAddLocations">
			<errors>
				<errorCode>GES-SYS-LSSNALSVCS1</errorCode>
				<errorDesc>Unable to notify new Locations added to the account
					due
					to a system exception . Please contact GES support </errorDesc>
			</errors>
			<errors>
				<errorCode>GES-SYS-LSSNALO</errorCode>
				<errorDesc>Unable to notify new Locations added to the account
					due
					to a system exception . Please contact GES support</errorDesc>
			</errors>
			<errors>
				<errorCode>GES-SYS-GNRCF3010</errorCode>
				<errorDesc>An Internal error occurred processing the request
					.Please check with the System Administrator</errorDesc>
			</errors>
			<errors>
				<errorCode>GES-SYS-LSSNALUNSMTYPE</errorCode>
				<errorDesc>Unsupported Message type . Request cannot be
					processed .Please check the service contract </errorDesc>
			</errors>
		</operationExcep>
		<operationExcep operationName="notifyBoundLocations">
			<errors>
				<errorCode>GES-SYS-LSSNBLSVCS1</errorCode>
				<errorDesc>Unable to notify bound Locations added to the
					account due
					to a system exception . Please contact GES support </errorDesc>
			</errors>
			<errors>
				<errorCode>GES-SYS-LSSNBLO</errorCode>
				<errorDesc>Unable to notify bound Locations added to the
					account due
					to a system exception . Please contact GES support</errorDesc>
			</errors>
			<errors>
				<errorCode>GES-SYS-GNRCF3010</errorCode>
				<errorDesc>An Internal error occurred processing the request
					.Please check with the System Administrator</errorDesc>
			</errors>
			<errors>
				<errorCode>GES-SYS-LSSNBLUNSMTYPE</errorCode>
				<errorDesc>Unsupported Message type . Request cannot be
					processed .Please check the service contract </errorDesc>
			</errors>
		</operationExcep>
	</ModuleExcep>
	<ModuleExcep moduleName="GES_BP_PBBILocationService_v3_6_0">
		<operationExcep operationName="getGeoCode">
			<errors>
				<errorCode>GES-SYS-M3O12010T1</errorCode>
				<errorDesc>System exception occurred</errorDesc>
			</errors>
			<errors>
				<errorCode>GES-SYS-M3O12010C0</errorCode>
				<errorDesc>System exception occurred. Runtime Primitive Exception Occured.</errorDesc>
			</errors>
			<errors>
				<errorCode>GES-SYS-M3O12010S1</errorCode>
				<errorDesc>System exception occurred.  Exception Occured during Service Invoke Runtime(PBBI GetGeoCode Service).</errorDesc>
			</errors>
			<errors>
				<errorCode>GES-SYS-M3O12010T2</errorCode>
				<errorDesc>System exception occurred</errorDesc>
			</errors>
			<errors>
				<errorCode>GES-SYS-M3O12010S1</errorCode>
				<errorDesc>System exception occurred</errorDesc>
			</errors>
			<errors>
				<errorCode>GES-SYS-M3O12010O</errorCode>
				<errorDesc>System exception occurred</errorDesc>
			</errors>
			<errors>
				<errorCode>GES-SBE-M3O11010A1</errorCode>
				<errorDesc>Unable to send for Geo Code</errorDesc>
			</errors>
			<errors>
				<errorCode>GES-SYS-GNRCF3010</errorCode>
				<errorDesc>System exception occurred</errorDesc>
			</errors>
		</operationExcep>
		<operationExcep operationName="getCanadaFloodZoneCode">
			<errors>
				<errorCode>GES-SYS-M3O22010C0</errorCode>
				<errorDesc>System exception occurred. Runtime Primitive Exception Occured.</errorDesc>
			</errors>
			<errors>
				<errorCode>GES-SYS-M3O22010S1</errorCode>
				<errorDesc>System exception occurred. Exception Occured during Service Invoke Runtime(PBBI GetCanadaFloodZone Service).</errorDesc>
			</errors>
			<errors>
				<errorCode>GES-SYS-M3O22010T1</errorCode>
				<errorDesc>System exception occurred</errorDesc>
			</errors>
			<errors>
				<errorCode>GES-SYS-M3O22010T2</errorCode>
				<errorDesc>System exception occurred</errorDesc>
			</errors>
			<errors>
				<errorCode>GES-SYS-M3O22010S1</errorCode>
				<errorDesc>System exception occurred</errorDesc>
			</errors>
			<errors>
				<errorCode>GES-SYS-M3O22010O</errorCode>
				<errorDesc>System exception occurred</errorDesc>
			</errors>
			<errors>
				<errorCode>GES-SBE-M3O21010A1</errorCode>
				<errorDesc>Unable to send for Canada Flood Zone Code</errorDesc>
			</errors>
			<errors>
				<errorCode>GES-SYS-GNRCF3010</errorCode>
				<errorDesc>System exception occurred</errorDesc>
			</errors>
		</operationExcep>
		<operationExcep operationName="getCrestaCode">
			<errors>
				<errorCode>GES-SYS-M3O32010C0</errorCode>
				<errorDesc>System exception occurred. Runtime Primitive Exception Occured.</errorDesc>
			</errors>
			<errors>
				<errorCode>GES-SYS-M3O32010S1</errorCode>
				<errorDesc>System exception occurred. Exception Occured during Service Invoke Runtime(PBBI GetCrestaCode Service).</errorDesc>
			</errors>
			<errors>
				<errorCode>GES-SYS-M3O32010T1</errorCode>
				<errorDesc>System exception occurred</errorDesc>
			</errors>
			<errors>
				<errorCode>GES-SYS-M3O32010T2</errorCode>
				<errorDesc>System exception occurred</errorDesc>
			</errors>
			<errors>
				<errorCode>GES-SYS-M3O32010S1</errorCode>
				<errorDesc>System exception occurred</errorDesc>
			</errors>
			<errors>
				<errorCode>GES-SYS-M3O32010O</errorCode>
				<errorDesc>System exception occurred</errorDesc>
			</errors>
			<errors>
				<errorCode>GES-SBE-M3O31010A1</errorCode>
				<errorDesc>Unable to send to Cresta Code</errorDesc>
			</errors>
			<errors>
				<errorCode>GES-SYS-GNRCF3010</errorCode>
				<errorDesc>System exception occurred</errorDesc>
			</errors>
		</operationExcep>
		<operationExcep operationName="matchLocations">
			<errors>
				<errorCode>GES-SYS-M3O52010C0. Runtime Primitive Exception Occured.</errorCode>
				<errorDesc>System exception occurred</errorDesc>
			</errors>
			<errors>
				<errorCode>GES-SYS-M3O52010S1</errorCode>
				<errorDesc>System exception occurred. Exception Occured during Service Invoke Runtime(Match Location Service).</errorDesc>
			</errors>
			<errors>
				<errorCode>GES-SYS-M3O52010T1</errorCode>
				<errorDesc>System exception occurred</errorDesc>
			</errors>
			<errors>
				<errorCode>GES-SYS-M3O52010T2</errorCode>
				<errorDesc>System exception occurred</errorDesc>
			</errors>
			<errors>
				<errorCode>GES-SYS-M3O52010T3</errorCode>
				<errorDesc>System exception occurred</errorDesc>
			</errors>
			<errors>
				<errorCode>GES-SYS-M3O52010S1</errorCode>
				<errorDesc>System exception occurred</errorDesc>
			</errors>
			<errors>
				<errorCode>GES-SYS-M3O52010O</errorCode>
				<errorDesc>System exception occurred</errorDesc>
			</errors>
			<errors>
				<errorCode>GES-SBE-M3O51010A1</errorCode>
				<errorDesc>Unable to process Match Locations</errorDesc>
			</errors>
			<errors>
				<errorCode>GES-SYS-GNRCF3010</errorCode>
				<errorDesc>System exception occurred</errorDesc>
			</errors>
		</operationExcep>
		<operationExcep operationName="standardizeLocations">
			<errors>
				<errorCode>GES-SYS-M3O62010C0</errorCode>
				<errorDesc>System exception occurred . Runtime Primitive Exception Occured.</errorDesc>
			</errors>
			<errors>
				<errorCode>GES-SYS-M3O62010S1</errorCode>
				<errorDesc>System exception occurred . Exception Occured during Service Invoke Runtime(StandardizeGloballocation Service).</errorDesc>
			</errors>
			<errors>
				<errorCode>GES-SYS-M3O62010T1</errorCode>
				<errorDesc>System exception occurred . Unable to prepare PBBI
					Request for StandardizeLocationService</errorDesc>
			</errors>
			<errors>
				<errorCode>GES-SYS-M3O62010T2</errorCode>
				<errorDesc>System exception occurred. Unable to prepare
					LocationServiceV2 Response from PBBI
					StandardizeGlobalLocationService Response</errorDesc>
			</errors>
			<errors>
				<errorCode>GES-SYS-M3O62010T3</errorCode>
				<errorDesc>System exception occurred. Unable to prepare PBBI
					Request for StandardizeLocationService</errorDesc>
			</errors>
			<errors>
				<errorCode>GES-SYS-M3O62010V1</errorCode>
				<errorDesc>Unable to process StandardizeGlobalLocation Request
					. Invalid Message sent . Please try with proper request</errorDesc>
			</errors>
			<errors>
				<errorCode>GES-SYS-M3O62010S1</errorCode>
				<errorDesc>Unable to Send for Standardize Locations . A
					Runtime error occurred invoking PBBI Service </errorDesc>
			</errors>
			<errors>
				<errorCode>GES-SYS-M3O62010O</errorCode>
				<errorDesc>System exception occurred</errorDesc>
			</errors>
			<errors>
				<errorCode>GES-SBE-M3O61010A1</errorCode>
				<errorDesc>Unable to Send for Standardize Locations . PBBI
					Service Invocation Fault Received</errorDesc>
			</errors>
			<errors>
				<errorCode>GES-SYS-GNRCF3010</errorCode>
				<errorDesc>System exception occurred</errorDesc>
			</errors>
		</operationExcep>
		<operationExcep operationName="standardizeAndAugmentLocations">
			<errors>
				<errorCode>GES-SYS-M3O72010C0</errorCode>
				<errorDesc>System exception occurred. Runtime Primitive Exception Occured.</errorDesc>
			</errors>
			<errors>
				<errorCode>GES-SYS-M3O72010S1</errorCode>
				<errorDesc>System exception occurred. Exception Occured during Service Invoke Runtime(PBBI Standardize and Augment Service).</errorDesc>
			</errors>
			<errors>
				<errorCode>
					GES-SYS-M3O72010T1</errorCode>
				<errorDesc>System exception occurred . Unable to Prepare
					LocationService StandardizeAndAugmentLocation Service Request</errorDesc>
			</errors>
			<errors>
				<errorCode>
					GES-SYS-M3O72010T2</errorCode>
				<errorDesc>System exception occurred . Unable to Prepare
					LocationService StandardizeAndAugmentLocation Service Response</errorDesc>
			</errors>
			<errors>
				<errorCode>GES-SYS-M3O72010T3</errorCode>
				<errorDesc>System exception occurred</errorDesc>
			</errors>
			<errors>
				<errorCode>GES-SYS-M3O72010T4</errorCode>
				<errorDesc>System exception occurred</errorDesc>
			</errors>
			<errors>
				<errorCode>GES-SYS-M3O72010S1</errorCode>
				<errorDesc>System exception occurred . Unable to send
					locations for StandardizeAndAugmentation</errorDesc>
			</errors>
			<errors>
				<errorCode>GES-SYS-M3O72010O</errorCode>
				<errorDesc>System exception occurred</errorDesc>
			</errors>
			<errors>
				<errorCode>GES-SBE-M3O71010A1</errorCode>
				<errorDesc>Unable to Send for StandardizeAndAugment Locations
					. Service Invocation Fault Received from PBBI</errorDesc>
			</errors>
			<errors>
				<errorCode>GES-SYS-GNRCF3010</errorCode>
				<errorDesc>System exception occurred</errorDesc>
			</errors>
			
			
		</operationExcep>
	</ModuleExcep>
	<ModuleExcep moduleName="GES_BP_MDMLocationService_v3_6_0">
		<operationExcep operationName="getLocationDetails">
			<errors>
				<errorCode>GES-SYS-AIGMDMSVCGLDS1</errorCode>
				<errorDesc>Unable to get the location details from MDM due to
					to a system exception . Please contact GES support </errorDesc>
			</errors>
			<errors>
				<errorCode>GES-SYS-AIGMDMSVCGLDA1</errorCode>
				<errorDesc>Unable to get the locations from MDM due
					to a
					Business Exception . Please Check the Error Code and details </errorDesc>
			</errors>
			<errors>
				<errorCode>GES-SYS-AIGMDMSVCGLDO1</errorCode>
				<errorDesc>Unable to get the locations from MDM due
					to a system
					Exception . Please Check the Error Code and details </errorDesc>
			</errors>
			<errors>
				<errorCode>GES-SYS-GNRCF3010</errorCode>
				<errorDesc>An Internal error occurred processing the request
					.Please check with the System Administrator</errorDesc>
			</errors>
		</operationExcep>
		<operationExcep operationName="addLocations">
			<errors>
				<errorCode>GES-SYS-M3O42010T1</errorCode>
				<errorDesc>System exception occurred</errorDesc>
			</errors>
			<errors>
				<errorCode>GES-SYS-M3O42010T2</errorCode>
				<errorDesc>System exception occurred</errorDesc>
			</errors>
			<errors>
				<errorCode>GES-SYS-M3O42010S1</errorCode>
				<errorDesc>System exception occurred</errorDesc>
			</errors>
			<errors>
				<errorCode>GES-SYS-M3O42010O</errorCode>
				<errorDesc>System exception occurred</errorDesc>
			</errors>
			<errors>
				<errorCode>GES-SBE-M3O41010A1</errorCode>
				<errorDesc>Unable to process GES Locations for MDM
					AddContractService</errorDesc>
			</errors>
			<errors>
				<errorCode>GES-SYS-GNRCF3010</errorCode>
				<errorDesc>System exception occurred</errorDesc>
			</errors>
		</operationExcep>
		<operationExcep operationName="getLocations">
			<errors>
				<errorCode>GES-SYS-M3O82010T1</errorCode>
				<errorDesc>System exception occurred</errorDesc>
			</errors>
			<errors>
				<errorCode>GES-SYS-M3O82010T2</errorCode>
				<errorDesc>System exception occurred</errorDesc>
			</errors>
			<errors>
				<errorCode>GES-SYS-M3O82010T3</errorCode>
				<errorDesc>System exception occurred</errorDesc>
			</errors>
			<errors>
				<errorCode>GES-SYS-GNRCF3010</errorCode>
				<errorDesc>System exception occurred</errorDesc>
			</errors>
			<errors>
				<errorCode>GES-SYS-M3O82010T4</errorCode>
				<errorDesc>System exception occurred</errorDesc>
			</errors>
			<errors>
				<errorCode>GES-SYS-M3O82010S1</errorCode>
				<errorDesc>System exception occurred</errorDesc>
			</errors>
			<errors>
				<errorCode>GES-SYS-M3O82010S2</errorCode>
				<errorDesc>System exception occurred</errorDesc>
			</errors>
			<errors>
				<errorCode>GES-SYS-M3O82010O</errorCode>
				<errorDesc>System exception occurred</errorDesc>
			</errors>
			<errors>
				<errorCode>GES-SBE-M3O81010A1</errorCode>
				<errorDesc>Unable to process search Locations</errorDesc>
			</errors>
			<errors>
				<errorCode>GES-SBE-M3O81010A2</errorCode>
				<errorDesc>Unable to process add Locations</errorDesc>
			</errors>
		</operationExcep>
		<operationExcep operationName="updateContract">
			<errors>
				<errorCode>GES-SYS-M3O92010T1</errorCode>
				<errorDesc>System exception occurred</errorDesc>
			</errors>
			<errors>
				<errorCode>GES-SYS-M3O92010T2</errorCode>
				<errorDesc>System exception occurred</errorDesc>
			</errors>
			<errors>
				<errorCode>GES-SYS-M3O92010S1</errorCode>
				<errorDesc>System exception occurred</errorDesc>
			</errors>
			<errors>
				<errorCode>GES-SYS-M3O92010O</errorCode>
				<errorDesc>System exception occurred</errorDesc>
			</errors>
			<errors>
				<errorCode>GES-SBE-M3O91010A1</errorCode>
				<errorDesc>Unable to process update contract</errorDesc>
			</errors>
			<errors>
				<errorCode>GES-SYS-GNRCF3010</errorCode>
				<errorDesc>System exception occurred</errorDesc>
			</errors>
		</operationExcep>
	</ModuleExcep>
	<ModuleExcep moduleName="GES_BP_DataService_v3_6_0">
		<operationExcep operationName="updateEngineeringDetails">
			<errors>
				<errorCode>GES-SYS-DSUEDCONSVCS1</errorCode>
				<errorDesc>Unable to update Location Engineering details in
					GES . Please contact GES support </errorDesc>
			</errors>
			<errors>
				<errorCode>GES-SYS-DSUEDCONSVCA1</errorCode>
				<errorDesc>Unable to update Location Engineering details in
					GES . Please contact GES support </errorDesc>
			</errors>
			<errors>
				<errorCode>GES-SYS-DSUEDO1</errorCode>
				<errorDesc>Unable to update Location Engineering details in
					GES due to a system exception. Please contact GES support</errorDesc>
			</errors>
			<errors>
				<errorCode>GES-SYS-GNRCF3010</errorCode>
				<errorDesc>An Internal error occurred processing the request
					.Please check with the System Administrator</errorDesc>
			</errors>
		</operationExcep>
	</ModuleExcep>
	<ModuleExcep moduleName="GES_BP_LocationExposureNotificationService_v3_5_0">
		<operationExcep operationName="receiveLocationUpdates">
			<errors>
				<errorCode>GES-SYS-LEXNSRLO1</errorCode>
				<errorDesc>Unable to process location engineering updates .
					Please contact GES support </errorDesc>
			</errors>
			<errors>
				<errorCode>GES-SYS-LEXNSRLINVLD</errorCode>
				<errorDesc>Unable to process location engineering updates .
					Unexpected format of message received . please correct and retry </errorDesc>
			</errors>
			<errors>
				<errorCode>GES-SYS-LEXNSRLNLOC</errorCode>
				<errorDesc>No updates exist in the request . Please provide the
					message with engineering updates</errorDesc>
			</errors>
			<errors>
				<errorCode>GES-SYS-LEXNSRLCMNSVCS1</errorCode>
				<errorDesc>Unable to process location engineering updates .
					Please contact GES support </errorDesc>
			</errors>
			<errors>
				<errorCode>GES-SYS-LEXNSRLCMNSVCA1</errorCode>
				<errorDesc>Unable to process location engineering updates .
					Please contact GES support </errorDesc>
			</errors>
			<errors>
				<errorCode>GES-SYS-LEXNSRLLDDSVCS1</errorCode>
				<errorDesc>Unable to process location engineering updates .
					Please contact GES support </errorDesc>
			</errors>
			<errors>
				<errorCode>GES-SYS-LEXNSRLLDDSVCA1</errorCode>
				<errorDesc>Unable to process location engineering updates .
					Please contact GES support </errorDesc>
			</errors>
			<errors>
				<errorCode>GES-SYS-LEXNSRLGCSVCS1</errorCode>
				<errorDesc>Unable to process location engineering updates .
					Please contact GES support </errorDesc>
			</errors>
			<errors>
				<errorCode>GES-SYS-LEXNSRLGCSVCA1</errorCode>
				<errorDesc>Unable to process location engineering updates .
					Please contact GES support </errorDesc>
			</errors>
			<errors>
				<errorCode>GES-SYS-GNRCF3010</errorCode>
				<errorDesc>An Internal error occurred processing the request
					.Please check with the System Administrator</errorDesc>
			</errors>
			<errors>
				<errorCode>GES-SYS-LEXNSRLDSSVCS1</errorCode>
				<errorDesc>Unable to update GES for Deselected location due to
					a system exception
					.Please check with the System Administrator</errorDesc>
			</errors>
			<errors>
				<errorCode>GES-SYS-LEXNSRLDSSVCA1</errorCode>
				<errorDesc>Unable to update GES for Deselected location
					.Please check with the System Administrator</errorDesc>
			</errors>
		</operationExcep>
	</ModuleExcep>
	<ModuleExcep moduleName="GES_BP_LocationServiceRouter_v3_6_0">
		<operationExcep operationName="getLocationDetails">
			<errors>
				<errorCode>GES-SYS-MDMSVCGLDS1</errorCode>
				<errorDesc>Unable to get the location details from MDM due to
					to a system exception . Please contact GES support </errorDesc>
			</errors>
			<errors>
				<errorCode>GES-SYS-MDMSVCGLDA1</errorCode>
				<errorDesc>Unable to get the locations from MDM due
					to a
					Business Exception . Please Check the Error Code and details </errorDesc>
			</errors>
			<errors>
				<errorCode>GES-SYS-MDMSVCGLDO1</errorCode>
				<errorDesc>Unable to get the location details from MDM due to
					to a system exception . Please contact GES support </errorDesc>
			</errors>
			<errors>
				<errorCode>GES-SYS-GNRCF3010</errorCode>
				<errorDesc>An Internal error occurred processing the request
					.Please check with the System Administrator</errorDesc>
			</errors>
		</operationExcep>
		<operationExcep operationName="addLocations">
			<errors>
				<errorCode>GES-SYS-MDMSVCALS1</errorCode>
				<errorDesc>Unable to add location in MDM due to
					to a system
					exception . Please contact administrator  </errorDesc>
			</errors>
			<errors>
				<errorCode>GES-SYS-MDMSVCALO1</errorCode>
				<errorDesc>Unable to add locations in MDM due to a
					System
					Exception . Please contact administrator </errorDesc>
			</errors>
		</operationExcep>
		<operationExcep operationName="getLocations">
			<errors>
				<errorCode>GES-SYS-MDMSVCGLS1</errorCode>
				<errorDesc>Unable to get location from MDM due to
					to a system
					exception . Please contact administrator  </errorDesc>
			</errors>
			<errors>
				<errorCode>GES-SYS-MDMSVCGLO1</errorCode>
				<errorDesc>Unable to get locations from MDM due to a
					System
					Exception . Please contact administrator </errorDesc>
			</errors>
		</operationExcep>
		<operationExcep operationName="updateContract">
			<errors>
				<errorCode>GES-SYS-MDMSVCUCS1</errorCode>
				<errorDesc>Unable to update Contract in MDM due to
					to a system
					exception . Please contact administrator  </errorDesc>
			</errors>
			<errors>
				<errorCode>GES-SYS-MDMSVCUCO1</errorCode>
				<errorDesc>Unable to update Contract in MDM due to a
					System
					Exception . Please contact administrator </errorDesc>
			</errors>
		</operationExcep>
		<operationExcep operationName="matchLocations">
			<errors>
				<errorCode>GES-SYS-PBBISVCMLS1</errorCode>
				<errorDesc>Unable to get match locations result from PBBI due
					to
					to a system exception . Please contact administrator  </errorDesc>
			</errors>
			<errors>
				<errorCode>GES-SYS-PBBISVCMLO1</errorCode>
				<errorDesc>Unable to get match locations result from PBBI due
					to a
					System Exception . Please contact administrator </errorDesc>
			</errors>
		</operationExcep>
		<operationExcep operationName="standardizeAndAugmentLocations">
			<errors>
				<errorCode>GES-SYS-PBBISVCSALS1</errorCode>
				<errorDesc>Unable to get Standardize and Augment locations
					result from PBBI due to
					to a system exception . Please contact
					administrator  </errorDesc>
			</errors>
			<errors>
				<errorCode>GES-SYS-PBBISVCSALO1</errorCode>
				<errorDesc>Unable to get Standardize and Augment locations
					result from PBBI due to a
					System Exception . Please contact
					administrator </errorDesc>
			</errors>
		</operationExcep>
		<operationExcep operationName="standardizeLocations">
			<errors>
				<errorCode>GES-SYS-PBBISVCSLS1</errorCode>
				<errorDesc>Unable to get Standardize locations result from
					PBBI due to
					to a system exception . Please contact administrator  </errorDesc>
			</errors>
			<errors>
				<errorCode>GES-SYS-PBBISVCSLO1</errorCode>
				<errorDesc>Unable to get Standardize locations result from
					PBBI due to a
					System Exception . Please contact administrator </errorDesc>
			</errors>
		</operationExcep>
		<operationExcep operationName="getGeoCode">
			<errors>
				<errorCode>GES-SYS-PBBISVCGCS1</errorCode>
				<errorDesc>Unable to get geoCode result from PBBI due to
					to a
					system exception . Please contact administrator  </errorDesc>
			</errors>
			<errors>
				<errorCode>GES-SYS-PBBISVCGCO1</errorCode>
				<errorDesc>Unable to get geoCode result from PBBI due to a
					System Exception . Please contact administrator </errorDesc>
			</errors>
		</operationExcep>
		<operationExcep operationName="getCrestaCode">
			<errors>
				<errorCode>GES-SYS-PBBISVCCCS1</errorCode>
				<errorDesc>Unable to get crestaCode result from PBBI due to
					to
					a system exception . Please contact administrator  </errorDesc>
			</errors>
			<errors>
				<errorCode>GES-SYS-PBBISVCCCO1</errorCode>
				<errorDesc>Unable to get crestaCode result from PBBI due to a
					System Exception . Please contact administrator </errorDesc>
			</errors>
		</operationExcep>
		<operationExcep operationName="getCanadaFloodZone">
			<errors>
				<errorCode>GES-SYS-PBBISVCCFS1</errorCode>
				<errorDesc>Unable to get Canada Flood Zone information from
					PBBI due to
					to a system exception . Please contact administrator  </errorDesc>
			</errors>
			<errors>
				<errorCode>GES-SYS-PBBISVCCFO1</errorCode>
				<errorDesc>Unable to get Canada Flood Zone information from
					PBBI due to a
					System Exception . Please contact administrator </errorDesc>
			</errors>
		</operationExcep>
		<operationExcep operationName="updateLocations">
			<errors>
				<errorCode>GES-SYS-MDMSVCULS1</errorCode>
				<errorDesc>Unable to update Locations in MDM due to
					to a system
					exception . Please contact administrator  </errorDesc>
			</errors>
			<errors>
				<errorCode>GES-SYS-MDMSVCULO1</errorCode>
				<errorDesc>Unable to update Locations in MDM due to a
					System
					Exception . Please contact administrator </errorDesc>
			</errors>
		</operationExcep>
	</ModuleExcep>

	<ModuleExcep moduleName="GES_BP_LocationExposureService_v3_5_0">
		<operationExcep operationName="getAccounts">
			<errors>
				<errorCode>GES-SYS-LEXSACCNTSVCS1</errorCode>
				<errorDesc>Unable to get account data from low level
					repository. Please contact system administrator</errorDesc>
			</errors>
			<errors>
				<errorCode>GES-SYS-LEXSACCNTSVCO</errorCode>
				<errorDesc>A System error occurred . Please contact system
					administrator</errorDesc>
			</errors>
		</operationExcep>
		<operationExcep operationName="getPolicyDetails">
			<errors>
				<errorCode>GES-SYS-LEXSPOLDETSVCS1</errorCode>
				<errorDesc>Unable to get policy details data from low level
					repository. Please contact system administrator</errorDesc>
			</errors>
			<errors>
				<errorCode>GES-SYS-LEXSPOLDETSVCO</errorCode>
				<errorDesc>A System error occurred . Please contact system
					administrator</errorDesc>
			</errors>
		</operationExcep>

		<operationExcep operationName="getPolicyOptionDetails">
			<errors>
				<errorCode>GES-SYS-LEXSPOLDETSVCS1</errorCode>
				<errorDesc>Unable to get policy option details data from low
					level repository. Please contact system administrator</errorDesc>
			</errors>
			<errors>
				<errorCode>GES-SYS-LEXSPOLOPTNDETSVCO</errorCode>
				<errorDesc>A System error occurred . Please contact system
					administrator</errorDesc>
			</errors>
			<errors>
				<errorCode>GES-SYS-LEXSCPOSVGPO</errorCode>
				<errorDesc>A System error occurred . Please contact system
					administrator</errorDesc>
			</errors>
		</operationExcep>
	</ModuleExcep>

	<ModuleExcep moduleName="GES_BP_DataAccess_v3_6_0">
		<operationExcep operationName="getDataFromSP">
			<errors>
				<errorCode>GES-SYS-DASPSVCS1</errorCode>
				<errorDesc>Unable to get data from low level repository.
					Please contact system administrator</errorDesc>
			</errors>
			<errors>
				<errorCode>GES-SYS-DASPSVCO</errorCode>
				<errorDesc>A System error occurred . Please contact system
					administrator</errorDesc>
			</errors>
			<errors>
				<errorCode>GES-ACCTINQ-001</errorCode>
				<errorDesc>No Results Found for Provided Search Criteria</errorDesc>
			</errors>
			<errors>
				<errorCode>GES-POLDINQ-001</errorCode>
				<errorDesc>No Results Found for Provided Search Criteria</errorDesc>
			</errors>
			<errors>
				<errorCode>GES-POLOPTIONINQ-001</errorCode>
				<errorDesc>No Results Found for Provided Search Criteria</errorDesc>
			</errors>
			<errors>
				<errorCode>GES-ACCT-100</errorCode>
				<errorDesc>No Results Found for Provided Search Criteria</errorDesc>
			</errors>
			<errors>
				<errorCode>GES-ACCT-200</errorCode>
				<errorDesc>Input/Mandatory Fields are invalid</errorDesc>
			</errors>
			<errors>
				<errorCode>GES-ACCT-300</errorCode>
				<errorDesc>Unable to get policy details data from low level
					repository. Please contact system administrator</errorDesc>
			</errors>
			<errors>
				<errorCode>GES-POL-100</errorCode>
				<errorDesc>No Results Found for Provided Search Criteria</errorDesc>
			</errors>
			<errors>
				<errorCode>GES-POL-200</errorCode>
				<errorDesc>Input/Mandatory Fields are invalid</errorDesc>
			</errors>
			<errors>
				<errorCode>GES-POL-300</errorCode>
				<errorDesc>Unable to get policy details data from low level
					repository. Please contact system administrator</errorDesc>
			</errors>
			<errors>
				<errorCode>GES-PO-100</errorCode>
				<errorDesc>No Results Found for Provided Search Criteria</errorDesc>
			</errors>
			<errors>
				<errorCode>GES-PO-200</errorCode>
				<errorDesc>Input/Mandatory Fields are invalid</errorDesc>
			</errors>
			<errors>
				<errorCode>GES-PO-300</errorCode>
				<errorDesc>Unable to get policy details data from low level
					repository. Please contact system administrator</errorDesc>
			</errors>

		</operationExcep>
		<operationExcep operationName="invokeEISServiceSP">
			<errors>
				<errorCode>GES-SYS-DASPSVCS1</errorCode>
				<errorDesc>Unable to get data from low level repository.
					Please contact system administrator</errorDesc>
			</errors>
			<errors>
				<errorCode>GES-SYS-DASPSVCO</errorCode>
				<errorDesc>A System error occurred . Please contact system
					administrator</errorDesc>
			</errors>
			<errors>
				<errorCode>GES-ACCTINQ-001</errorCode>
				<errorDesc>No Results Found for Provided Search Criteria</errorDesc>
			</errors>
			<errors>
				<errorCode>GES-POLDINQ-001</errorCode>
				<errorDesc>No Results Found for Provided Search Criteria</errorDesc>
			</errors>
			<errors>
				<errorCode>GES-POLOPTIONINQ-001</errorCode>
				<errorDesc>No Results Found for Provided Search Criteria</errorDesc>
			</errors>
			<errors>
				<errorCode>GES-ACCT-100</errorCode>
				<errorDesc>No Results Found for Provided Search Criteria</errorDesc>
			</errors>
			<errors>
				<errorCode>GES-ACCT-200</errorCode>
				<errorDesc>Input/Mandatory Fields are invalid</errorDesc>
			</errors>
			<errors>
				<errorCode>GES-ACCT-300</errorCode>
				<errorDesc>Unable to get policy details data from low level
					repository. Please contact system administrator</errorDesc>
			</errors>
			<errors>
				<errorCode>GES-POL-100</errorCode>
				<errorDesc>No Results Found for Provided Search Criteria</errorDesc>
			</errors>
			<errors>
				<errorCode>GES-POL-200</errorCode>
				<errorDesc>Input/Mandatory Fields are invalid</errorDesc>
			</errors>
			<errors>
				<errorCode>GES-POL-300</errorCode>
				<errorDesc>Unable to get policy details data from low level
					repository. Please contact system administrator</errorDesc>
			</errors>
			<errors>
				<errorCode>GES-PO-100</errorCode>
				<errorDesc>No Results Found for Provided Search Criteria</errorDesc>
			</errors>
			<errors>
				<errorCode>GES-PO-200</errorCode>
				<errorDesc>Input/Mandatory Fields are invalid</errorDesc>
			</errors>
			<errors>
				<errorCode>GES-PO-300</errorCode>
				<errorDesc>Unable to get policy details data from low level
					repository. Please contact system administrator</errorDesc>
			</errors>
		</operationExcep>
		<operationExcep operationName="getData">
			<errors>
				<errorCode>GES-SYS-LEXSPOLDETSVCS1</errorCode>
				<errorDesc>Unable to get policy details data from low level
					repository. Please contact system administrator</errorDesc>
			</errors>
			<errors>
				<errorCode>GES-SYS-LEXSPOLDETSVCO</errorCode>
				<errorDesc>A System error occurred . Please contact system
					administrator</errorDesc>
			</errors>
			<errors>
				<errorCode>GES-ODS-NORESULTS</errorCode>
				<errorDesc>No Results found for the requested parameters . Please
					check the supplied parameters or the requested details is a
					candidate for retrieval</errorDesc>
			</errors>
		</operationExcep>
	</ModuleExcep>
	<ModuleExcep moduleName="GESSIFImpl">
		<operationExcep operationName="invokeService">
			<errors>
				<errorCode>GES-SYS-SIFS1</errorCode>
				<errorDesc>Unable to reach target service for the requested
					information . Please contact system administrator or retry after
					some time</errorDesc>
			</errors>
			<errors>
				<errorCode>GES-SYS-SIFO</errorCode>
				<errorDesc>A System error occurred . Please contact system
					administrator</errorDesc>
			</errors>
		</operationExcep>
		<operationExcep operationName="invokeEISService">
			<errors>
				<errorCode>GES-SYS-EISSIFS1</errorCode>
				<errorDesc>Unable to reach target information system for the
					requested
					information . Please contact system administrator or retry
					after some time</errorDesc>
			</errors>
			<errors>
				<errorCode>GES-SYS-EISSIFO</errorCode>
				<errorDesc>A System error occurred . Please contact system
					administrator</errorDesc>
			</errors>
			<errors>
				<errorCode>GES-ODS-NORESULTS</errorCode>
				<errorDesc>No Results found for the requested parameters . Please
					check the supplied parameters or the requested details is a
					candidate for retrieval</errorDesc>
			</errors>
		</operationExcep>

		<operationExcep operationName="getPolicyOptionDetails">
			<errors>
				<errorCode>GES-SYS-LEXSPOLDETSVCS1</errorCode>
				<errorDesc>Unable to get policy option details data from low
					level repository. Please contact system administrator</errorDesc>
			</errors>
			<errors>
				<errorCode>GES-SYS-LEXSPOLOPTNDETSVCO</errorCode>
				<errorDesc>A System error occurred . Please contact system
					administrator</errorDesc>
			</errors>
		</operationExcep>
	</ModuleExcep>

</GESExceptionRepo>
