<?xml version="1.0" encoding="UTF-8"?>
<soapActions>
	<soapAction>
		<qualifiedSoapAction>
			http://aig.us.com/ges/services/LocationScrubbingServiceV2/scrubLocation
		</qualifiedSoapAction>
		<derivedSoapAction>scrubLocations</derivedSoapAction>
	</soapAction>
	<soapAction>
		<qualifiedSoapAction>
			http://aig.us.com/ges/services/LocationServiceV3/standardizeAndAugmentLocations
		</qualifiedSoapAction>
		<derivedSoapAction>standardizeAndAugmentLocations
		</derivedSoapAction>
	</soapAction>
	<soapAction>
		<qualifiedSoapAction>
			http://aig.us.com/ges/services/LocationServiceV3/matchLocations
		</qualifiedSoapAction>
		<derivedSoapAction>matchLocations
		</derivedSoapAction>
	</soapAction>
	<soapAction>
		<qualifiedSoapAction>
			http://aig.us.com/ges/services/LocationServiceV3/addLocations
		</qualifiedSoapAction>
		<derivedSoapAction>addLocations
		</derivedSoapAction>
	</soapAction>
	<soapAction>
		<qualifiedSoapAction>
			http://aig.us.com/ges/services/LocationServiceV3/getGeoCode
		</qualifiedSoapAction>
		<derivedSoapAction>getGeoCode
		</derivedSoapAction>
	</soapAction>
	<soapAction>
		<qualifiedSoapAction>
			http://aig.us.com/ges/services/LocationServiceV3/getCanadaFloodZoneCode
		</qualifiedSoapAction>
		<derivedSoapAction>getCanadaFloodZoneCode
		</derivedSoapAction>
	</soapAction>
	<soapAction>
		<qualifiedSoapAction>
			http://aig.us.com/ges/services/LocationServiceV3/getCrestaCode
		</qualifiedSoapAction>
		<derivedSoapAction>getCrestaCode
		</derivedSoapAction>
	</soapAction>
	<soapAction>
		<qualifiedSoapAction>
			http://aig.us.com/ges/services/LocationServiceV3/standardizeLocations
		</qualifiedSoapAction>
		<derivedSoapAction>standardizeLocations
		</derivedSoapAction>
	</soapAction>
	<soapAction>
		<qualifiedSoapAction>
			http://aig.us.com/ges/services/LocationServiceV3/getLocations
		</qualifiedSoapAction>
		<derivedSoapAction>getLocations
		</derivedSoapAction>
	</soapAction>
	<soapAction>
		<qualifiedSoapAction>
			http://aig.us.com/ges/services/LocationServiceV3/updateLocations
		</qualifiedSoapAction>
		<derivedSoapAction>updateLocations
		</derivedSoapAction>
	</soapAction>

</soapActions>
