<?xml version="1.0" encoding="UTF-8"?>
<tns1:LocationServiceSharedContextE xmlns:ges="http://aig.us.com/ges" xmlns:tns="http://aig.us.com/ges/schema" xmlns:tns1="http://GES_MF_LocationService/bo" xmlns:xsi="http://www.w3.org/2001/XMLSchema-instance" xsi:schemaLocation="http://GES_MF_LocationService/bo LocationServiceSharedContext.xsd ">
  <standardizeAndAugmentLocationsResultCurrent>
    <ges:sovLocation>
      <sovLocId>0</sovLocId>
      <actvIn>Y</actvIn>
      <effectiveFromDate>2001-01-01</effectiveFromDate>
      <effectiveToDate>2001-01-01</effectiveToDate>
      <physicalObject>
        <physObjectId>0</physObjectId>
        <typeId>0</typeId>
        <populationInfoId>0</populationInfoId>
        <creatTs>2001-12-31T12:00:00</creatTs>
        <creatUsrId>creatUsrId</creatUsrId>
        <updTs>2001-12-31T12:00:00</updTs>
        <updUsrId>updUsrId</updUsrId>
      </physicalObject>
      <sovVersion>
        <sovVersnTypCd>sovVersnTypCd</sovVersnTypCd>
        <sovVersnId>0</sovVersnId>
        <versnNote>versnNote</versnNote>
        <creatUsrId>creatUsrId</creatUsrId>
        <creatTs>2001-12-31T12:00:00</creatTs>
        <avlblForPmoIn>N</avlblForPmoIn>
        <latstIn>Y</latstIn>
        <sovVersnNm>sovVersnNm</sovVersnNm>
        <sovVersnSqn>0</sovVersnSqn>
        <sov>
          <sovId>0</sovId>
          <creatTs>2001-12-31T12:00:00</creatTs>
          <updTs>2001-12-31T12:00:00</updTs>
        </sov>
      </sovVersion>
      <structure>
        <structureId>0</structureId>
        <typeId>0</typeId>
        <structureType>structureType</structureType>
        <name>name</name>
        <description>description</description>
        <basicDataIncomplete>basicDataIncomplete</basicDataIncomplete>
        <populationInfoId>0</populationInfoId>
        <effectiveFromDate>2001-01-01</effectiveFromDate>
        <effectiveToDate>2001-01-01</effectiveToDate>
        <xtrnlRefNo>xtrnlRefNo</xtrnlRefNo>
        <noOfRsks>0</noOfRsks>
        <bldgValAm>0.0</bldgValAm>
        <cntntsValAm>0.0</cntntsValAm>
        <biValAm>0.0</biValAm>
        <totalPropertyDamageValueAm>0.0</totalPropertyDamageValueAm>
        <totalSumInsuredValueAm>0.0</totalSumInsuredValueAm>
        <flrAr>flrAr</flrAr>
        <flrArUom>flrArUom</flrArUom>
        <bltYr>0</bltYr>
        <noOfStories>0</noOfStories>
        <bldgHght>0</bldgHght>
        <bldgHghtUom>bldgHghtUom</bldgHghtUom>
        <lastUpgraddYr>0</lastUpgraddYr>
        <flrOfInt>flrOfInt</flrOfInt>
        <constrnTypTx>constrnTypTx</constrnTypTx>
        <ocptnTypTx>ocptnTypTx</ocptnTypTx>
        <currntVersnFl>currntVersnFl</currntVersnFl>
        <creatTs>2001-12-31T12:00:00</creatTs>
        <creatUsrId>creatUsrId</creatUsrId>
        <updTs>2001-12-31T12:00:00</updTs>
        <updUsrId>updUsrId</updUsrId>
        <srcFileNm>srcFileNm</srcFileNm>
        <siteNm>siteNm</siteNm>
        <coNmBusUnt>coNmBusUnt</coNmBusUnt>
        <prmryBldgIn>prmryBldgIn</prmryBldgIn>
        <constructionType>
          <constrnTypCd>constrnTypCd</constrnTypCd>
          <constrnTypId>0</constrnTypId>
        </constructionType>
        <currency>
          <crncyId>0</crncyId>
        </currency>
        <geographicArea>
          <ggrphcArId>0</ggrphcArId>
        </geographicArea>
        <occupationType>
          <ocptnTypCd>ocptnTypCd</ocptnTypCd>
          <ocptnTypId>0</ocptnTypId>
        </occupationType>
        <physicalObject>
          <physObjectId>0</physObjectId>
          <typeId>0</typeId>
          <populationInfoId>0</populationInfoId>
          <creatTs>2001-12-31T12:00:00</creatTs>
          <updTs>2001-12-31T12:00:00</updTs>
        </physicalObject>
        <structureAdditionalInfo>
          <structureId>0</structureId>
        </structureAdditionalInfo>
      </structure>
      <structureAdditionalInfo>
        <rdndncyCd>0</rdndncyCd>
        <pctCmpltn>0</pctCmpltn>
        <startDt>2001-01-01</startDt>
        <cmpltnDt>2001-01-01</cmpltnDt>
        <shapeConfigCd>0</shapeConfigCd>
        <flrTypCd>0</flrTypCd>
        <softStoryCd>0</softStoryCd>
        <setbksOvrhangsCd>0</setbksOvrhangsCd>
        <asymmtryTrsnCd>0</asymmtryTrsnCd>
        <extrrWllsClddngCd>0</extrrWllsClddngCd>
        <bldgExtrrCd>0</bldgExtrrCd>
        <shrtColCondtnCd>0</shrtColCondtnCd>
        <urmChmnyParttnCd>0</urmChmnyParttnCd>
        <apndagesOrnmnttnCd>0</apndagesOrnmnttnCd>
        <crplWllsCd>0</crplWllsCd>
        <framBltdDwnCd>0</framBltdDwnCd>
        <purlinAnchringCd>0</purlinAnchringCd>
        <urmRetrofitCd>0</urmRetrofitCd>
        <structrlUpgrdCd>0</structrlUpgrdCd>
        <engnredFndtnCd>0</engnredFndtnCd>
        <mchnclElctrlSystmsSidesCd>0</mchnclElctrlSystmsSidesCd>
        <mchnclElctrlSystmsGrndCd>0</mchnclElctrlSystmsGrndCd>
        <eqpmtCd>0</eqpmtCd>
        <constrnQltyEqCd>0</constrnQltyEqCd>
        <fatigMntncCd>0</fatigMntncCd>
        <poundingCd>0</poundingCd>
        <tankCd>0</tankCd>
        <basIsltnCd>0</basIsltnCd>
        <sprnklrTypCd>0</sprnklrTypCd>
        <sprnklrSuscptbltyCd>0</sprnklrSuscptbltyCd>
        <bldgDsgnCdCd>0</bldgDsgnCdCd>
        <constrnQltyCd>0</constrnQltyCd>
        <roofSystmcovrngCd>0</roofSystmcovrngCd>
        <roofGmtryCd>0</roofGmtryCd>
        <roofAnchrCd>0</roofAnchrCd>
        <roofAgeCd>0</roofAgeCd>
        <roofFramingTypCd>0</roofFramingTypCd>
        <roofPrptsChmnysCd>0</roofPrptsChmnysCd>
        <roofEqpmtCd>0</roofEqpmtCd>
        <basmentCd>0</basmentCd>
        <xtrnlOrnmnttnCd>0</xtrnlOrnmnttnCd>
        <clddngCd>0</clddngCd>
        <roofShthngCd>0</roofShthngCd>
        <fndtnSystmCd>0</fndtnSystmCd>
        <archtcturalElmntsCd>0</archtcturalElmntsCd>
        <mchnclCd>0</mchnclCd>
        <rsstncDoorsCd>0</rsstncDoorsCd>
        <wndRsstncWndwsCd>0</wndRsstncWndwsCd>
        <wndDrvnMsslXpsrCd>0</wndDrvnMsslXpsrCd>
        <floodCarrdMsslXpsrCd>0</floodCarrdMsslXpsrCd>
        <floodPrtctnCd>0</floodPrtctnCd>
        <cntntVlnrbltyWndCd>0</cntntVlnrbltyWndCd>
        <cntntVlnrbltyWtrCd>0</cntntVlnrbltyWtrCd>
        <vrtclIrrglrtyEqCd>0</vrtclIrrglrtyEqCd>
        <cmmrclApprtnntStructrsWsCd>0</cmmrclApprtnntStructrsWsCd>
        <structureId>0</structureId>
        <roofMntncCd>0</roofMntncCd>
      </structureAdditionalInfo>
      <esbCrossReferenceInfo>
        <prcsngStatCd>prcsngStatCd</prcsngStatCd>
        <prcsngStatTs>2001-12-31T12:00:00</prcsngStatTs>
        <retryCnt>0</retryCnt>
        <errMsg>errMsg</errMsg>
        <autoAugmentIn>autoAugmentIn</autoAugmentIn>
        <mdmException>
          <dplctSqn>0</dplctSqn>
          <sovLocId>0</sovLocId>
        </mdmException>
        <pbException>
          <mtchSqn>0</mtchSqn>
          <sovLocId>0</sovLocId>
        </pbException>
        <sovLocId>0</sovLocId>
      </esbCrossReferenceInfo>
      <mdmCrossReferenceInfo>
        <mdmContId>0</mdmContId>
        <mdmContCmpntId>0</mdmContCmpntId>
        <mdmHoldgId>0</mdmHoldgId>
        <mdmAddrId>0</mdmAddrId>
        <mdmException>
          <dplctSqn>0</dplctSqn>
          <sovLocId>0</sovLocId>
        </mdmException>
        <pbException>
          <mtchSqn>0</mtchSqn>
          <sovLocId>0</sovLocId>
        </pbException>
        <sovLocId>0</sovLocId>
      </mdmCrossReferenceInfo>
      <mdmException>
        <langCd>langCd</langCd>
        <ctyNm>ctyNm</ctyNm>
        <postalCd>postalCd</postalCd>
        <stNm>stNm</stNm>
        <addrStatCd>addrStatCd</addrStatCd>
        <dstrctNm>dstrctNm</dstrctNm>
        <cntyNm>cntyNm</cntyNm>
        <lattdInDegrs>lattdInDegrs</lattdInDegrs>
        <lngtdInDegrs>lngtdInDegrs</lngtdInDegrs>
        <coBusUnt>coBusUnt</coBusUnt>
        <cntryNm>cntryNm</cntryNm>
        <geoRsltnLvlId>0</geoRsltnLvlId>
        <mtchky>mtchky</mtchky>
        <addrConfdncPc>0.0</addrConfdncPc>
        <addrLn1>addrLn1</addrLn1>
        <addrLn2>addrLn2</addrLn2>
        <addrLn3>addrLn3</addrLn3>
        <addrXtensn>addrXtensn</addrXtensn>
        <pbLocId>pbLocId</pbLocId>
        <geoStat>geoStat</geoStat>
        <geoStatCd>geoStatCd</geoStatCd>
        <geoStatDesc>geoStatDesc</geoStatDesc>
        <dplctSqn>0</dplctSqn>
        <flrAr>flrAr</flrAr>
        <flrArUom>flrArUom</flrArUom>
        <occupancyScheme>occupancyScheme</occupancyScheme>
        <occupancyTypCd>occupancyTypCd</occupancyTypCd>
        <bltYr>0</bltYr>
        <noOfRsks>0</noOfRsks>
        <noOfStories>0</noOfStories>
        <bldgHght>0</bldgHght>
        <bldgHghtUom>bldgHghtUom</bldgHghtUom>
        <constrnSchemeCd>constrnSchemeCd</constrnSchemeCd>
        <constrnTypCd>constrnTypCd</constrnTypCd>
        <lastUpgraddYr>0</lastUpgraddYr>
        <flrOfInt>flrOfInt</flrOfInt>
        <mdmContId>0</mdmContId>
        <mdmContCmpntId>0</mdmContCmpntId>
        <mdmHoldgId>0</mdmHoldgId>
        <mdmAddrId>0</mdmAddrId>
        <isAddrStndrdizedIn>isAddrStndrdizedIn</isAddrStndrdizedIn>
        <mdmHoldgStartDt>2001-12-31T12:00:00</mdmHoldgStartDt>
        <propTypCd>0</propTypCd>
        <addr>addr</addr>
        <locNm>locNm</locNm>
        <siteNm>siteNm</siteNm>
        <cntryCd>cntryCd</cntryCd>
        <stCd>stCd</stCd>
        <addrStatDesc>addrStatDesc</addrStatDesc>
        <mtchScore>0</mtchScore>
        <locPrecision>locPrecision</locPrecision>
        <sovLocId>0</sovLocId>
      </mdmException>
      <pbCrossReferenceInfo>
        <geoRsltnLvlId>0</geoRsltnLvlId>
        <mtchky>mtchky</mtchky>
        <addrConfdncPc>0.0</addrConfdncPc>
        <addrXtensn>addrXtensn</addrXtensn>
        <addrStatCd>addrStatCd</addrStatCd>
        <isAddrStndrdizedIn>isAddrStndrdizedIn</isAddrStndrdizedIn>
        <addrStatDesc>addrStatDesc</addrStatDesc>
        <canAr>canAr</canAr>
        <canFloodZn>canFloodZn</canFloodZn>
        <canPrvnc>canPrvnc</canPrvnc>
        <canRiver>canRiver</canRiver>
        <pbException>
          <mtchSqn>0</mtchSqn>
          <sovLocId>0</sovLocId>
        </pbException>
        <mdmException>
          <dplctSqn>0</dplctSqn>
          <sovLocId>0</sovLocId>
        </mdmException>
        <sovLocId>0</sovLocId>
      </pbCrossReferenceInfo>
      <pbException>
        <langCd>langCd</langCd>
        <ctyNm>ctyNm</ctyNm>
        <postalCd>postalCd</postalCd>
        <stNm>stNm</stNm>
        <addrStatCd>addrStatCd</addrStatCd>
        <dstrctNm>dstrctNm</dstrctNm>
        <cntyNm>cntyNm</cntyNm>
        <lattdInDegrs>lattdInDegrs</lattdInDegrs>
        <lngtdInDegrs>lngtdInDegrs</lngtdInDegrs>
        <coBusUnt>coBusUnt</coBusUnt>
        <cntryNm>cntryNm</cntryNm>
        <geoRsltnLvlId>0</geoRsltnLvlId>
        <mtchky>mtchky</mtchky>
        <addrConfdncPc>0.0</addrConfdncPc>
        <addrLn1>addrLn1</addrLn1>
        <addrLn2>addrLn2</addrLn2>
        <addrLn3>addrLn3</addrLn3>
        <addrLn4>addrLn4</addrLn4>
        <multiMtchCnt>0</multiMtchCnt>
        <geoStat>geoStat</geoStat>
        <geoStatCd>geoStatCd</geoStatCd>
        <geoStatDesc>geoStatDesc</geoStatDesc>
        <mtchSqn>0</mtchSqn>
        <addrStatDesc>addrStatDesc</addrStatDesc>
        <locPrecision>locPrecision</locPrecision>
        <addrStat>addrStat</addrStat>
        <canAr>canAr</canAr>
        <canFloodZn>canFloodZn</canFloodZn>
        <canPrvnc>canPrvnc</canPrvnc>
        <canRiver>canRiver</canRiver>
        <canStat>canStat</canStat>
        <canStatCd>canStatCd</canStatCd>
        <canStatDesc>canStatDesc</canStatDesc>
        <crCntryFip>crCntryFip</crCntryFip>
        <crCrestaId>crCrestaId</crCrestaId>
        <crFips>crFips</crFips>
        <crGeocd>crGeocd</crGeocd>
        <crIso3Alph>crIso3Alph</crIso3Alph>
        <crIso3No>crIso3No</crIso3No>
        <crPerlTyp>crPerlTyp</crPerlTyp>
        <crStFips>crStFips</crStFips>
        <crSbIso>crSbIso</crSbIso>
        <crZnNo>crZnNo</crZnNo>
        <crDcmntat>crDcmntat</crDcmntat>
        <crNm>crNm</crNm>
        <crStat>crStat</crStat>
        <crStatCd>crStatCd</crStatCd>
        <crStatDesc>crStatDesc</crStatDesc>
        <crszCntryFip>crszCntryFip</crszCntryFip>
        <crszCrestaId>crszCrestaId</crszCrestaId>
        <crszFips>crszFips</crszFips>
        <crszGeocd>crszGeocd</crszGeocd>
        <crszIso3Alph>crszIso3Alph</crszIso3Alph>
        <crszIso3No>crszIso3No</crszIso3No>
        <crszPerlTyp>crszPerlTyp</crszPerlTyp>
        <crszStFips>crszStFips</crszStFips>
        <crszSbIso>crszSbIso</crszSbIso>
        <crszSznNo>crszSznNo</crszSznNo>
        <crszDcmntat>crszDcmntat</crszDcmntat>
        <crszNm>crszNm</crszNm>
        <crszParZoNum>crszParZoNum</crszParZoNum>
        <crszTyp>crszTyp</crszTyp>
        <crszStat>crszStat</crszStat>
        <crszStatCd>crszStatCd</crszStatCd>
        <crszStatDesc>crszStatDesc</crszStatDesc>
        <sovLocId>0</sovLocId>
      </pbException>
    </ges:sovLocation>
  </standardizeAndAugmentLocationsResultCurrent>
  <standardizeAndAugmentLocationsResult>
    <ges:sovLocation>
      <sovLocId>0</sovLocId>
      <actvIn>Y</actvIn>
      <effectiveFromDate>2001-01-01</effectiveFromDate>
      <effectiveToDate>2001-01-01</effectiveToDate>
      <physicalObject>
        <physObjectId>0</physObjectId>
        <typeId>0</typeId>
        <populationInfoId>0</populationInfoId>
        <creatTs>2001-12-31T12:00:00</creatTs>
        <creatUsrId>creatUsrId</creatUsrId>
        <updTs>2001-12-31T12:00:00</updTs>
        <updUsrId>updUsrId</updUsrId>
      </physicalObject>
      <sovVersion>
        <sovVersnTypCd>sovVersnTypCd</sovVersnTypCd>
        <sovVersnId>0</sovVersnId>
        <versnNote>versnNote</versnNote>
        <creatUsrId>creatUsrId</creatUsrId>
        <creatTs>2001-12-31T12:00:00</creatTs>
        <avlblForPmoIn>N</avlblForPmoIn>
        <latstIn>Y</latstIn>
        <sovVersnNm>sovVersnNm</sovVersnNm>
        <sovVersnSqn>0</sovVersnSqn>
        <sov>
          <sovId>0</sovId>
          <creatTs>2001-12-31T12:00:00</creatTs>
          <updTs>2001-12-31T12:00:00</updTs>
        </sov>
      </sovVersion>
      <structure>
        <structureId>0</structureId>
        <typeId>0</typeId>
        <structureType>structureType</structureType>
        <name>name</name>
        <description>description</description>
        <basicDataIncomplete>basicDataIncomplete</basicDataIncomplete>
        <populationInfoId>0</populationInfoId>
        <effectiveFromDate>2001-01-01</effectiveFromDate>
        <effectiveToDate>2001-01-01</effectiveToDate>
        <xtrnlRefNo>xtrnlRefNo</xtrnlRefNo>
        <noOfRsks>0</noOfRsks>
        <bldgValAm>0.0</bldgValAm>
        <cntntsValAm>0.0</cntntsValAm>
        <biValAm>0.0</biValAm>
        <totalPropertyDamageValueAm>0.0</totalPropertyDamageValueAm>
        <totalSumInsuredValueAm>0.0</totalSumInsuredValueAm>
        <flrAr>flrAr</flrAr>
        <flrArUom>flrArUom</flrArUom>
        <bltYr>0</bltYr>
        <noOfStories>0</noOfStories>
        <bldgHght>0</bldgHght>
        <bldgHghtUom>bldgHghtUom</bldgHghtUom>
        <lastUpgraddYr>0</lastUpgraddYr>
        <flrOfInt>flrOfInt</flrOfInt>
        <constrnTypTx>constrnTypTx</constrnTypTx>
        <ocptnTypTx>ocptnTypTx</ocptnTypTx>
        <currntVersnFl>currntVersnFl</currntVersnFl>
        <creatTs>2001-12-31T12:00:00</creatTs>
        <creatUsrId>creatUsrId</creatUsrId>
        <updTs>2001-12-31T12:00:00</updTs>
        <updUsrId>updUsrId</updUsrId>
        <srcFileNm>srcFileNm</srcFileNm>
        <siteNm>siteNm</siteNm>
        <coNmBusUnt>coNmBusUnt</coNmBusUnt>
        <prmryBldgIn>prmryBldgIn</prmryBldgIn>
        <constructionType>
          <constrnTypCd>constrnTypCd</constrnTypCd>
          <constrnTypId>0</constrnTypId>
        </constructionType>
        <currency>
          <crncyId>0</crncyId>
        </currency>
        <geographicArea>
          <ggrphcArId>0</ggrphcArId>
        </geographicArea>
        <occupationType>
          <ocptnTypCd>ocptnTypCd</ocptnTypCd>
          <ocptnTypId>0</ocptnTypId>
        </occupationType>
        <physicalObject>
          <physObjectId>0</physObjectId>
          <typeId>0</typeId>
          <populationInfoId>0</populationInfoId>
          <creatTs>2001-12-31T12:00:00</creatTs>
          <updTs>2001-12-31T12:00:00</updTs>
        </physicalObject>
        <structureAdditionalInfo>
          <structureId>0</structureId>
        </structureAdditionalInfo>
      </structure>
      <structureAdditionalInfo>
        <rdndncyCd>0</rdndncyCd>
        <pctCmpltn>0</pctCmpltn>
        <startDt>2001-01-01</startDt>
        <cmpltnDt>2001-01-01</cmpltnDt>
        <shapeConfigCd>0</shapeConfigCd>
        <flrTypCd>0</flrTypCd>
        <softStoryCd>0</softStoryCd>
        <setbksOvrhangsCd>0</setbksOvrhangsCd>
        <asymmtryTrsnCd>0</asymmtryTrsnCd>
        <extrrWllsClddngCd>0</extrrWllsClddngCd>
        <bldgExtrrCd>0</bldgExtrrCd>
        <shrtColCondtnCd>0</shrtColCondtnCd>
        <urmChmnyParttnCd>0</urmChmnyParttnCd>
        <apndagesOrnmnttnCd>0</apndagesOrnmnttnCd>
        <crplWllsCd>0</crplWllsCd>
        <framBltdDwnCd>0</framBltdDwnCd>
        <purlinAnchringCd>0</purlinAnchringCd>
        <urmRetrofitCd>0</urmRetrofitCd>
        <structrlUpgrdCd>0</structrlUpgrdCd>
        <engnredFndtnCd>0</engnredFndtnCd>
        <mchnclElctrlSystmsSidesCd>0</mchnclElctrlSystmsSidesCd>
        <mchnclElctrlSystmsGrndCd>0</mchnclElctrlSystmsGrndCd>
        <eqpmtCd>0</eqpmtCd>
        <constrnQltyEqCd>0</constrnQltyEqCd>
        <fatigMntncCd>0</fatigMntncCd>
        <poundingCd>0</poundingCd>
        <tankCd>0</tankCd>
        <basIsltnCd>0</basIsltnCd>
        <sprnklrTypCd>0</sprnklrTypCd>
        <sprnklrSuscptbltyCd>0</sprnklrSuscptbltyCd>
        <bldgDsgnCdCd>0</bldgDsgnCdCd>
        <constrnQltyCd>0</constrnQltyCd>
        <roofSystmcovrngCd>0</roofSystmcovrngCd>
        <roofGmtryCd>0</roofGmtryCd>
        <roofAnchrCd>0</roofAnchrCd>
        <roofAgeCd>0</roofAgeCd>
        <roofFramingTypCd>0</roofFramingTypCd>
        <roofPrptsChmnysCd>0</roofPrptsChmnysCd>
        <roofEqpmtCd>0</roofEqpmtCd>
        <basmentCd>0</basmentCd>
        <xtrnlOrnmnttnCd>0</xtrnlOrnmnttnCd>
        <clddngCd>0</clddngCd>
        <roofShthngCd>0</roofShthngCd>
        <fndtnSystmCd>0</fndtnSystmCd>
        <archtcturalElmntsCd>0</archtcturalElmntsCd>
        <mchnclCd>0</mchnclCd>
        <rsstncDoorsCd>0</rsstncDoorsCd>
        <wndRsstncWndwsCd>0</wndRsstncWndwsCd>
        <wndDrvnMsslXpsrCd>0</wndDrvnMsslXpsrCd>
        <floodCarrdMsslXpsrCd>0</floodCarrdMsslXpsrCd>
        <floodPrtctnCd>0</floodPrtctnCd>
        <cntntVlnrbltyWndCd>0</cntntVlnrbltyWndCd>
        <cntntVlnrbltyWtrCd>0</cntntVlnrbltyWtrCd>
        <vrtclIrrglrtyEqCd>0</vrtclIrrglrtyEqCd>
        <cmmrclApprtnntStructrsWsCd>0</cmmrclApprtnntStructrsWsCd>
        <structureId>0</structureId>
        <roofMntncCd>0</roofMntncCd>
      </structureAdditionalInfo>
      <esbCrossReferenceInfo>
        <prcsngStatCd>prcsngStatCd</prcsngStatCd>
        <prcsngStatTs>2001-12-31T12:00:00</prcsngStatTs>
        <retryCnt>0</retryCnt>
        <errMsg>errMsg</errMsg>
        <autoAugmentIn>autoAugmentIn</autoAugmentIn>
        <mdmException>
          <dplctSqn>0</dplctSqn>
          <sovLocId>0</sovLocId>
        </mdmException>
        <pbException>
          <mtchSqn>0</mtchSqn>
          <sovLocId>0</sovLocId>
        </pbException>
        <sovLocId>0</sovLocId>
      </esbCrossReferenceInfo>
      <mdmCrossReferenceInfo>
        <mdmContId>0</mdmContId>
        <mdmContCmpntId>0</mdmContCmpntId>
        <mdmHoldgId>0</mdmHoldgId>
        <mdmAddrId>0</mdmAddrId>
        <mdmException>
          <dplctSqn>0</dplctSqn>
          <sovLocId>0</sovLocId>
        </mdmException>
        <pbException>
          <mtchSqn>0</mtchSqn>
          <sovLocId>0</sovLocId>
        </pbException>
        <sovLocId>0</sovLocId>
      </mdmCrossReferenceInfo>
      <mdmException>
        <langCd>langCd</langCd>
        <ctyNm>ctyNm</ctyNm>
        <postalCd>postalCd</postalCd>
        <stNm>stNm</stNm>
        <addrStatCd>addrStatCd</addrStatCd>
        <dstrctNm>dstrctNm</dstrctNm>
        <cntyNm>cntyNm</cntyNm>
        <lattdInDegrs>lattdInDegrs</lattdInDegrs>
        <lngtdInDegrs>lngtdInDegrs</lngtdInDegrs>
        <coBusUnt>coBusUnt</coBusUnt>
        <cntryNm>cntryNm</cntryNm>
        <geoRsltnLvlId>0</geoRsltnLvlId>
        <mtchky>mtchky</mtchky>
        <addrConfdncPc>0.0</addrConfdncPc>
        <addrLn1>addrLn1</addrLn1>
        <addrLn2>addrLn2</addrLn2>
        <addrLn3>addrLn3</addrLn3>
        <addrXtensn>addrXtensn</addrXtensn>
        <pbLocId>pbLocId</pbLocId>
        <geoStat>geoStat</geoStat>
        <geoStatCd>geoStatCd</geoStatCd>
        <geoStatDesc>geoStatDesc</geoStatDesc>
        <dplctSqn>0</dplctSqn>
        <flrAr>flrAr</flrAr>
        <flrArUom>flrArUom</flrArUom>
        <occupancyScheme>occupancyScheme</occupancyScheme>
        <occupancyTypCd>occupancyTypCd</occupancyTypCd>
        <bltYr>0</bltYr>
        <noOfRsks>0</noOfRsks>
        <noOfStories>0</noOfStories>
        <bldgHght>0</bldgHght>
        <bldgHghtUom>bldgHghtUom</bldgHghtUom>
        <constrnSchemeCd>constrnSchemeCd</constrnSchemeCd>
        <constrnTypCd>constrnTypCd</constrnTypCd>
        <lastUpgraddYr>0</lastUpgraddYr>
        <flrOfInt>flrOfInt</flrOfInt>
        <mdmContId>0</mdmContId>
        <mdmContCmpntId>0</mdmContCmpntId>
        <mdmHoldgId>0</mdmHoldgId>
        <mdmAddrId>0</mdmAddrId>
        <isAddrStndrdizedIn>isAddrStndrdizedIn</isAddrStndrdizedIn>
        <mdmHoldgStartDt>2001-12-31T12:00:00</mdmHoldgStartDt>
        <propTypCd>0</propTypCd>
        <addr>addr</addr>
        <locNm>locNm</locNm>
        <siteNm>siteNm</siteNm>
        <cntryCd>cntryCd</cntryCd>
        <stCd>stCd</stCd>
        <addrStatDesc>addrStatDesc</addrStatDesc>
        <mtchScore>0</mtchScore>
        <locPrecision>locPrecision</locPrecision>
        <sovLocId>0</sovLocId>
      </mdmException>
      <pbCrossReferenceInfo>
        <geoRsltnLvlId>0</geoRsltnLvlId>
        <mtchky>mtchky</mtchky>
        <addrConfdncPc>0.0</addrConfdncPc>
        <addrXtensn>addrXtensn</addrXtensn>
        <addrStatCd>addrStatCd</addrStatCd>
        <isAddrStndrdizedIn>isAddrStndrdizedIn</isAddrStndrdizedIn>
        <addrStatDesc>addrStatDesc</addrStatDesc>
        <canAr>canAr</canAr>
        <canFloodZn>canFloodZn</canFloodZn>
        <canPrvnc>canPrvnc</canPrvnc>
        <canRiver>canRiver</canRiver>
        <pbException>
          <mtchSqn>0</mtchSqn>
          <sovLocId>0</sovLocId>
        </pbException>
        <mdmException>
          <dplctSqn>0</dplctSqn>
          <sovLocId>0</sovLocId>
        </mdmException>
        <sovLocId>0</sovLocId>
      </pbCrossReferenceInfo>
      <pbException>
        <langCd>langCd</langCd>
        <ctyNm>ctyNm</ctyNm>
        <postalCd>postalCd</postalCd>
        <stNm>stNm</stNm>
        <addrStatCd>addrStatCd</addrStatCd>
        <dstrctNm>dstrctNm</dstrctNm>
        <cntyNm>cntyNm</cntyNm>
        <lattdInDegrs>lattdInDegrs</lattdInDegrs>
        <lngtdInDegrs>lngtdInDegrs</lngtdInDegrs>
        <coBusUnt>coBusUnt</coBusUnt>
        <cntryNm>cntryNm</cntryNm>
        <geoRsltnLvlId>0</geoRsltnLvlId>
        <mtchky>mtchky</mtchky>
        <addrConfdncPc>0.0</addrConfdncPc>
        <addrLn1>addrLn1</addrLn1>
        <addrLn2>addrLn2</addrLn2>
        <addrLn3>addrLn3</addrLn3>
        <addrLn4>addrLn4</addrLn4>
        <multiMtchCnt>0</multiMtchCnt>
        <geoStat>geoStat</geoStat>
        <geoStatCd>geoStatCd</geoStatCd>
        <geoStatDesc>geoStatDesc</geoStatDesc>
        <mtchSqn>0</mtchSqn>
        <addrStatDesc>addrStatDesc</addrStatDesc>
        <locPrecision>locPrecision</locPrecision>
        <addrStat>addrStat</addrStat>
        <canAr>canAr</canAr>
        <canFloodZn>canFloodZn</canFloodZn>
        <canPrvnc>canPrvnc</canPrvnc>
        <canRiver>canRiver</canRiver>
        <canStat>canStat</canStat>
        <canStatCd>canStatCd</canStatCd>
        <canStatDesc>canStatDesc</canStatDesc>
        <crCntryFip>crCntryFip</crCntryFip>
        <crCrestaId>crCrestaId</crCrestaId>
        <crFips>crFips</crFips>
        <crGeocd>crGeocd</crGeocd>
        <crIso3Alph>crIso3Alph</crIso3Alph>
        <crIso3No>crIso3No</crIso3No>
        <crPerlTyp>crPerlTyp</crPerlTyp>
        <crStFips>crStFips</crStFips>
        <crSbIso>crSbIso</crSbIso>
        <crZnNo>crZnNo</crZnNo>
        <crDcmntat>crDcmntat</crDcmntat>
        <crNm>crNm</crNm>
        <crStat>crStat</crStat>
        <crStatCd>crStatCd</crStatCd>
        <crStatDesc>crStatDesc</crStatDesc>
        <crszCntryFip>crszCntryFip</crszCntryFip>
        <crszCrestaId>crszCrestaId</crszCrestaId>
        <crszFips>crszFips</crszFips>
        <crszGeocd>crszGeocd</crszGeocd>
        <crszIso3Alph>crszIso3Alph</crszIso3Alph>
        <crszIso3No>crszIso3No</crszIso3No>
        <crszPerlTyp>crszPerlTyp</crszPerlTyp>
        <crszStFips>crszStFips</crszStFips>
        <crszSbIso>crszSbIso</crszSbIso>
        <crszSznNo>crszSznNo</crszSznNo>
        <crszDcmntat>crszDcmntat</crszDcmntat>
        <crszNm>crszNm</crszNm>
        <crszParZoNum>crszParZoNum</crszParZoNum>
        <crszTyp>crszTyp</crszTyp>
        <crszStat>crszStat</crszStat>
        <crszStatCd>crszStatCd</crszStatCd>
        <crszStatDesc>crszStatDesc</crszStatDesc>
        <sovLocId>0</sovLocId>
      </pbException>
    </ges:sovLocation>
  </standardizeAndAugmentLocationsResult>
  <multipleMatchExceptionLocationsCurrent>
    <ges:sovLocation>
      <sovLocId>0</sovLocId>
      <actvIn>Y</actvIn>
      <effectiveFromDate>2001-01-01</effectiveFromDate>
      <effectiveToDate>2001-01-01</effectiveToDate>
      <physicalObject>
        <physObjectId>0</physObjectId>
        <typeId>0</typeId>
        <populationInfoId>0</populationInfoId>
        <creatTs>2001-12-31T12:00:00</creatTs>
        <creatUsrId>creatUsrId</creatUsrId>
        <updTs>2001-12-31T12:00:00</updTs>
        <updUsrId>updUsrId</updUsrId>
      </physicalObject>
      <sovVersion>
        <sovVersnTypCd>sovVersnTypCd</sovVersnTypCd>
        <sovVersnId>0</sovVersnId>
        <versnNote>versnNote</versnNote>
        <creatUsrId>creatUsrId</creatUsrId>
        <creatTs>2001-12-31T12:00:00</creatTs>
        <avlblForPmoIn>N</avlblForPmoIn>
        <latstIn>Y</latstIn>
        <sovVersnNm>sovVersnNm</sovVersnNm>
        <sovVersnSqn>0</sovVersnSqn>
        <sov>
          <sovId>0</sovId>
          <creatTs>2001-12-31T12:00:00</creatTs>
          <updTs>2001-12-31T12:00:00</updTs>
        </sov>
      </sovVersion>
      <structure>
        <structureId>0</structureId>
        <typeId>0</typeId>
        <structureType>structureType</structureType>
        <name>name</name>
        <description>description</description>
        <basicDataIncomplete>basicDataIncomplete</basicDataIncomplete>
        <populationInfoId>0</populationInfoId>
        <effectiveFromDate>2001-01-01</effectiveFromDate>
        <effectiveToDate>2001-01-01</effectiveToDate>
        <xtrnlRefNo>xtrnlRefNo</xtrnlRefNo>
        <noOfRsks>0</noOfRsks>
        <bldgValAm>0.0</bldgValAm>
        <cntntsValAm>0.0</cntntsValAm>
        <biValAm>0.0</biValAm>
        <totalPropertyDamageValueAm>0.0</totalPropertyDamageValueAm>
        <totalSumInsuredValueAm>0.0</totalSumInsuredValueAm>
        <flrAr>flrAr</flrAr>
        <flrArUom>flrArUom</flrArUom>
        <bltYr>0</bltYr>
        <noOfStories>0</noOfStories>
        <bldgHght>0</bldgHght>
        <bldgHghtUom>bldgHghtUom</bldgHghtUom>
        <lastUpgraddYr>0</lastUpgraddYr>
        <flrOfInt>flrOfInt</flrOfInt>
        <constrnTypTx>constrnTypTx</constrnTypTx>
        <ocptnTypTx>ocptnTypTx</ocptnTypTx>
        <currntVersnFl>currntVersnFl</currntVersnFl>
        <creatTs>2001-12-31T12:00:00</creatTs>
        <creatUsrId>creatUsrId</creatUsrId>
        <updTs>2001-12-31T12:00:00</updTs>
        <updUsrId>updUsrId</updUsrId>
        <srcFileNm>srcFileNm</srcFileNm>
        <siteNm>siteNm</siteNm>
        <coNmBusUnt>coNmBusUnt</coNmBusUnt>
        <prmryBldgIn>prmryBldgIn</prmryBldgIn>
        <constructionType>
          <constrnTypCd>constrnTypCd</constrnTypCd>
          <constrnTypId>0</constrnTypId>
        </constructionType>
        <currency>
          <crncyId>0</crncyId>
        </currency>
        <geographicArea>
          <ggrphcArId>0</ggrphcArId>
        </geographicArea>
        <occupationType>
          <ocptnTypCd>ocptnTypCd</ocptnTypCd>
          <ocptnTypId>0</ocptnTypId>
        </occupationType>
        <physicalObject>
          <physObjectId>0</physObjectId>
          <typeId>0</typeId>
          <populationInfoId>0</populationInfoId>
          <creatTs>2001-12-31T12:00:00</creatTs>
          <updTs>2001-12-31T12:00:00</updTs>
        </physicalObject>
        <structureAdditionalInfo>
          <structureId>0</structureId>
        </structureAdditionalInfo>
      </structure>
      <structureAdditionalInfo>
        <rdndncyCd>0</rdndncyCd>
        <pctCmpltn>0</pctCmpltn>
        <startDt>2001-01-01</startDt>
        <cmpltnDt>2001-01-01</cmpltnDt>
        <shapeConfigCd>0</shapeConfigCd>
        <flrTypCd>0</flrTypCd>
        <softStoryCd>0</softStoryCd>
        <setbksOvrhangsCd>0</setbksOvrhangsCd>
        <asymmtryTrsnCd>0</asymmtryTrsnCd>
        <extrrWllsClddngCd>0</extrrWllsClddngCd>
        <bldgExtrrCd>0</bldgExtrrCd>
        <shrtColCondtnCd>0</shrtColCondtnCd>
        <urmChmnyParttnCd>0</urmChmnyParttnCd>
        <apndagesOrnmnttnCd>0</apndagesOrnmnttnCd>
        <crplWllsCd>0</crplWllsCd>
        <framBltdDwnCd>0</framBltdDwnCd>
        <purlinAnchringCd>0</purlinAnchringCd>
        <urmRetrofitCd>0</urmRetrofitCd>
        <structrlUpgrdCd>0</structrlUpgrdCd>
        <engnredFndtnCd>0</engnredFndtnCd>
        <mchnclElctrlSystmsSidesCd>0</mchnclElctrlSystmsSidesCd>
        <mchnclElctrlSystmsGrndCd>0</mchnclElctrlSystmsGrndCd>
        <eqpmtCd>0</eqpmtCd>
        <constrnQltyEqCd>0</constrnQltyEqCd>
        <fatigMntncCd>0</fatigMntncCd>
        <poundingCd>0</poundingCd>
        <tankCd>0</tankCd>
        <basIsltnCd>0</basIsltnCd>
        <sprnklrTypCd>0</sprnklrTypCd>
        <sprnklrSuscptbltyCd>0</sprnklrSuscptbltyCd>
        <bldgDsgnCdCd>0</bldgDsgnCdCd>
        <constrnQltyCd>0</constrnQltyCd>
        <roofSystmcovrngCd>0</roofSystmcovrngCd>
        <roofGmtryCd>0</roofGmtryCd>
        <roofAnchrCd>0</roofAnchrCd>
        <roofAgeCd>0</roofAgeCd>
        <roofFramingTypCd>0</roofFramingTypCd>
        <roofPrptsChmnysCd>0</roofPrptsChmnysCd>
        <roofEqpmtCd>0</roofEqpmtCd>
        <basmentCd>0</basmentCd>
        <xtrnlOrnmnttnCd>0</xtrnlOrnmnttnCd>
        <clddngCd>0</clddngCd>
        <roofShthngCd>0</roofShthngCd>
        <fndtnSystmCd>0</fndtnSystmCd>
        <archtcturalElmntsCd>0</archtcturalElmntsCd>
        <mchnclCd>0</mchnclCd>
        <rsstncDoorsCd>0</rsstncDoorsCd>
        <wndRsstncWndwsCd>0</wndRsstncWndwsCd>
        <wndDrvnMsslXpsrCd>0</wndDrvnMsslXpsrCd>
        <floodCarrdMsslXpsrCd>0</floodCarrdMsslXpsrCd>
        <floodPrtctnCd>0</floodPrtctnCd>
        <cntntVlnrbltyWndCd>0</cntntVlnrbltyWndCd>
        <cntntVlnrbltyWtrCd>0</cntntVlnrbltyWtrCd>
        <vrtclIrrglrtyEqCd>0</vrtclIrrglrtyEqCd>
        <cmmrclApprtnntStructrsWsCd>0</cmmrclApprtnntStructrsWsCd>
        <structureId>0</structureId>
        <roofMntncCd>0</roofMntncCd>
      </structureAdditionalInfo>
      <esbCrossReferenceInfo>
        <prcsngStatCd>prcsngStatCd</prcsngStatCd>
        <prcsngStatTs>2001-12-31T12:00:00</prcsngStatTs>
        <retryCnt>0</retryCnt>
        <errMsg>errMsg</errMsg>
        <autoAugmentIn>autoAugmentIn</autoAugmentIn>
        <mdmException>
          <dplctSqn>0</dplctSqn>
          <sovLocId>0</sovLocId>
        </mdmException>
        <pbException>
          <mtchSqn>0</mtchSqn>
          <sovLocId>0</sovLocId>
        </pbException>
        <sovLocId>0</sovLocId>
      </esbCrossReferenceInfo>
      <mdmCrossReferenceInfo>
        <mdmContId>0</mdmContId>
        <mdmContCmpntId>0</mdmContCmpntId>
        <mdmHoldgId>0</mdmHoldgId>
        <mdmAddrId>0</mdmAddrId>
        <mdmException>
          <dplctSqn>0</dplctSqn>
          <sovLocId>0</sovLocId>
        </mdmException>
        <pbException>
          <mtchSqn>0</mtchSqn>
          <sovLocId>0</sovLocId>
        </pbException>
        <sovLocId>0</sovLocId>
      </mdmCrossReferenceInfo>
      <mdmException>
        <langCd>langCd</langCd>
        <ctyNm>ctyNm</ctyNm>
        <postalCd>postalCd</postalCd>
        <stNm>stNm</stNm>
        <addrStatCd>addrStatCd</addrStatCd>
        <dstrctNm>dstrctNm</dstrctNm>
        <cntyNm>cntyNm</cntyNm>
        <lattdInDegrs>lattdInDegrs</lattdInDegrs>
        <lngtdInDegrs>lngtdInDegrs</lngtdInDegrs>
        <coBusUnt>coBusUnt</coBusUnt>
        <cntryNm>cntryNm</cntryNm>
        <geoRsltnLvlId>0</geoRsltnLvlId>
        <mtchky>mtchky</mtchky>
        <addrConfdncPc>0.0</addrConfdncPc>
        <addrLn1>addrLn1</addrLn1>
        <addrLn2>addrLn2</addrLn2>
        <addrLn3>addrLn3</addrLn3>
        <addrXtensn>addrXtensn</addrXtensn>
        <pbLocId>pbLocId</pbLocId>
        <geoStat>geoStat</geoStat>
        <geoStatCd>geoStatCd</geoStatCd>
        <geoStatDesc>geoStatDesc</geoStatDesc>
        <dplctSqn>0</dplctSqn>
        <flrAr>flrAr</flrAr>
        <flrArUom>flrArUom</flrArUom>
        <occupancyScheme>occupancyScheme</occupancyScheme>
        <occupancyTypCd>occupancyTypCd</occupancyTypCd>
        <bltYr>0</bltYr>
        <noOfRsks>0</noOfRsks>
        <noOfStories>0</noOfStories>
        <bldgHght>0</bldgHght>
        <bldgHghtUom>bldgHghtUom</bldgHghtUom>
        <constrnSchemeCd>constrnSchemeCd</constrnSchemeCd>
        <constrnTypCd>constrnTypCd</constrnTypCd>
        <lastUpgraddYr>0</lastUpgraddYr>
        <flrOfInt>flrOfInt</flrOfInt>
        <mdmContId>0</mdmContId>
        <mdmContCmpntId>0</mdmContCmpntId>
        <mdmHoldgId>0</mdmHoldgId>
        <mdmAddrId>0</mdmAddrId>
        <isAddrStndrdizedIn>isAddrStndrdizedIn</isAddrStndrdizedIn>
        <mdmHoldgStartDt>2001-12-31T12:00:00</mdmHoldgStartDt>
        <propTypCd>0</propTypCd>
        <addr>addr</addr>
        <locNm>locNm</locNm>
        <siteNm>siteNm</siteNm>
        <cntryCd>cntryCd</cntryCd>
        <stCd>stCd</stCd>
        <addrStatDesc>addrStatDesc</addrStatDesc>
        <mtchScore>0</mtchScore>
        <locPrecision>locPrecision</locPrecision>
        <sovLocId>0</sovLocId>
      </mdmException>
      <pbCrossReferenceInfo>
        <geoRsltnLvlId>0</geoRsltnLvlId>
        <mtchky>mtchky</mtchky>
        <addrConfdncPc>0.0</addrConfdncPc>
        <addrXtensn>addrXtensn</addrXtensn>
        <addrStatCd>addrStatCd</addrStatCd>
        <isAddrStndrdizedIn>isAddrStndrdizedIn</isAddrStndrdizedIn>
        <addrStatDesc>addrStatDesc</addrStatDesc>
        <canAr>canAr</canAr>
        <canFloodZn>canFloodZn</canFloodZn>
        <canPrvnc>canPrvnc</canPrvnc>
        <canRiver>canRiver</canRiver>
        <pbException>
          <mtchSqn>0</mtchSqn>
          <sovLocId>0</sovLocId>
        </pbException>
        <mdmException>
          <dplctSqn>0</dplctSqn>
          <sovLocId>0</sovLocId>
        </mdmException>
        <sovLocId>0</sovLocId>
      </pbCrossReferenceInfo>
      <pbException>
        <langCd>langCd</langCd>
        <ctyNm>ctyNm</ctyNm>
        <postalCd>postalCd</postalCd>
        <stNm>stNm</stNm>
        <addrStatCd>addrStatCd</addrStatCd>
        <dstrctNm>dstrctNm</dstrctNm>
        <cntyNm>cntyNm</cntyNm>
        <lattdInDegrs>lattdInDegrs</lattdInDegrs>
        <lngtdInDegrs>lngtdInDegrs</lngtdInDegrs>
        <coBusUnt>coBusUnt</coBusUnt>
        <cntryNm>cntryNm</cntryNm>
        <geoRsltnLvlId>0</geoRsltnLvlId>
        <mtchky>mtchky</mtchky>
        <addrConfdncPc>0.0</addrConfdncPc>
        <addrLn1>addrLn1</addrLn1>
        <addrLn2>addrLn2</addrLn2>
        <addrLn3>addrLn3</addrLn3>
        <addrLn4>addrLn4</addrLn4>
        <multiMtchCnt>0</multiMtchCnt>
        <geoStat>geoStat</geoStat>
        <geoStatCd>geoStatCd</geoStatCd>
        <geoStatDesc>geoStatDesc</geoStatDesc>
        <mtchSqn>0</mtchSqn>
        <addrStatDesc>addrStatDesc</addrStatDesc>
        <locPrecision>locPrecision</locPrecision>
        <addrStat>addrStat</addrStat>
        <canAr>canAr</canAr>
        <canFloodZn>canFloodZn</canFloodZn>
        <canPrvnc>canPrvnc</canPrvnc>
        <canRiver>canRiver</canRiver>
        <canStat>canStat</canStat>
        <canStatCd>canStatCd</canStatCd>
        <canStatDesc>canStatDesc</canStatDesc>
        <crCntryFip>crCntryFip</crCntryFip>
        <crCrestaId>crCrestaId</crCrestaId>
        <crFips>crFips</crFips>
        <crGeocd>crGeocd</crGeocd>
        <crIso3Alph>crIso3Alph</crIso3Alph>
        <crIso3No>crIso3No</crIso3No>
        <crPerlTyp>crPerlTyp</crPerlTyp>
        <crStFips>crStFips</crStFips>
        <crSbIso>crSbIso</crSbIso>
        <crZnNo>crZnNo</crZnNo>
        <crDcmntat>crDcmntat</crDcmntat>
        <crNm>crNm</crNm>
        <crStat>crStat</crStat>
        <crStatCd>crStatCd</crStatCd>
        <crStatDesc>crStatDesc</crStatDesc>
        <crszCntryFip>crszCntryFip</crszCntryFip>
        <crszCrestaId>crszCrestaId</crszCrestaId>
        <crszFips>crszFips</crszFips>
        <crszGeocd>crszGeocd</crszGeocd>
        <crszIso3Alph>crszIso3Alph</crszIso3Alph>
        <crszIso3No>crszIso3No</crszIso3No>
        <crszPerlTyp>crszPerlTyp</crszPerlTyp>
        <crszStFips>crszStFips</crszStFips>
        <crszSbIso>crszSbIso</crszSbIso>
        <crszSznNo>crszSznNo</crszSznNo>
        <crszDcmntat>crszDcmntat</crszDcmntat>
        <crszNm>crszNm</crszNm>
        <crszParZoNum>crszParZoNum</crszParZoNum>
        <crszTyp>crszTyp</crszTyp>
        <crszStat>crszStat</crszStat>
        <crszStatCd>crszStatCd</crszStatCd>
        <crszStatDesc>crszStatDesc</crszStatDesc>
        <sovLocId>0</sovLocId>
      </pbException>
    </ges:sovLocation>
  </multipleMatchExceptionLocationsCurrent>
  <multipleMatchExceptionLocations>
    <ges:sovLocation>
      <sovLocId>0</sovLocId>
      <actvIn>Y</actvIn>
      <effectiveFromDate>2001-01-01</effectiveFromDate>
      <effectiveToDate>2001-01-01</effectiveToDate>
      <physicalObject>
        <physObjectId>0</physObjectId>
        <typeId>0</typeId>
        <populationInfoId>0</populationInfoId>
        <creatTs>2001-12-31T12:00:00</creatTs>
        <creatUsrId>creatUsrId</creatUsrId>
        <updTs>2001-12-31T12:00:00</updTs>
        <updUsrId>updUsrId</updUsrId>
      </physicalObject>
      <sovVersion>
        <sovVersnTypCd>sovVersnTypCd</sovVersnTypCd>
        <sovVersnId>0</sovVersnId>
        <versnNote>versnNote</versnNote>
        <creatUsrId>creatUsrId</creatUsrId>
        <creatTs>2001-12-31T12:00:00</creatTs>
        <avlblForPmoIn>N</avlblForPmoIn>
        <latstIn>Y</latstIn>
        <sovVersnNm>sovVersnNm</sovVersnNm>
        <sovVersnSqn>0</sovVersnSqn>
        <sov>
          <sovId>0</sovId>
          <creatTs>2001-12-31T12:00:00</creatTs>
          <updTs>2001-12-31T12:00:00</updTs>
        </sov>
      </sovVersion>
      <structure>
        <structureId>0</structureId>
        <typeId>0</typeId>
        <structureType>structureType</structureType>
        <name>name</name>
        <description>description</description>
        <basicDataIncomplete>basicDataIncomplete</basicDataIncomplete>
        <populationInfoId>0</populationInfoId>
        <effectiveFromDate>2001-01-01</effectiveFromDate>
        <effectiveToDate>2001-01-01</effectiveToDate>
        <xtrnlRefNo>xtrnlRefNo</xtrnlRefNo>
        <noOfRsks>0</noOfRsks>
        <bldgValAm>0.0</bldgValAm>
        <cntntsValAm>0.0</cntntsValAm>
        <biValAm>0.0</biValAm>
        <totalPropertyDamageValueAm>0.0</totalPropertyDamageValueAm>
        <totalSumInsuredValueAm>0.0</totalSumInsuredValueAm>
        <flrAr>flrAr</flrAr>
        <flrArUom>flrArUom</flrArUom>
        <bltYr>0</bltYr>
        <noOfStories>0</noOfStories>
        <bldgHght>0</bldgHght>
        <bldgHghtUom>bldgHghtUom</bldgHghtUom>
        <lastUpgraddYr>0</lastUpgraddYr>
        <flrOfInt>flrOfInt</flrOfInt>
        <constrnTypTx>constrnTypTx</constrnTypTx>
        <ocptnTypTx>ocptnTypTx</ocptnTypTx>
        <currntVersnFl>currntVersnFl</currntVersnFl>
        <creatTs>2001-12-31T12:00:00</creatTs>
        <creatUsrId>creatUsrId</creatUsrId>
        <updTs>2001-12-31T12:00:00</updTs>
        <updUsrId>updUsrId</updUsrId>
        <srcFileNm>srcFileNm</srcFileNm>
        <siteNm>siteNm</siteNm>
        <coNmBusUnt>coNmBusUnt</coNmBusUnt>
        <prmryBldgIn>prmryBldgIn</prmryBldgIn>
        <constructionType>
          <constrnTypCd>constrnTypCd</constrnTypCd>
          <constrnTypId>0</constrnTypId>
        </constructionType>
        <currency>
          <crncyId>0</crncyId>
        </currency>
        <geographicArea>
          <ggrphcArId>0</ggrphcArId>
        </geographicArea>
        <occupationType>
          <ocptnTypCd>ocptnTypCd</ocptnTypCd>
          <ocptnTypId>0</ocptnTypId>
        </occupationType>
        <physicalObject>
          <physObjectId>0</physObjectId>
          <typeId>0</typeId>
          <populationInfoId>0</populationInfoId>
          <creatTs>2001-12-31T12:00:00</creatTs>
          <updTs>2001-12-31T12:00:00</updTs>
        </physicalObject>
        <structureAdditionalInfo>
          <structureId>0</structureId>
        </structureAdditionalInfo>
      </structure>
      <structureAdditionalInfo>
        <rdndncyCd>0</rdndncyCd>
        <pctCmpltn>0</pctCmpltn>
        <startDt>2001-01-01</startDt>
        <cmpltnDt>2001-01-01</cmpltnDt>
        <shapeConfigCd>0</shapeConfigCd>
        <flrTypCd>0</flrTypCd>
        <softStoryCd>0</softStoryCd>
        <setbksOvrhangsCd>0</setbksOvrhangsCd>
        <asymmtryTrsnCd>0</asymmtryTrsnCd>
        <extrrWllsClddngCd>0</extrrWllsClddngCd>
        <bldgExtrrCd>0</bldgExtrrCd>
        <shrtColCondtnCd>0</shrtColCondtnCd>
        <urmChmnyParttnCd>0</urmChmnyParttnCd>
        <apndagesOrnmnttnCd>0</apndagesOrnmnttnCd>
        <crplWllsCd>0</crplWllsCd>
        <framBltdDwnCd>0</framBltdDwnCd>
        <purlinAnchringCd>0</purlinAnchringCd>
        <urmRetrofitCd>0</urmRetrofitCd>
        <structrlUpgrdCd>0</structrlUpgrdCd>
        <engnredFndtnCd>0</engnredFndtnCd>
        <mchnclElctrlSystmsSidesCd>0</mchnclElctrlSystmsSidesCd>
        <mchnclElctrlSystmsGrndCd>0</mchnclElctrlSystmsGrndCd>
        <eqpmtCd>0</eqpmtCd>
        <constrnQltyEqCd>0</constrnQltyEqCd>
        <fatigMntncCd>0</fatigMntncCd>
        <poundingCd>0</poundingCd>
        <tankCd>0</tankCd>
        <basIsltnCd>0</basIsltnCd>
        <sprnklrTypCd>0</sprnklrTypCd>
        <sprnklrSuscptbltyCd>0</sprnklrSuscptbltyCd>
        <bldgDsgnCdCd>0</bldgDsgnCdCd>
        <constrnQltyCd>0</constrnQltyCd>
        <roofSystmcovrngCd>0</roofSystmcovrngCd>
        <roofGmtryCd>0</roofGmtryCd>
        <roofAnchrCd>0</roofAnchrCd>
        <roofAgeCd>0</roofAgeCd>
        <roofFramingTypCd>0</roofFramingTypCd>
        <roofPrptsChmnysCd>0</roofPrptsChmnysCd>
        <roofEqpmtCd>0</roofEqpmtCd>
        <basmentCd>0</basmentCd>
        <xtrnlOrnmnttnCd>0</xtrnlOrnmnttnCd>
        <clddngCd>0</clddngCd>
        <roofShthngCd>0</roofShthngCd>
        <fndtnSystmCd>0</fndtnSystmCd>
        <archtcturalElmntsCd>0</archtcturalElmntsCd>
        <mchnclCd>0</mchnclCd>
        <rsstncDoorsCd>0</rsstncDoorsCd>
        <wndRsstncWndwsCd>0</wndRsstncWndwsCd>
        <wndDrvnMsslXpsrCd>0</wndDrvnMsslXpsrCd>
        <floodCarrdMsslXpsrCd>0</floodCarrdMsslXpsrCd>
        <floodPrtctnCd>0</floodPrtctnCd>
        <cntntVlnrbltyWndCd>0</cntntVlnrbltyWndCd>
        <cntntVlnrbltyWtrCd>0</cntntVlnrbltyWtrCd>
        <vrtclIrrglrtyEqCd>0</vrtclIrrglrtyEqCd>
        <cmmrclApprtnntStructrsWsCd>0</cmmrclApprtnntStructrsWsCd>
        <structureId>0</structureId>
        <roofMntncCd>0</roofMntncCd>
      </structureAdditionalInfo>
      <esbCrossReferenceInfo>
        <prcsngStatCd>prcsngStatCd</prcsngStatCd>
        <prcsngStatTs>2001-12-31T12:00:00</prcsngStatTs>
        <retryCnt>0</retryCnt>
        <errMsg>errMsg</errMsg>
        <autoAugmentIn>autoAugmentIn</autoAugmentIn>
        <mdmException>
          <dplctSqn>0</dplctSqn>
          <sovLocId>0</sovLocId>
        </mdmException>
        <pbException>
          <mtchSqn>0</mtchSqn>
          <sovLocId>0</sovLocId>
        </pbException>
        <sovLocId>0</sovLocId>
      </esbCrossReferenceInfo>
      <mdmCrossReferenceInfo>
        <mdmContId>0</mdmContId>
        <mdmContCmpntId>0</mdmContCmpntId>
        <mdmHoldgId>0</mdmHoldgId>
        <mdmAddrId>0</mdmAddrId>
        <mdmException>
          <dplctSqn>0</dplctSqn>
          <sovLocId>0</sovLocId>
        </mdmException>
        <pbException>
          <mtchSqn>0</mtchSqn>
          <sovLocId>0</sovLocId>
        </pbException>
        <sovLocId>0</sovLocId>
      </mdmCrossReferenceInfo>
      <mdmException>
        <langCd>langCd</langCd>
        <ctyNm>ctyNm</ctyNm>
        <postalCd>postalCd</postalCd>
        <stNm>stNm</stNm>
        <addrStatCd>addrStatCd</addrStatCd>
        <dstrctNm>dstrctNm</dstrctNm>
        <cntyNm>cntyNm</cntyNm>
        <lattdInDegrs>lattdInDegrs</lattdInDegrs>
        <lngtdInDegrs>lngtdInDegrs</lngtdInDegrs>
        <coBusUnt>coBusUnt</coBusUnt>
        <cntryNm>cntryNm</cntryNm>
        <geoRsltnLvlId>0</geoRsltnLvlId>
        <mtchky>mtchky</mtchky>
        <addrConfdncPc>0.0</addrConfdncPc>
        <addrLn1>addrLn1</addrLn1>
        <addrLn2>addrLn2</addrLn2>
        <addrLn3>addrLn3</addrLn3>
        <addrXtensn>addrXtensn</addrXtensn>
        <pbLocId>pbLocId</pbLocId>
        <geoStat>geoStat</geoStat>
        <geoStatCd>geoStatCd</geoStatCd>
        <geoStatDesc>geoStatDesc</geoStatDesc>
        <dplctSqn>0</dplctSqn>
        <flrAr>flrAr</flrAr>
        <flrArUom>flrArUom</flrArUom>
        <occupancyScheme>occupancyScheme</occupancyScheme>
        <occupancyTypCd>occupancyTypCd</occupancyTypCd>
        <bltYr>0</bltYr>
        <noOfRsks>0</noOfRsks>
        <noOfStories>0</noOfStories>
        <bldgHght>0</bldgHght>
        <bldgHghtUom>bldgHghtUom</bldgHghtUom>
        <constrnSchemeCd>constrnSchemeCd</constrnSchemeCd>
        <constrnTypCd>constrnTypCd</constrnTypCd>
        <lastUpgraddYr>0</lastUpgraddYr>
        <flrOfInt>flrOfInt</flrOfInt>
        <mdmContId>0</mdmContId>
        <mdmContCmpntId>0</mdmContCmpntId>
        <mdmHoldgId>0</mdmHoldgId>
        <mdmAddrId>0</mdmAddrId>
        <isAddrStndrdizedIn>isAddrStndrdizedIn</isAddrStndrdizedIn>
        <mdmHoldgStartDt>2001-12-31T12:00:00</mdmHoldgStartDt>
        <propTypCd>0</propTypCd>
        <addr>addr</addr>
        <locNm>locNm</locNm>
        <siteNm>siteNm</siteNm>
        <cntryCd>cntryCd</cntryCd>
        <stCd>stCd</stCd>
        <addrStatDesc>addrStatDesc</addrStatDesc>
        <mtchScore>0</mtchScore>
        <locPrecision>locPrecision</locPrecision>
        <sovLocId>0</sovLocId>
      </mdmException>
      <pbCrossReferenceInfo>
        <geoRsltnLvlId>0</geoRsltnLvlId>
        <mtchky>mtchky</mtchky>
        <addrConfdncPc>0.0</addrConfdncPc>
        <addrXtensn>addrXtensn</addrXtensn>
        <addrStatCd>addrStatCd</addrStatCd>
        <isAddrStndrdizedIn>isAddrStndrdizedIn</isAddrStndrdizedIn>
        <addrStatDesc>addrStatDesc</addrStatDesc>
        <canAr>canAr</canAr>
        <canFloodZn>canFloodZn</canFloodZn>
        <canPrvnc>canPrvnc</canPrvnc>
        <canRiver>canRiver</canRiver>
        <pbException>
          <mtchSqn>0</mtchSqn>
          <sovLocId>0</sovLocId>
        </pbException>
        <mdmException>
          <dplctSqn>0</dplctSqn>
          <sovLocId>0</sovLocId>
        </mdmException>
        <sovLocId>0</sovLocId>
      </pbCrossReferenceInfo>
      <pbException>
        <langCd>langCd</langCd>
        <ctyNm>ctyNm</ctyNm>
        <postalCd>postalCd</postalCd>
        <stNm>stNm</stNm>
        <addrStatCd>addrStatCd</addrStatCd>
        <dstrctNm>dstrctNm</dstrctNm>
        <cntyNm>cntyNm</cntyNm>
        <lattdInDegrs>lattdInDegrs</lattdInDegrs>
        <lngtdInDegrs>lngtdInDegrs</lngtdInDegrs>
        <coBusUnt>coBusUnt</coBusUnt>
        <cntryNm>cntryNm</cntryNm>
        <geoRsltnLvlId>0</geoRsltnLvlId>
        <mtchky>mtchky</mtchky>
        <addrConfdncPc>0.0</addrConfdncPc>
        <addrLn1>addrLn1</addrLn1>
        <addrLn2>addrLn2</addrLn2>
        <addrLn3>addrLn3</addrLn3>
        <addrLn4>addrLn4</addrLn4>
        <multiMtchCnt>0</multiMtchCnt>
        <geoStat>geoStat</geoStat>
        <geoStatCd>geoStatCd</geoStatCd>
        <geoStatDesc>geoStatDesc</geoStatDesc>
        <mtchSqn>0</mtchSqn>
        <addrStatDesc>addrStatDesc</addrStatDesc>
        <locPrecision>locPrecision</locPrecision>
        <addrStat>addrStat</addrStat>
        <canAr>canAr</canAr>
        <canFloodZn>canFloodZn</canFloodZn>
        <canPrvnc>canPrvnc</canPrvnc>
        <canRiver>canRiver</canRiver>
        <canStat>canStat</canStat>
        <canStatCd>canStatCd</canStatCd>
        <canStatDesc>canStatDesc</canStatDesc>
        <crCntryFip>crCntryFip</crCntryFip>
        <crCrestaId>crCrestaId</crCrestaId>
        <crFips>crFips</crFips>
        <crGeocd>crGeocd</crGeocd>
        <crIso3Alph>crIso3Alph</crIso3Alph>
        <crIso3No>crIso3No</crIso3No>
        <crPerlTyp>crPerlTyp</crPerlTyp>
        <crStFips>crStFips</crStFips>
        <crSbIso>crSbIso</crSbIso>
        <crZnNo>crZnNo</crZnNo>
        <crDcmntat>crDcmntat</crDcmntat>
        <crNm>crNm</crNm>
        <crStat>crStat</crStat>
        <crStatCd>crStatCd</crStatCd>
        <crStatDesc>crStatDesc</crStatDesc>
        <crszCntryFip>crszCntryFip</crszCntryFip>
        <crszCrestaId>crszCrestaId</crszCrestaId>
        <crszFips>crszFips</crszFips>
        <crszGeocd>crszGeocd</crszGeocd>
        <crszIso3Alph>crszIso3Alph</crszIso3Alph>
        <crszIso3No>crszIso3No</crszIso3No>
        <crszPerlTyp>crszPerlTyp</crszPerlTyp>
        <crszStFips>crszStFips</crszStFips>
        <crszSbIso>crszSbIso</crszSbIso>
        <crszSznNo>crszSznNo</crszSznNo>
        <crszDcmntat>crszDcmntat</crszDcmntat>
        <crszNm>crszNm</crszNm>
        <crszParZoNum>crszParZoNum</crszParZoNum>
        <crszTyp>crszTyp</crszTyp>
        <crszStat>crszStat</crszStat>
        <crszStatCd>crszStatCd</crszStatCd>
        <crszStatDesc>crszStatDesc</crszStatDesc>
        <sovLocId>0</sovLocId>
      </pbException>
    </ges:sovLocation>
  </multipleMatchExceptionLocations>
  <failureExceptionLocationsCurrent>
    <ges:sovLocation>
      <sovLocId>0</sovLocId>
      <actvIn>Y</actvIn>
      <effectiveFromDate>2001-01-01</effectiveFromDate>
      <effectiveToDate>2001-01-01</effectiveToDate>
      <physicalObject>
        <physObjectId>0</physObjectId>
        <typeId>0</typeId>
        <populationInfoId>0</populationInfoId>
        <creatTs>2001-12-31T12:00:00</creatTs>
        <creatUsrId>creatUsrId</creatUsrId>
        <updTs>2001-12-31T12:00:00</updTs>
        <updUsrId>updUsrId</updUsrId>
      </physicalObject>
      <sovVersion>
        <sovVersnTypCd>sovVersnTypCd</sovVersnTypCd>
        <sovVersnId>0</sovVersnId>
        <versnNote>versnNote</versnNote>
        <creatUsrId>creatUsrId</creatUsrId>
        <creatTs>2001-12-31T12:00:00</creatTs>
        <avlblForPmoIn>N</avlblForPmoIn>
        <latstIn>Y</latstIn>
        <sovVersnNm>sovVersnNm</sovVersnNm>
        <sovVersnSqn>0</sovVersnSqn>
        <sov>
          <sovId>0</sovId>
          <creatTs>2001-12-31T12:00:00</creatTs>
          <updTs>2001-12-31T12:00:00</updTs>
        </sov>
      </sovVersion>
      <structure>
        <structureId>0</structureId>
        <typeId>0</typeId>
        <structureType>structureType</structureType>
        <name>name</name>
        <description>description</description>
        <basicDataIncomplete>basicDataIncomplete</basicDataIncomplete>
        <populationInfoId>0</populationInfoId>
        <effectiveFromDate>2001-01-01</effectiveFromDate>
        <effectiveToDate>2001-01-01</effectiveToDate>
        <xtrnlRefNo>xtrnlRefNo</xtrnlRefNo>
        <noOfRsks>0</noOfRsks>
        <bldgValAm>0.0</bldgValAm>
        <cntntsValAm>0.0</cntntsValAm>
        <biValAm>0.0</biValAm>
        <totalPropertyDamageValueAm>0.0</totalPropertyDamageValueAm>
        <totalSumInsuredValueAm>0.0</totalSumInsuredValueAm>
        <flrAr>flrAr</flrAr>
        <flrArUom>flrArUom</flrArUom>
        <bltYr>0</bltYr>
        <noOfStories>0</noOfStories>
        <bldgHght>0</bldgHght>
        <bldgHghtUom>bldgHghtUom</bldgHghtUom>
        <lastUpgraddYr>0</lastUpgraddYr>
        <flrOfInt>flrOfInt</flrOfInt>
        <constrnTypTx>constrnTypTx</constrnTypTx>
        <ocptnTypTx>ocptnTypTx</ocptnTypTx>
        <currntVersnFl>currntVersnFl</currntVersnFl>
        <creatTs>2001-12-31T12:00:00</creatTs>
        <creatUsrId>creatUsrId</creatUsrId>
        <updTs>2001-12-31T12:00:00</updTs>
        <updUsrId>updUsrId</updUsrId>
        <srcFileNm>srcFileNm</srcFileNm>
        <siteNm>siteNm</siteNm>
        <coNmBusUnt>coNmBusUnt</coNmBusUnt>
        <prmryBldgIn>prmryBldgIn</prmryBldgIn>
        <constructionType>
          <constrnTypCd>constrnTypCd</constrnTypCd>
          <constrnTypId>0</constrnTypId>
        </constructionType>
        <currency>
          <crncyId>0</crncyId>
        </currency>
        <geographicArea>
          <ggrphcArId>0</ggrphcArId>
        </geographicArea>
        <occupationType>
          <ocptnTypCd>ocptnTypCd</ocptnTypCd>
          <ocptnTypId>0</ocptnTypId>
        </occupationType>
        <physicalObject>
          <physObjectId>0</physObjectId>
          <typeId>0</typeId>
          <populationInfoId>0</populationInfoId>
          <creatTs>2001-12-31T12:00:00</creatTs>
          <updTs>2001-12-31T12:00:00</updTs>
        </physicalObject>
        <structureAdditionalInfo>
          <structureId>0</structureId>
        </structureAdditionalInfo>
      </structure>
      <structureAdditionalInfo>
        <rdndncyCd>0</rdndncyCd>
        <pctCmpltn>0</pctCmpltn>
        <startDt>2001-01-01</startDt>
        <cmpltnDt>2001-01-01</cmpltnDt>
        <shapeConfigCd>0</shapeConfigCd>
        <flrTypCd>0</flrTypCd>
        <softStoryCd>0</softStoryCd>
        <setbksOvrhangsCd>0</setbksOvrhangsCd>
        <asymmtryTrsnCd>0</asymmtryTrsnCd>
        <extrrWllsClddngCd>0</extrrWllsClddngCd>
        <bldgExtrrCd>0</bldgExtrrCd>
        <shrtColCondtnCd>0</shrtColCondtnCd>
        <urmChmnyParttnCd>0</urmChmnyParttnCd>
        <apndagesOrnmnttnCd>0</apndagesOrnmnttnCd>
        <crplWllsCd>0</crplWllsCd>
        <framBltdDwnCd>0</framBltdDwnCd>
        <purlinAnchringCd>0</purlinAnchringCd>
        <urmRetrofitCd>0</urmRetrofitCd>
        <structrlUpgrdCd>0</structrlUpgrdCd>
        <engnredFndtnCd>0</engnredFndtnCd>
        <mchnclElctrlSystmsSidesCd>0</mchnclElctrlSystmsSidesCd>
        <mchnclElctrlSystmsGrndCd>0</mchnclElctrlSystmsGrndCd>
        <eqpmtCd>0</eqpmtCd>
        <constrnQltyEqCd>0</constrnQltyEqCd>
        <fatigMntncCd>0</fatigMntncCd>
        <poundingCd>0</poundingCd>
        <tankCd>0</tankCd>
        <basIsltnCd>0</basIsltnCd>
        <sprnklrTypCd>0</sprnklrTypCd>
        <sprnklrSuscptbltyCd>0</sprnklrSuscptbltyCd>
        <bldgDsgnCdCd>0</bldgDsgnCdCd>
        <constrnQltyCd>0</constrnQltyCd>
        <roofSystmcovrngCd>0</roofSystmcovrngCd>
        <roofGmtryCd>0</roofGmtryCd>
        <roofAnchrCd>0</roofAnchrCd>
        <roofAgeCd>0</roofAgeCd>
        <roofFramingTypCd>0</roofFramingTypCd>
        <roofPrptsChmnysCd>0</roofPrptsChmnysCd>
        <roofEqpmtCd>0</roofEqpmtCd>
        <basmentCd>0</basmentCd>
        <xtrnlOrnmnttnCd>0</xtrnlOrnmnttnCd>
        <clddngCd>0</clddngCd>
        <roofShthngCd>0</roofShthngCd>
        <fndtnSystmCd>0</fndtnSystmCd>
        <archtcturalElmntsCd>0</archtcturalElmntsCd>
        <mchnclCd>0</mchnclCd>
        <rsstncDoorsCd>0</rsstncDoorsCd>
        <wndRsstncWndwsCd>0</wndRsstncWndwsCd>
        <wndDrvnMsslXpsrCd>0</wndDrvnMsslXpsrCd>
        <floodCarrdMsslXpsrCd>0</floodCarrdMsslXpsrCd>
        <floodPrtctnCd>0</floodPrtctnCd>
        <cntntVlnrbltyWndCd>0</cntntVlnrbltyWndCd>
        <cntntVlnrbltyWtrCd>0</cntntVlnrbltyWtrCd>
        <vrtclIrrglrtyEqCd>0</vrtclIrrglrtyEqCd>
        <cmmrclApprtnntStructrsWsCd>0</cmmrclApprtnntStructrsWsCd>
        <structureId>0</structureId>
        <roofMntncCd>0</roofMntncCd>
      </structureAdditionalInfo>
      <esbCrossReferenceInfo>
        <prcsngStatCd>prcsngStatCd</prcsngStatCd>
        <prcsngStatTs>2001-12-31T12:00:00</prcsngStatTs>
        <retryCnt>0</retryCnt>
        <errMsg>errMsg</errMsg>
        <autoAugmentIn>autoAugmentIn</autoAugmentIn>
        <mdmException>
          <dplctSqn>0</dplctSqn>
          <sovLocId>0</sovLocId>
        </mdmException>
        <pbException>
          <mtchSqn>0</mtchSqn>
          <sovLocId>0</sovLocId>
        </pbException>
        <sovLocId>0</sovLocId>
      </esbCrossReferenceInfo>
      <mdmCrossReferenceInfo>
        <mdmContId>0</mdmContId>
        <mdmContCmpntId>0</mdmContCmpntId>
        <mdmHoldgId>0</mdmHoldgId>
        <mdmAddrId>0</mdmAddrId>
        <mdmException>
          <dplctSqn>0</dplctSqn>
          <sovLocId>0</sovLocId>
        </mdmException>
        <pbException>
          <mtchSqn>0</mtchSqn>
          <sovLocId>0</sovLocId>
        </pbException>
        <sovLocId>0</sovLocId>
      </mdmCrossReferenceInfo>
      <mdmException>
        <langCd>langCd</langCd>
        <ctyNm>ctyNm</ctyNm>
        <postalCd>postalCd</postalCd>
        <stNm>stNm</stNm>
        <addrStatCd>addrStatCd</addrStatCd>
        <dstrctNm>dstrctNm</dstrctNm>
        <cntyNm>cntyNm</cntyNm>
        <lattdInDegrs>lattdInDegrs</lattdInDegrs>
        <lngtdInDegrs>lngtdInDegrs</lngtdInDegrs>
        <coBusUnt>coBusUnt</coBusUnt>
        <cntryNm>cntryNm</cntryNm>
        <geoRsltnLvlId>0</geoRsltnLvlId>
        <mtchky>mtchky</mtchky>
        <addrConfdncPc>0.0</addrConfdncPc>
        <addrLn1>addrLn1</addrLn1>
        <addrLn2>addrLn2</addrLn2>
        <addrLn3>addrLn3</addrLn3>
        <addrXtensn>addrXtensn</addrXtensn>
        <pbLocId>pbLocId</pbLocId>
        <geoStat>geoStat</geoStat>
        <geoStatCd>geoStatCd</geoStatCd>
        <geoStatDesc>geoStatDesc</geoStatDesc>
        <dplctSqn>0</dplctSqn>
        <flrAr>flrAr</flrAr>
        <flrArUom>flrArUom</flrArUom>
        <occupancyScheme>occupancyScheme</occupancyScheme>
        <occupancyTypCd>occupancyTypCd</occupancyTypCd>
        <bltYr>0</bltYr>
        <noOfRsks>0</noOfRsks>
        <noOfStories>0</noOfStories>
        <bldgHght>0</bldgHght>
        <bldgHghtUom>bldgHghtUom</bldgHghtUom>
        <constrnSchemeCd>constrnSchemeCd</constrnSchemeCd>
        <constrnTypCd>constrnTypCd</constrnTypCd>
        <lastUpgraddYr>0</lastUpgraddYr>
        <flrOfInt>flrOfInt</flrOfInt>
        <mdmContId>0</mdmContId>
        <mdmContCmpntId>0</mdmContCmpntId>
        <mdmHoldgId>0</mdmHoldgId>
        <mdmAddrId>0</mdmAddrId>
        <isAddrStndrdizedIn>isAddrStndrdizedIn</isAddrStndrdizedIn>
        <mdmHoldgStartDt>2001-12-31T12:00:00</mdmHoldgStartDt>
        <propTypCd>0</propTypCd>
        <addr>addr</addr>
        <locNm>locNm</locNm>
        <siteNm>siteNm</siteNm>
        <cntryCd>cntryCd</cntryCd>
        <stCd>stCd</stCd>
        <addrStatDesc>addrStatDesc</addrStatDesc>
        <mtchScore>0</mtchScore>
        <locPrecision>locPrecision</locPrecision>
        <sovLocId>0</sovLocId>
      </mdmException>
      <pbCrossReferenceInfo>
        <geoRsltnLvlId>0</geoRsltnLvlId>
        <mtchky>mtchky</mtchky>
        <addrConfdncPc>0.0</addrConfdncPc>
        <addrXtensn>addrXtensn</addrXtensn>
        <addrStatCd>addrStatCd</addrStatCd>
        <isAddrStndrdizedIn>isAddrStndrdizedIn</isAddrStndrdizedIn>
        <addrStatDesc>addrStatDesc</addrStatDesc>
        <canAr>canAr</canAr>
        <canFloodZn>canFloodZn</canFloodZn>
        <canPrvnc>canPrvnc</canPrvnc>
        <canRiver>canRiver</canRiver>
        <pbException>
          <mtchSqn>0</mtchSqn>
          <sovLocId>0</sovLocId>
        </pbException>
        <mdmException>
          <dplctSqn>0</dplctSqn>
          <sovLocId>0</sovLocId>
        </mdmException>
        <sovLocId>0</sovLocId>
      </pbCrossReferenceInfo>
      <pbException>
        <langCd>langCd</langCd>
        <ctyNm>ctyNm</ctyNm>
        <postalCd>postalCd</postalCd>
        <stNm>stNm</stNm>
        <addrStatCd>addrStatCd</addrStatCd>
        <dstrctNm>dstrctNm</dstrctNm>
        <cntyNm>cntyNm</cntyNm>
        <lattdInDegrs>lattdInDegrs</lattdInDegrs>
        <lngtdInDegrs>lngtdInDegrs</lngtdInDegrs>
        <coBusUnt>coBusUnt</coBusUnt>
        <cntryNm>cntryNm</cntryNm>
        <geoRsltnLvlId>0</geoRsltnLvlId>
        <mtchky>mtchky</mtchky>
        <addrConfdncPc>0.0</addrConfdncPc>
        <addrLn1>addrLn1</addrLn1>
        <addrLn2>addrLn2</addrLn2>
        <addrLn3>addrLn3</addrLn3>
        <addrLn4>addrLn4</addrLn4>
        <multiMtchCnt>0</multiMtchCnt>
        <geoStat>geoStat</geoStat>
        <geoStatCd>geoStatCd</geoStatCd>
        <geoStatDesc>geoStatDesc</geoStatDesc>
        <mtchSqn>0</mtchSqn>
        <addrStatDesc>addrStatDesc</addrStatDesc>
        <locPrecision>locPrecision</locPrecision>
        <addrStat>addrStat</addrStat>
        <canAr>canAr</canAr>
        <canFloodZn>canFloodZn</canFloodZn>
        <canPrvnc>canPrvnc</canPrvnc>
        <canRiver>canRiver</canRiver>
        <canStat>canStat</canStat>
        <canStatCd>canStatCd</canStatCd>
        <canStatDesc>canStatDesc</canStatDesc>
        <crCntryFip>crCntryFip</crCntryFip>
        <crCrestaId>crCrestaId</crCrestaId>
        <crFips>crFips</crFips>
        <crGeocd>crGeocd</crGeocd>
        <crIso3Alph>crIso3Alph</crIso3Alph>
        <crIso3No>crIso3No</crIso3No>
        <crPerlTyp>crPerlTyp</crPerlTyp>
        <crStFips>crStFips</crStFips>
        <crSbIso>crSbIso</crSbIso>
        <crZnNo>crZnNo</crZnNo>
        <crDcmntat>crDcmntat</crDcmntat>
        <crNm>crNm</crNm>
        <crStat>crStat</crStat>
        <crStatCd>crStatCd</crStatCd>
        <crStatDesc>crStatDesc</crStatDesc>
        <crszCntryFip>crszCntryFip</crszCntryFip>
        <crszCrestaId>crszCrestaId</crszCrestaId>
        <crszFips>crszFips</crszFips>
        <crszGeocd>crszGeocd</crszGeocd>
        <crszIso3Alph>crszIso3Alph</crszIso3Alph>
        <crszIso3No>crszIso3No</crszIso3No>
        <crszPerlTyp>crszPerlTyp</crszPerlTyp>
        <crszStFips>crszStFips</crszStFips>
        <crszSbIso>crszSbIso</crszSbIso>
        <crszSznNo>crszSznNo</crszSznNo>
        <crszDcmntat>crszDcmntat</crszDcmntat>
        <crszNm>crszNm</crszNm>
        <crszParZoNum>crszParZoNum</crszParZoNum>
        <crszTyp>crszTyp</crszTyp>
        <crszStat>crszStat</crszStat>
        <crszStatCd>crszStatCd</crszStatCd>
        <crszStatDesc>crszStatDesc</crszStatDesc>
        <sovLocId>0</sovLocId>
      </pbException>
    </ges:sovLocation>
  </failureExceptionLocationsCurrent>
  <failureExceptionLocations>
    <ges:sovLocation>
      <sovLocId>0</sovLocId>
      <actvIn>Y</actvIn>
      <effectiveFromDate>2001-01-01</effectiveFromDate>
      <effectiveToDate>2001-01-01</effectiveToDate>
      <physicalObject>
        <physObjectId>0</physObjectId>
        <typeId>0</typeId>
        <populationInfoId>0</populationInfoId>
        <creatTs>2001-12-31T12:00:00</creatTs>
        <creatUsrId>creatUsrId</creatUsrId>
        <updTs>2001-12-31T12:00:00</updTs>
        <updUsrId>updUsrId</updUsrId>
      </physicalObject>
      <sovVersion>
        <sovVersnTypCd>sovVersnTypCd</sovVersnTypCd>
        <sovVersnId>0</sovVersnId>
        <versnNote>versnNote</versnNote>
        <creatUsrId>creatUsrId</creatUsrId>
        <creatTs>2001-12-31T12:00:00</creatTs>
        <avlblForPmoIn>N</avlblForPmoIn>
        <latstIn>Y</latstIn>
        <sovVersnNm>sovVersnNm</sovVersnNm>
        <sovVersnSqn>0</sovVersnSqn>
        <sov>
          <sovId>0</sovId>
          <creatTs>2001-12-31T12:00:00</creatTs>
          <updTs>2001-12-31T12:00:00</updTs>
        </sov>
      </sovVersion>
      <structure>
        <structureId>0</structureId>
        <typeId>0</typeId>
        <structureType>structureType</structureType>
        <name>name</name>
        <description>description</description>
        <basicDataIncomplete>basicDataIncomplete</basicDataIncomplete>
        <populationInfoId>0</populationInfoId>
        <effectiveFromDate>2001-01-01</effectiveFromDate>
        <effectiveToDate>2001-01-01</effectiveToDate>
        <xtrnlRefNo>xtrnlRefNo</xtrnlRefNo>
        <noOfRsks>0</noOfRsks>
        <bldgValAm>0.0</bldgValAm>
        <cntntsValAm>0.0</cntntsValAm>
        <biValAm>0.0</biValAm>
        <totalPropertyDamageValueAm>0.0</totalPropertyDamageValueAm>
        <totalSumInsuredValueAm>0.0</totalSumInsuredValueAm>
        <flrAr>flrAr</flrAr>
        <flrArUom>flrArUom</flrArUom>
        <bltYr>0</bltYr>
        <noOfStories>0</noOfStories>
        <bldgHght>0</bldgHght>
        <bldgHghtUom>bldgHghtUom</bldgHghtUom>
        <lastUpgraddYr>0</lastUpgraddYr>
        <flrOfInt>flrOfInt</flrOfInt>
        <constrnTypTx>constrnTypTx</constrnTypTx>
        <ocptnTypTx>ocptnTypTx</ocptnTypTx>
        <currntVersnFl>currntVersnFl</currntVersnFl>
        <creatTs>2001-12-31T12:00:00</creatTs>
        <creatUsrId>creatUsrId</creatUsrId>
        <updTs>2001-12-31T12:00:00</updTs>
        <updUsrId>updUsrId</updUsrId>
        <srcFileNm>srcFileNm</srcFileNm>
        <siteNm>siteNm</siteNm>
        <coNmBusUnt>coNmBusUnt</coNmBusUnt>
        <prmryBldgIn>prmryBldgIn</prmryBldgIn>
        <constructionType>
          <constrnTypCd>constrnTypCd</constrnTypCd>
          <constrnTypId>0</constrnTypId>
        </constructionType>
        <currency>
          <crncyId>0</crncyId>
        </currency>
        <geographicArea>
          <ggrphcArId>0</ggrphcArId>
        </geographicArea>
        <occupationType>
          <ocptnTypCd>ocptnTypCd</ocptnTypCd>
          <ocptnTypId>0</ocptnTypId>
        </occupationType>
        <physicalObject>
          <physObjectId>0</physObjectId>
          <typeId>0</typeId>
          <populationInfoId>0</populationInfoId>
          <creatTs>2001-12-31T12:00:00</creatTs>
          <updTs>2001-12-31T12:00:00</updTs>
        </physicalObject>
        <structureAdditionalInfo>
          <structureId>0</structureId>
        </structureAdditionalInfo>
      </structure>
      <structureAdditionalInfo>
        <rdndncyCd>0</rdndncyCd>
        <pctCmpltn>0</pctCmpltn>
        <startDt>2001-01-01</startDt>
        <cmpltnDt>2001-01-01</cmpltnDt>
        <shapeConfigCd>0</shapeConfigCd>
        <flrTypCd>0</flrTypCd>
        <softStoryCd>0</softStoryCd>
        <setbksOvrhangsCd>0</setbksOvrhangsCd>
        <asymmtryTrsnCd>0</asymmtryTrsnCd>
        <extrrWllsClddngCd>0</extrrWllsClddngCd>
        <bldgExtrrCd>0</bldgExtrrCd>
        <shrtColCondtnCd>0</shrtColCondtnCd>
        <urmChmnyParttnCd>0</urmChmnyParttnCd>
        <apndagesOrnmnttnCd>0</apndagesOrnmnttnCd>
        <crplWllsCd>0</crplWllsCd>
        <framBltdDwnCd>0</framBltdDwnCd>
        <purlinAnchringCd>0</purlinAnchringCd>
        <urmRetrofitCd>0</urmRetrofitCd>
        <structrlUpgrdCd>0</structrlUpgrdCd>
        <engnredFndtnCd>0</engnredFndtnCd>
        <mchnclElctrlSystmsSidesCd>0</mchnclElctrlSystmsSidesCd>
        <mchnclElctrlSystmsGrndCd>0</mchnclElctrlSystmsGrndCd>
        <eqpmtCd>0</eqpmtCd>
        <constrnQltyEqCd>0</constrnQltyEqCd>
        <fatigMntncCd>0</fatigMntncCd>
        <poundingCd>0</poundingCd>
        <tankCd>0</tankCd>
        <basIsltnCd>0</basIsltnCd>
        <sprnklrTypCd>0</sprnklrTypCd>
        <sprnklrSuscptbltyCd>0</sprnklrSuscptbltyCd>
        <bldgDsgnCdCd>0</bldgDsgnCdCd>
        <constrnQltyCd>0</constrnQltyCd>
        <roofSystmcovrngCd>0</roofSystmcovrngCd>
        <roofGmtryCd>0</roofGmtryCd>
        <roofAnchrCd>0</roofAnchrCd>
        <roofAgeCd>0</roofAgeCd>
        <roofFramingTypCd>0</roofFramingTypCd>
        <roofPrptsChmnysCd>0</roofPrptsChmnysCd>
        <roofEqpmtCd>0</roofEqpmtCd>
        <basmentCd>0</basmentCd>
        <xtrnlOrnmnttnCd>0</xtrnlOrnmnttnCd>
        <clddngCd>0</clddngCd>
        <roofShthngCd>0</roofShthngCd>
        <fndtnSystmCd>0</fndtnSystmCd>
        <archtcturalElmntsCd>0</archtcturalElmntsCd>
        <mchnclCd>0</mchnclCd>
        <rsstncDoorsCd>0</rsstncDoorsCd>
        <wndRsstncWndwsCd>0</wndRsstncWndwsCd>
        <wndDrvnMsslXpsrCd>0</wndDrvnMsslXpsrCd>
        <floodCarrdMsslXpsrCd>0</floodCarrdMsslXpsrCd>
        <floodPrtctnCd>0</floodPrtctnCd>
        <cntntVlnrbltyWndCd>0</cntntVlnrbltyWndCd>
        <cntntVlnrbltyWtrCd>0</cntntVlnrbltyWtrCd>
        <vrtclIrrglrtyEqCd>0</vrtclIrrglrtyEqCd>
        <cmmrclApprtnntStructrsWsCd>0</cmmrclApprtnntStructrsWsCd>
        <structureId>0</structureId>
        <roofMntncCd>0</roofMntncCd>
      </structureAdditionalInfo>
      <esbCrossReferenceInfo>
        <prcsngStatCd>prcsngStatCd</prcsngStatCd>
        <prcsngStatTs>2001-12-31T12:00:00</prcsngStatTs>
        <retryCnt>0</retryCnt>
        <errMsg>errMsg</errMsg>
        <autoAugmentIn>autoAugmentIn</autoAugmentIn>
        <mdmException>
          <dplctSqn>0</dplctSqn>
          <sovLocId>0</sovLocId>
        </mdmException>
        <pbException>
          <mtchSqn>0</mtchSqn>
          <sovLocId>0</sovLocId>
        </pbException>
        <sovLocId>0</sovLocId>
      </esbCrossReferenceInfo>
      <mdmCrossReferenceInfo>
        <mdmContId>0</mdmContId>
        <mdmContCmpntId>0</mdmContCmpntId>
        <mdmHoldgId>0</mdmHoldgId>
        <mdmAddrId>0</mdmAddrId>
        <mdmException>
          <dplctSqn>0</dplctSqn>
          <sovLocId>0</sovLocId>
        </mdmException>
        <pbException>
          <mtchSqn>0</mtchSqn>
          <sovLocId>0</sovLocId>
        </pbException>
        <sovLocId>0</sovLocId>
      </mdmCrossReferenceInfo>
      <mdmException>
        <langCd>langCd</langCd>
        <ctyNm>ctyNm</ctyNm>
        <postalCd>postalCd</postalCd>
        <stNm>stNm</stNm>
        <addrStatCd>addrStatCd</addrStatCd>
        <dstrctNm>dstrctNm</dstrctNm>
        <cntyNm>cntyNm</cntyNm>
        <lattdInDegrs>lattdInDegrs</lattdInDegrs>
        <lngtdInDegrs>lngtdInDegrs</lngtdInDegrs>
        <coBusUnt>coBusUnt</coBusUnt>
        <cntryNm>cntryNm</cntryNm>
        <geoRsltnLvlId>0</geoRsltnLvlId>
        <mtchky>mtchky</mtchky>
        <addrConfdncPc>0.0</addrConfdncPc>
        <addrLn1>addrLn1</addrLn1>
        <addrLn2>addrLn2</addrLn2>
        <addrLn3>addrLn3</addrLn3>
        <addrXtensn>addrXtensn</addrXtensn>
        <pbLocId>pbLocId</pbLocId>
        <geoStat>geoStat</geoStat>
        <geoStatCd>geoStatCd</geoStatCd>
        <geoStatDesc>geoStatDesc</geoStatDesc>
        <dplctSqn>0</dplctSqn>
        <flrAr>flrAr</flrAr>
        <flrArUom>flrArUom</flrArUom>
        <occupancyScheme>occupancyScheme</occupancyScheme>
        <occupancyTypCd>occupancyTypCd</occupancyTypCd>
        <bltYr>0</bltYr>
        <noOfRsks>0</noOfRsks>
        <noOfStories>0</noOfStories>
        <bldgHght>0</bldgHght>
        <bldgHghtUom>bldgHghtUom</bldgHghtUom>
        <constrnSchemeCd>constrnSchemeCd</constrnSchemeCd>
        <constrnTypCd>constrnTypCd</constrnTypCd>
        <lastUpgraddYr>0</lastUpgraddYr>
        <flrOfInt>flrOfInt</flrOfInt>
        <mdmContId>0</mdmContId>
        <mdmContCmpntId>0</mdmContCmpntId>
        <mdmHoldgId>0</mdmHoldgId>
        <mdmAddrId>0</mdmAddrId>
        <isAddrStndrdizedIn>isAddrStndrdizedIn</isAddrStndrdizedIn>
        <mdmHoldgStartDt>2001-12-31T12:00:00</mdmHoldgStartDt>
        <propTypCd>0</propTypCd>
        <addr>addr</addr>
        <locNm>locNm</locNm>
        <siteNm>siteNm</siteNm>
        <cntryCd>cntryCd</cntryCd>
        <stCd>stCd</stCd>
        <addrStatDesc>addrStatDesc</addrStatDesc>
        <mtchScore>0</mtchScore>
        <locPrecision>locPrecision</locPrecision>
        <sovLocId>0</sovLocId>
      </mdmException>
      <pbCrossReferenceInfo>
        <geoRsltnLvlId>0</geoRsltnLvlId>
        <mtchky>mtchky</mtchky>
        <addrConfdncPc>0.0</addrConfdncPc>
        <addrXtensn>addrXtensn</addrXtensn>
        <addrStatCd>addrStatCd</addrStatCd>
        <isAddrStndrdizedIn>isAddrStndrdizedIn</isAddrStndrdizedIn>
        <addrStatDesc>addrStatDesc</addrStatDesc>
        <canAr>canAr</canAr>
        <canFloodZn>canFloodZn</canFloodZn>
        <canPrvnc>canPrvnc</canPrvnc>
        <canRiver>canRiver</canRiver>
        <pbException>
          <mtchSqn>0</mtchSqn>
          <sovLocId>0</sovLocId>
        </pbException>
        <mdmException>
          <dplctSqn>0</dplctSqn>
          <sovLocId>0</sovLocId>
        </mdmException>
        <sovLocId>0</sovLocId>
      </pbCrossReferenceInfo>
      <pbException>
        <langCd>langCd</langCd>
        <ctyNm>ctyNm</ctyNm>
        <postalCd>postalCd</postalCd>
        <stNm>stNm</stNm>
        <addrStatCd>addrStatCd</addrStatCd>
        <dstrctNm>dstrctNm</dstrctNm>
        <cntyNm>cntyNm</cntyNm>
        <lattdInDegrs>lattdInDegrs</lattdInDegrs>
        <lngtdInDegrs>lngtdInDegrs</lngtdInDegrs>
        <coBusUnt>coBusUnt</coBusUnt>
        <cntryNm>cntryNm</cntryNm>
        <geoRsltnLvlId>0</geoRsltnLvlId>
        <mtchky>mtchky</mtchky>
        <addrConfdncPc>0.0</addrConfdncPc>
        <addrLn1>addrLn1</addrLn1>
        <addrLn2>addrLn2</addrLn2>
        <addrLn3>addrLn3</addrLn3>
        <addrLn4>addrLn4</addrLn4>
        <multiMtchCnt>0</multiMtchCnt>
        <geoStat>geoStat</geoStat>
        <geoStatCd>geoStatCd</geoStatCd>
        <geoStatDesc>geoStatDesc</geoStatDesc>
        <mtchSqn>0</mtchSqn>
        <addrStatDesc>addrStatDesc</addrStatDesc>
        <locPrecision>locPrecision</locPrecision>
        <addrStat>addrStat</addrStat>
        <canAr>canAr</canAr>
        <canFloodZn>canFloodZn</canFloodZn>
        <canPrvnc>canPrvnc</canPrvnc>
        <canRiver>canRiver</canRiver>
        <canStat>canStat</canStat>
        <canStatCd>canStatCd</canStatCd>
        <canStatDesc>canStatDesc</canStatDesc>
        <crCntryFip>crCntryFip</crCntryFip>
        <crCrestaId>crCrestaId</crCrestaId>
        <crFips>crFips</crFips>
        <crGeocd>crGeocd</crGeocd>
        <crIso3Alph>crIso3Alph</crIso3Alph>
        <crIso3No>crIso3No</crIso3No>
        <crPerlTyp>crPerlTyp</crPerlTyp>
        <crStFips>crStFips</crStFips>
        <crSbIso>crSbIso</crSbIso>
        <crZnNo>crZnNo</crZnNo>
        <crDcmntat>crDcmntat</crDcmntat>
        <crNm>crNm</crNm>
        <crStat>crStat</crStat>
        <crStatCd>crStatCd</crStatCd>
        <crStatDesc>crStatDesc</crStatDesc>
        <crszCntryFip>crszCntryFip</crszCntryFip>
        <crszCrestaId>crszCrestaId</crszCrestaId>
        <crszFips>crszFips</crszFips>
        <crszGeocd>crszGeocd</crszGeocd>
        <crszIso3Alph>crszIso3Alph</crszIso3Alph>
        <crszIso3No>crszIso3No</crszIso3No>
        <crszPerlTyp>crszPerlTyp</crszPerlTyp>
        <crszStFips>crszStFips</crszStFips>
        <crszSbIso>crszSbIso</crszSbIso>
        <crszSznNo>crszSznNo</crszSznNo>
        <crszDcmntat>crszDcmntat</crszDcmntat>
        <crszNm>crszNm</crszNm>
        <crszParZoNum>crszParZoNum</crszParZoNum>
        <crszTyp>crszTyp</crszTyp>
        <crszStat>crszStat</crszStat>
        <crszStatCd>crszStatCd</crszStatCd>
        <crszStatDesc>crszStatDesc</crszStatDesc>
        <sovLocId>0</sovLocId>
      </pbException>
    </ges:sovLocation>
  </failureExceptionLocations>
  <pbCrossRefInfo>
    <geoRsltnLvlId>0</geoRsltnLvlId>
    <mtchky>mtchky</mtchky>
    <addrConfdncPc>0.0</addrConfdncPc>
    <addrXtensn>addrXtensn</addrXtensn>
    <addrStatCd>addrStatCd</addrStatCd>
    <isAddrStndrdizedIn>isAddrStndrdizedIn</isAddrStndrdizedIn>
    <addrStatDesc>addrStatDesc</addrStatDesc>
    <canAr>canAr</canAr>
    <canFloodZn>canFloodZn</canFloodZn>
    <canPrvnc>canPrvnc</canPrvnc>
    <canRiver>canRiver</canRiver>
    <pbException>
      <langCd>langCd</langCd>
      <ctyNm>ctyNm</ctyNm>
      <postalCd>postalCd</postalCd>
      <stNm>stNm</stNm>
      <addrStatCd>addrStatCd</addrStatCd>
      <dstrctNm>dstrctNm</dstrctNm>
      <cntyNm>cntyNm</cntyNm>
      <lattdInDegrs>lattdInDegrs</lattdInDegrs>
      <lngtdInDegrs>lngtdInDegrs</lngtdInDegrs>
      <coBusUnt>coBusUnt</coBusUnt>
      <cntryNm>cntryNm</cntryNm>
      <geoRsltnLvlId>0</geoRsltnLvlId>
      <mtchky>mtchky</mtchky>
      <addrConfdncPc>0.0</addrConfdncPc>
      <addrLn1>addrLn1</addrLn1>
      <addrLn2>addrLn2</addrLn2>
      <addrLn3>addrLn3</addrLn3>
      <addrLn4>addrLn4</addrLn4>
      <multiMtchCnt>0</multiMtchCnt>
      <geoStat>geoStat</geoStat>
      <geoStatCd>geoStatCd</geoStatCd>
      <geoStatDesc>geoStatDesc</geoStatDesc>
      <mtchSqn>0</mtchSqn>
      <addrStatDesc>addrStatDesc</addrStatDesc>
      <locPrecision>locPrecision</locPrecision>
      <addrStat>addrStat</addrStat>
      <canAr>canAr</canAr>
      <canFloodZn>canFloodZn</canFloodZn>
      <canPrvnc>canPrvnc</canPrvnc>
      <canRiver>canRiver</canRiver>
      <canStat>canStat</canStat>
      <canStatCd>canStatCd</canStatCd>
      <canStatDesc>canStatDesc</canStatDesc>
      <crCntryFip>crCntryFip</crCntryFip>
      <crCrestaId>crCrestaId</crCrestaId>
      <crFips>crFips</crFips>
      <crGeocd>crGeocd</crGeocd>
      <crIso3Alph>crIso3Alph</crIso3Alph>
      <crIso3No>crIso3No</crIso3No>
      <crPerlTyp>crPerlTyp</crPerlTyp>
      <crStFips>crStFips</crStFips>
      <crSbIso>crSbIso</crSbIso>
      <crZnNo>crZnNo</crZnNo>
      <crDcmntat>crDcmntat</crDcmntat>
      <crNm>crNm</crNm>
      <crStat>crStat</crStat>
      <crStatCd>crStatCd</crStatCd>
      <crStatDesc>crStatDesc</crStatDesc>
      <crszCntryFip>crszCntryFip</crszCntryFip>
      <crszCrestaId>crszCrestaId</crszCrestaId>
      <crszFips>crszFips</crszFips>
      <crszGeocd>crszGeocd</crszGeocd>
      <crszIso3Alph>crszIso3Alph</crszIso3Alph>
      <crszIso3No>crszIso3No</crszIso3No>
      <crszPerlTyp>crszPerlTyp</crszPerlTyp>
      <crszStFips>crszStFips</crszStFips>
      <crszSbIso>crszSbIso</crszSbIso>
      <crszSznNo>crszSznNo</crszSznNo>
      <crszDcmntat>crszDcmntat</crszDcmntat>
      <crszNm>crszNm</crszNm>
      <crszParZoNum>crszParZoNum</crszParZoNum>
      <crszTyp>crszTyp</crszTyp>
      <crszStat>crszStat</crszStat>
      <crszStatCd>crszStatCd</crszStatCd>
      <crszStatDesc>crszStatDesc</crszStatDesc>
      <sovLocId>0</sovLocId>
    </pbException>
    <mdmException>
      <langCd>langCd</langCd>
      <ctyNm>ctyNm</ctyNm>
      <postalCd>postalCd</postalCd>
      <stNm>stNm</stNm>
      <addrStatCd>addrStatCd</addrStatCd>
      <dstrctNm>dstrctNm</dstrctNm>
      <cntyNm>cntyNm</cntyNm>
      <lattdInDegrs>lattdInDegrs</lattdInDegrs>
      <lngtdInDegrs>lngtdInDegrs</lngtdInDegrs>
      <coBusUnt>coBusUnt</coBusUnt>
      <cntryNm>cntryNm</cntryNm>
      <geoRsltnLvlId>0</geoRsltnLvlId>
      <mtchky>mtchky</mtchky>
      <addrConfdncPc>0.0</addrConfdncPc>
      <addrLn1>addrLn1</addrLn1>
      <addrLn2>addrLn2</addrLn2>
      <addrLn3>addrLn3</addrLn3>
      <addrXtensn>addrXtensn</addrXtensn>
      <pbLocId>pbLocId</pbLocId>
      <geoStat>geoStat</geoStat>
      <geoStatCd>geoStatCd</geoStatCd>
      <geoStatDesc>geoStatDesc</geoStatDesc>
      <dplctSqn>0</dplctSqn>
      <flrAr>flrAr</flrAr>
      <flrArUom>flrArUom</flrArUom>
      <occupancyScheme>occupancyScheme</occupancyScheme>
      <occupancyTypCd>occupancyTypCd</occupancyTypCd>
      <bltYr>0</bltYr>
      <noOfRsks>0</noOfRsks>
      <noOfStories>0</noOfStories>
      <bldgHght>0</bldgHght>
      <bldgHghtUom>bldgHghtUom</bldgHghtUom>
      <constrnSchemeCd>constrnSchemeCd</constrnSchemeCd>
      <constrnTypCd>constrnTypCd</constrnTypCd>
      <lastUpgraddYr>0</lastUpgraddYr>
      <flrOfInt>flrOfInt</flrOfInt>
      <mdmContId>0</mdmContId>
      <mdmContCmpntId>0</mdmContCmpntId>
      <mdmHoldgId>0</mdmHoldgId>
      <mdmAddrId>0</mdmAddrId>
      <isAddrStndrdizedIn>isAddrStndrdizedIn</isAddrStndrdizedIn>
      <mdmHoldgStartDt>2001-12-31T12:00:00</mdmHoldgStartDt>
      <propTypCd>0</propTypCd>
      <addr>addr</addr>
      <locNm>locNm</locNm>
      <siteNm>siteNm</siteNm>
      <cntryCd>cntryCd</cntryCd>
      <stCd>stCd</stCd>
      <addrStatDesc>addrStatDesc</addrStatDesc>
      <mtchScore>0</mtchScore>
      <locPrecision>locPrecision</locPrecision>
      <sovLocId>0</sovLocId>
    </mdmException>
    <sovLocId>0</sovLocId>
  </pbCrossRefInfo>
</tns1:LocationServiceSharedContextE>
