<?xml version="1.0" encoding="UTF-8"?>
<p:FailureMessages xmlns:bons0="http://aig.us.com/ges/common/v3" xmlns:ch="http://aig.com/CommonHeaderV12" xmlns:p="http://GES_BP_MonitoringProcess" xmlns:xsi="http://www.w3.org/2001/XMLSchema-instance" xsi:schemaLocation="http://GES_BP_MonitoringProcess FailureMessages.xsd ">
  <ErrorMessages bons0:processingStatus="">
    <bons0:Error>
      <bons0:ErrorCd>bons0:ErrorCd</bons0:ErrorCd>
      <bons0:ErrorMsg>bons0:ErrorMsg</bons0:ErrorMsg>
      <bons0:ErrorTyp>3429384923</bons0:ErrorTyp>
      <bons0:ErrorDesc>bons0:ErrorDesc</bons0:ErrorDesc>
      <bons0:ErrorDetails>bons0:ErrorDetails</bons0:ErrorDetails>
    </bons0:Error>
    <bons0:LocationKeys>
      <bons0:GESLocationPhysicalObjectID>3423423423</bons0:GESLocationPhysicalObjectID>
      <bons0:SourceLocationId>12345</bons0:SourceLocationId>
    </bons0:LocationKeys>
  </ErrorMessages>
    <ErrorMessages bons0:processingStatus="">
    <bons0:Error>
      <bons0:ErrorCd>bons0:ErrorCd</bons0:ErrorCd>
      <bons0:ErrorMsg>bons0:ErrorMsg</bons0:ErrorMsg>
      <bons0:ErrorTyp>AAAA</bons0:ErrorTyp>
      <bons0:ErrorDesc>bons0:ErrorDesc</bons0:ErrorDesc>
      <bons0:ErrorDetails>bons0:ErrorDetails</bons0:ErrorDetails>
    </bons0:Error>
    <bons0:LocationKeys>
      <bons0:GESLocationPhysicalObjectID>12345</bons0:GESLocationPhysicalObjectID>
      <bons0:MDMLocationHoldingID/>
      <bons0:SourceLocationId>12345</bons0:SourceLocationId>
    </bons0:LocationKeys>
  </ErrorMessages>
   <ErrorMessages bons0:processingStatus="">
    <bons0:Error>
      <bons0:ErrorCd>bons0:ErrorCd</bons0:ErrorCd>
      <bons0:ErrorMsg>bons0:ErrorMsg</bons0:ErrorMsg>
      <bons0:ErrorTyp>AAAA</bons0:ErrorTyp>
      <bons0:ErrorDesc/>
      <bons0:ErrorDetails>bons0:ErrorDetails</bons0:ErrorDetails>
    </bons0:Error>
    <bons0:LocationKeys>
      <bons0:GESLocationPhysicalObjectID>12345</bons0:GESLocationPhysicalObjectID>
      <bons0:MDMLocationHoldingID>67890</bons0:MDMLocationHoldingID>
      <bons0:SourceLocationId>12345</bons0:SourceLocationId>
    </bons0:LocationKeys>
  </ErrorMessages>
  <ErrorMessages bons0:processingStatus="">
    <bons0:Error>
      <bons0:ErrorCd>bons0:ErrorCd</bons0:ErrorCd>
      <bons0:ErrorMsg>bons0:ErrorMsg</bons0:ErrorMsg>
      <bons0:ErrorDetails>bons0:ErrorDetails</bons0:ErrorDetails>
    </bons0:Error>
    <bons0:LocationKeys>
      <bons0:GESLocationPhysicalObjectID>12345</bons0:GESLocationPhysicalObjectID>
      <bons0:MDMLocationHoldingID>67890</bons0:MDMLocationHoldingID>
      <bons0:SourceLocationId>12345</bons0:SourceLocationId>
    </bons0:LocationKeys>
  </ErrorMessages>
  <ErrorMessages bons0:processingStatus="">
    <bons0:Error>
      <bons0:ErrorCd>bons0:ErrorCd</bons0:ErrorCd>
      <bons0:ErrorMsg>bons0:ErrorMsg</bons0:ErrorMsg>
      <bons0:ErrorTyp>AAAA</bons0:ErrorTyp>
      <bons0:ErrorDesc>bons0:ErrorDesc</bons0:ErrorDesc>
      <bons0:ErrorDetails>bons0:ErrorDetails</bons0:ErrorDetails>
    </bons0:Error>
    <bons0:LocationKeys>
      <bons0:GESLocationPhysicalObjectID>12345</bons0:GESLocationPhysicalObjectID>
      <bons0:MDMLocationHoldingID>67890</bons0:MDMLocationHoldingID>
      <bons0:SourceLocationId>12345</bons0:SourceLocationId>
    </bons0:LocationKeys>
  </ErrorMessages>
  <ErrorMessages bons0:processingStatus="">
    <bons0:Error>
      <bons0:ErrorCd>bons0:ErrorCd</bons0:ErrorCd>
      <bons0:ErrorMsg>bons0:ErrorMsg</bons0:ErrorMsg>
      <bons0:ErrorTyp>AAAA</bons0:ErrorTyp>
      <bons0:ErrorDetails>bons0:ErrorDetails</bons0:ErrorDetails>
    </bons0:Error>
    <bons0:LocationKeys>
      <bons0:GESLocationPhysicalObjectID>12345</bons0:GESLocationPhysicalObjectID>
      <bons0:MDMLocationHoldingID>67890</bons0:MDMLocationHoldingID>
      <bons0:SourceLocationId>12345</bons0:SourceLocationId>
    </bons0:LocationKeys>
  </ErrorMessages>
</p:FailureMessages>
