<?xml version="1.0" encoding="UTF-8"?>
<tns:smo xmlns:bons0="http://aig.us.com/ges/common/v3" xmlns:ch="http://aig.com/CommonHeaderV12" xmlns:httpsca="http://www.ibm.com/xmlns/prod/websphere/http/sca/6.1.0" xmlns:lexns="http://aig.us.com/ges/ext/LocationExposureNotificationServiceV2" xmlns:mq="http://www.ibm.com/xmlns/prod/websphere/mq/sca/6.0.0" xmlns:p="http://COM_GES_MF_LocationExposureService/bo" xmlns:tns="http://www.ibm.com/websphere/sibx/smo/v6.0.1" xmlns:tns1="http://aig.us.com/ges/services/LocationExposureNotificationServiceV2" xmlns:tns2="http://www.w3.org/2005/08/addressing" xmlns:tns3="http://www.w3.org/2003/05/soap-envelope" xmlns:tns_1="wsdl.http://aig.us.com/ges/services/LocationExposureNotificationServiceV2" xmlns:wsa="http://schemas.xmlsoap.org/ws/2004/08/addressing" xmlns:xsi="http://www.w3.org/2001/XMLSchema-instance" xsi:schemaLocation="http://www.ibm.com/websphere/sibx/smo/v6.0.1 foo.xsd ">
  <context>
    <correlation xsi:type="anyType"/>
    <transient>
      <modErrorCode>modErrorCode</modErrorCode>
      <ch:RequestHeader>
        <ch:ServiceRequestContext>
          <ServiceInvocationOriginator>ServiceInvocationOriginator</ServiceInvocationOriginator>
          <ServiceInvoker>ServiceInvoker</ServiceInvoker>
          <ServiceProvider>ServiceProvider</ServiceProvider>
          <ClientId>ClientId</ClientId>
          <UserID>UserID</UserID>
          <RequestMessageId>RequestMessageId</RequestMessageId>
          <RequestTimestamp>2001-12-31T12:00:00</RequestTimestamp>
          <InteractionProtocol>SynchronousRequestAndResponse</InteractionProtocol>
          <CallbackURI>CallbackURI</CallbackURI>
          <ServiceInvocationChainEnabled>true</ServiceInvocationChainEnabled>
        </ch:ServiceRequestContext>
      </ch:RequestHeader>
      <RequestDateTime>2001-12-31T12:00:00</RequestDateTime>
    </transient>
    <failInfo tns:lang="">
      <failureString>failureString</failureString>
      <origin>origin</origin>
      <invocationPath>
        <primitive inTerminal="" name="" outTerminal=""/>
      </invocationPath>
      <predecessor tns:lang=""/>
    </failInfo>
    <primitiveContext>
      <EndpointLookupContext>
        <endpointReference>
          <wsa:Address>http://tempuri.org</wsa:Address>
          <wsa:ReferenceProperties/>
          <wsa:ReferenceParameters/>
          <wsa:PortType>QName</wsa:PortType>
          <wsa:ServiceName PortName="NCName">QName</wsa:ServiceName>
        </endpointReference>
        <registryAnnotations>
          <property>
            <name>name</name>
            <value>value</value>
          </property>
          <classification>http://tempuri.org</classification>
          <relationship>
            <relationshipName>relationshipName</relationshipName>
            <targetName>targetName</targetName>
            <targetNamespace>http://tempuri.org</targetNamespace>
            <targetVersion>targetVersion</targetVersion>
          </relationship>
        </registryAnnotations>
      </EndpointLookupContext>
      <FanOutContext>
        <iteration>0</iteration>
        <occurrence xsi:type="anyType"/>
      </FanOutContext>
      <WTXContext>
        <mapServerLocation>http://tempuri.org</mapServerLocation>
        <dynamicMap>0F00</dynamicMap>
        <mapInstances>
          <mapInstance>0</mapInstance>
          <auditInfo>auditInfo</auditInfo>
        </mapInstances>
      </WTXContext>
    </primitiveContext>
    <shared xsi:type="anyType"/>
    <dynamicProperty isPropagated="true">
      <propertySets>
        <group>group</group>
        <properties>
          <name>name</name>
          <value>value</value>
          <type>type</type>
        </properties>
      </propertySets>
    </dynamicProperty>
    <userContext>
      <entries>
        <name>name</name>
        <value xsi:type="anyType"/>
        <type>type</type>
      </entries>
    </userContext>
  </context>
  <headers>
    <SMOHeader>
      <MessageUUID>MessageUUID</MessageUUID>
      <Version>
        <Version>0</Version>
        <Release>0</Release>
        <Modification>0</Modification>
      </Version>
      <MessageType>MessageType</MessageType>
      <Operation>Operation</Operation>
      <Action>Action</Action>
      <Target bindingType="NotSet" import="" repositoryMetadata="">
        <address>http://tempuri.org</address>
      </Target>
      <AlternateTarget bindingType="NotSet" import="" repositoryMetadata="">
        <address>http://tempuri.org</address>
      </AlternateTarget>
      <SourceNode>SourceNode</SourceNode>
      <SourceBindingType>NotSet</SourceBindingType>
      <Interface>Interface</Interface>
    </SMOHeader>
    <JMSHeader>
      <JMSDestination>http://tempuri.org</JMSDestination>
      <JMSDeliveryMode>NonPersistent</JMSDeliveryMode>
      <JMSMessageID>JMSMessageID</JMSMessageID>
      <JMSTimestamp>0</JMSTimestamp>
      <JMSCorrelationID>JMSCorrelationID</JMSCorrelationID>
      <JMSReplyTo>http://tempuri.org</JMSReplyTo>
      <JMSRedelivered>true</JMSRedelivered>
      <JMSType>JMSType</JMSType>
      <JMSExpiration>0</JMSExpiration>
      <JMSPriority>0</JMSPriority>
    </JMSHeader>
    <SOAPHeader>
      <nameSpace>http://tempuri.org</nameSpace>
      <name>NCName</name>
      <prefix>NCName</prefix>
      <value xsi:type="anyType"/>
    </SOAPHeader>
    <SOAPFaultInfo>
      <faultcode>QName</faultcode>
      <faultstring>faultstring</faultstring>
      <faultactor>http://tempuri.org</faultactor>
      <extendedFaultInfo>
        <Code>
          <tns3:Value>{http://www.w3.org/2003/05/soap-envelope}DataEncodingUnknown</tns3:Value>
          <tns3:Subcode>
            <tns3:Value>QName</tns3:Value>
            <tns3:Subcode/>
          </tns3:Subcode>
        </Code>
        <Reason>
          <tns3:Text tns3:lang="">tns3:Text</tns3:Text>
        </Reason>
        <Node>http://tempuri.org</Node>
        <Role>http://tempuri.org</Role>
      </extendedFaultInfo>
    </SOAPFaultInfo>
    <properties>
      <name>name</name>
      <value>value</value>
      <type>type</type>
    </properties>
    <MQHeader>
      <md>
        <Report>0</Report>
        <MsgType>0</MsgType>
        <Expiry>0</Expiry>
        <Feedback>0</Feedback>
        <Priority>0</Priority>
        <Persistence>0</Persistence>
        <MsgId>0F00</MsgId>
        <CorrelId>0F00</CorrelId>
        <BackoutCount>0</BackoutCount>
        <ReplyToQ>ReplyToQ</ReplyToQ>
        <ReplyToQMgr>ReplyToQMgr</ReplyToQMgr>
        <UserIdentifier>UserIdentifier</UserIdentifier>
        <AccountingToken>0F00</AccountingToken>
        <ApplIdentityData>ApplIdentityData</ApplIdentityData>
        <PutApplType>0</PutApplType>
        <PutApplName>PutApplName</PutApplName>
        <PutDate>PutDate</PutDate>
        <PutTime>PutTime</PutTime>
        <ApplOriginData>ApplOriginData</ApplOriginData>
        <GroupId>0F00</GroupId>
        <MsgSeqNumber>0</MsgSeqNumber>
        <Offset>0</Offset>
        <MsgFlags>0</MsgFlags>
        <OriginalLength>0</OriginalLength>
      </md>
      <control xsi:type="mq:MQControl">
        <Encoding>0</Encoding>
        <CodedCharSetId>0</CodedCharSetId>
        <Format>Format</Format>
      </control>
      <header>
        <Encoding>0</Encoding>
        <CodedCharSetId>0</CodedCharSetId>
        <Format>Format</Format>
        <value xsi:type="anyType"/>
      </header>
    </MQHeader>
    <HTTPHeader>
      <control>
        <httpsca:URL>http://tempuri.org</httpsca:URL>
        <httpsca:Version>1.0</httpsca:Version>
        <httpsca:Method>httpsca:Method</httpsca:Method>
        <httpsca:DynamicOverrideURL>http://tempuri.org</httpsca:DynamicOverrideURL>
        <httpsca:DynamicOverrideVersion>1.0</httpsca:DynamicOverrideVersion>
        <httpsca:DynamicOverrideMethod>httpsca:DynamicOverrideMethod</httpsca:DynamicOverrideMethod>
        <httpsca:MediaType>httpsca:MediaType</httpsca:MediaType>
        <httpsca:Charset>httpsca:Charset</httpsca:Charset>
        <httpsca:TransferEncoding>httpsca:TransferEncoding</httpsca:TransferEncoding>
        <httpsca:ContentEncoding>httpsca:ContentEncoding</httpsca:ContentEncoding>
        <httpsca:StatusCode>0</httpsca:StatusCode>
        <httpsca:ReasonPhrase>httpsca:ReasonPhrase</httpsca:ReasonPhrase>
        <httpsca:ContentLength>0</httpsca:ContentLength>
        <httpsca:ExportContextPath>httpsca:ExportContextPath</httpsca:ExportContextPath>
        <httpsca:Authentication>
          <httpsca:credentials>
            <httpsca:userId>httpsca:userId</httpsca:userId>
            <httpsca:password>httpsca:password</httpsca:password>
          </httpsca:credentials>
          <httpsca:authenticationType>Basic</httpsca:authenticationType>
        </httpsca:Authentication>
        <httpsca:SSLSettings>
          <httpsca:SSLVersion>SSL</httpsca:SSLVersion>
          <httpsca:SSLDebug>false</httpsca:SSLDebug>
          <httpsca:KeyStoreType>JKS</httpsca:KeyStoreType>
          <httpsca:TrustStoreType>JKS</httpsca:TrustStoreType>
          <httpsca:KeyStore>httpsca:KeyStore</httpsca:KeyStore>
          <httpsca:KeyStoreAlias>httpsca:KeyStoreAlias</httpsca:KeyStoreAlias>
          <httpsca:KeyStorePassword>httpsca:KeyStorePassword</httpsca:KeyStorePassword>
          <httpsca:TrustStore>httpsca:TrustStore</httpsca:TrustStore>
          <httpsca:TrustStorePassword>httpsca:TrustStorePassword</httpsca:TrustStorePassword>
          <httpsca:UseClientAuth>false</httpsca:UseClientAuth>
        </httpsca:SSLSettings>
        <httpsca:ProxySettings>
          <httpsca:proxyHost>httpsca:proxyHost</httpsca:proxyHost>
          <httpsca:proxyPort>0</httpsca:proxyPort>
          <httpsca:proxyType>http</httpsca:proxyType>
          <httpsca:proxyCredentials>
            <httpsca:userId>httpsca:userId</httpsca:userId>
            <httpsca:password>httpsca:password</httpsca:password>
          </httpsca:proxyCredentials>
          <httpsca:nonProxyHost>httpsca:nonProxyHost</httpsca:nonProxyHost>
        </httpsca:ProxySettings>
      </control>
      <header>
        <httpsca:name>httpsca:name</httpsca:name>
        <httpsca:value>httpsca:value</httpsca:value>
      </header>
    </HTTPHeader>
    <EISHeader>
      <EISInteractionSpec xsi:type="anyType"/>
      <EISConnectionSpec xsi:type="anyType"/>
    </EISHeader>
    <WSAHeader version="http://www.w3.org/2005/08/addressing">
      <tns2:To>http://tempuri.org</tns2:To>
      <ReferenceParameters/>
      <tns2:From>
        <tns2:Address>http://tempuri.org</tns2:Address>
        <tns2:ReferenceParameters/>
        <tns2:Metadata/>
      </tns2:From>
      <tns2:ReplyTo>
        <tns2:Address>http://tempuri.org</tns2:Address>
        <tns2:ReferenceParameters/>
        <tns2:Metadata/>
      </tns2:ReplyTo>
      <tns2:FaultTo>
        <tns2:Address>http://tempuri.org</tns2:Address>
        <tns2:ReferenceParameters/>
        <tns2:Metadata/>
      </tns2:FaultTo>
      <tns2:Action>http://tempuri.org</tns2:Action>
      <tns2:MessageID>http://tempuri.org</tns2:MessageID>
      <tns2:RelatesTo RelationshipType="http://www.w3.org/2005/08/addressing/reply">http://tempuri.org</tns2:RelatesTo>
    </WSAHeader>
  </headers>
  <body>
    <tns1:notifyPolicyOption>
      <lexns:NotifyPolicyOptionRq>
        <bons0:SourceSystemCd>
          <bons0:SourceSystemCode>GPW</bons0:SourceSystemCode>
          <bons0:SourceSystemkey>bons0:SourceSystemkey</bons0:SourceSystemkey>
        </bons0:SourceSystemCd>
        <bons0:PolicyOptionId>bons0:PolicyOptionId</bons0:PolicyOptionId>
        <bons0:PolicyId>bons0:PolicyId</bons0:PolicyId>
        <bons0:TxType>
          <bons0:Code>bons0:Code</bons0:Code>
          <bons0:Value>bons0:Value</bons0:Value>
        </bons0:TxType>
        <bons0:GESAccountId>bons0:GESAccountId</bons0:GESAccountId>
        <bons0:AccountNm>bons0:AccountNm</bons0:AccountNm>
        <bons0:MajorLine>
          <bons0:Code>bons0:Code</bons0:Code>
          <bons0:Value>bons0:Value</bons0:Value>
        </bons0:MajorLine>
        <bons0:DivisionCd>
          <bons0:CodeType>
            <bons0:Code>bons0:Code</bons0:Code>
            <bons0:Value>bons0:Value</bons0:Value>
          </bons0:CodeType>
        </bons0:DivisionCd>
        <bons0:DNBNo>bons0:DNBNo</bons0:DNBNo>
        <bons0:CreditedBranchOffice>
          <bons0:Code>bons0:Code</bons0:Code>
          <bons0:Value>bons0:Value</bons0:Value>
        </bons0:CreditedBranchOffice>
        <bons0:ProductCd>
          <bons0:Code>bons0:Code</bons0:Code>
          <bons0:Value>bons0:Value</bons0:Value>
        </bons0:ProductCd>
        <bons0:UWEmpId>bons0:UWEmpId</bons0:UWEmpId>
        <bons0:UWId>bons0:UWId</bons0:UWId>
        <bons0:UWNm>bons0:UWNm</bons0:UWNm>
      </lexns:NotifyPolicyOptionRq>
    </tns1:notifyPolicyOption>
  </body>
  <attachments>
    <contentID>http://tempuri.org</contentID>
    <contentType>token</contentType>
    <data>MA==</data>
  </attachments>
</tns:smo>
