<?xml version="1.0" encoding="UTF-8"?>
<policy:CreatePolicyOptionRq xmlns:aig="http://aig.com/CommonHeaderV12" xmlns:common="http://aig.us.com/ges/common/v3" xmlns:policy="http://aig.us.com/ges/ext/PolicyServiceV1" xmlns:ws-i="http://ws-i.org/profiles/basic/1.1/xsd" xmlns:xsi="http://www.w3.org/2001/XMLSchema-instance" xsi:schemaLocation="http://aig.us.com/ges/ext/PolicyServiceV1 PolicyServiceV1.xsd ">
  <common:SourceSystemCd>
    <common:SourceSystemCode>GPW</common:SourceSystemCode>
    <common:SourceSystemkey>common:SourceSystemkey</common:SourceSystemkey>
    <common:RqId>common:RqId</common:RqId>
  </common:SourceSystemCd>
  <common:PolicyOptionDetail>
    <common:PolicyOptionId>common:PolicyOptionId</common:PolicyOptionId>
    <common:ProcessingStartDt>2001-01-01</common:ProcessingStartDt>
    <common:ProcessingTargetDt>2001-01-01</common:ProcessingTargetDt>
    <common:Complexity>common:Complexity</common:Complexity>
    <common:PolicyOptionDesc>common:PolicyOptionDesc</common:PolicyOptionDesc>
    <common:CurrencyCode>USD</common:CurrencyCode>
    <common:NoOfLocations>0</common:NoOfLocations>
    <common:UnderWriter>
      <common:UWNm>common:UWNm</common:UWNm>
      <common:UWId>common:UWId</common:UWId>
      <common:UWEmpId>common:UWEmpId</common:UWEmpId>
      <common:UWCountry>
        <common:Code>common:Code</common:Code>
        <common:Value>common:Value</common:Value>
      </common:UWCountry>
      <common:UWRegion>
        <common:Code>common:Code</common:Code>
        <common:Value>common:Value</common:Value>
      </common:UWRegion>
      <common:UWBranch>
        <common:Code>common:Code</common:Code>
        <common:Value>common:Value</common:Value>
      </common:UWBranch>
      <common:UWMaxLayerPercent>0.0</common:UWMaxLayerPercent>
      <common:UWCapacity>
        <common:CurrencyDesc>common:CurrencyDesc</common:CurrencyDesc>
        <common:CurrencyCode>USD</common:CurrencyCode>
        <common:CurrencyValue>0.0</common:CurrencyValue>
      </common:UWCapacity>
      <common:UWRegionCode>common:UWRegionCode</common:UWRegionCode>
      <common:UWCountryCodeIso3>
        <common:Code>common:Code</common:Code>
        <common:Value>common:Value</common:Value>
      </common:UWCountryCodeIso3>
      <common:UWBranchCode>common:UWBranchCode</common:UWBranchCode>
    </common:UnderWriter>
    <common:LinkedSOVS>
      <common:LinkedSOV>
        <common:SovPackNm>common:SovPackNm</common:SovPackNm>
        <common:SovVersion>common:SovVersion</common:SovVersion>
        <common:SovDesc>common:SovDesc</common:SovDesc>
        <common:AttachedBy>common:AttachedBy</common:AttachedBy>
      </common:LinkedSOV>
    </common:LinkedSOVS>
    <common:SubLimits>
      <common:PerilSubLimitInfo>
        <common:PerilNm>common:PerilNm</common:PerilNm>
        <common:PerilCode>common:PerilCode</common:PerilCode>
        <common:Excluded>true</common:Excluded>
        <common:CurrencyCode>USD</common:CurrencyCode>
        <common:LimitType>common:LimitType</common:LimitType>
        <common:SubLimit>0.0</common:SubLimit>
        <common:DeductibleTyp>common:DeductibleTyp</common:DeductibleTyp>
        <common:Deductible>0.0</common:Deductible>
        <common:MinimumDeductible>0.0</common:MinimumDeductible>
        <common:MaximumDeductible>0.0</common:MaximumDeductible>
        <common:TIV>0.0</common:TIV>
        <common:NoOfLocations>0</common:NoOfLocations>
        <common:PerilZoneSubLimits>
          <common:PerilZoneSubLimit>
            <common:ZoneNm>common:ZoneNm</common:ZoneNm>
            <common:ZoneCd>
              <common:Code>common:Code</common:Code>
              <common:Value>common:Value</common:Value>
            </common:ZoneCd>
            <common:Excluded>true</common:Excluded>
            <common:CurrencyCode>USD</common:CurrencyCode>
            <common:LimitType>common:LimitType</common:LimitType>
            <common:SubLimit>0.0</common:SubLimit>
            <common:DeductibleTyp>common:DeductibleTyp</common:DeductibleTyp>
            <common:Deductible>0.0</common:Deductible>
            <common:MinimumDeductible>0.0</common:MinimumDeductible>
            <common:MaximumDeductible>0.0</common:MaximumDeductible>
            <common:TIV>0.0</common:TIV>
            <common:NoOfLocations>0</common:NoOfLocations>
          </common:PerilZoneSubLimit>
        </common:PerilZoneSubLimits>
      </common:PerilSubLimitInfo>
    </common:SubLimits>
    <common:SiteTerms>
      <common:PerilSiteTermInfo>
        <common:PerilNm>common:PerilNm</common:PerilNm>
        <common:PerilCode>common:PerilCode</common:PerilCode>
        <common:CurrencyCode>USD</common:CurrencyCode>
        <common:LimitType>common:LimitType</common:LimitType>
        <common:SiteLimit>0.0</common:SiteLimit>
        <common:DeductibleTyp>common:DeductibleTyp</common:DeductibleTyp>
        <common:SiteDeductible>0.0</common:SiteDeductible>
        <common:SiteCoinsurance>0.0</common:SiteCoinsurance>
        <common:TIV>0.0</common:TIV>
        <common:NoOfLocations>0</common:NoOfLocations>
        <common:PerilCoverages>
          <common:PerilCoverage>
            <common:CoverageNm>common:CoverageNm</common:CoverageNm>
            <common:PerilCode>common:PerilCode</common:PerilCode>
            <common:CurrencyCode>USD</common:CurrencyCode>
            <common:LimitDeductibles>
              <common:LimitDeductible>
                <common:LimitDeductibleNm>common:LimitDeductibleNm</common:LimitDeductibleNm>
                <common:CovCategories>
                  <common:CovCategory>
                    <common:CategoryNm>common:CategoryNm</common:CategoryNm>
                    <common:CategoryValue>common:CategoryValue</common:CategoryValue>
                  </common:CovCategory>
                </common:CovCategories>
              </common:LimitDeductible>
            </common:LimitDeductibles>
          </common:PerilCoverage>
        </common:PerilCoverages>
        <common:PerilZoneSiteTerms>
          <common:PerilZoneSiteTerm>
            <common:ZoneNm>common:ZoneNm</common:ZoneNm>
            <common:ZoneCd>
              <common:Code>common:Code</common:Code>
              <common:Value>common:Value</common:Value>
            </common:ZoneCd>
            <common:Excluded>true</common:Excluded>
            <common:CurrencyCode>USD</common:CurrencyCode>
            <common:LimitType>common:LimitType</common:LimitType>
            <common:SiteLimit>0.0</common:SiteLimit>
            <common:DeductibleTyp>common:DeductibleTyp</common:DeductibleTyp>
            <common:SiteDeductible>0.0</common:SiteDeductible>
            <common:SiteCoinsurance>0.0</common:SiteCoinsurance>
            <common:TIV>0.0</common:TIV>
            <common:NoOfLocations>0</common:NoOfLocations>
            <common:PerilCoverages>
              <common:PerilCoverage>
                <common:CoverageNm>common:CoverageNm</common:CoverageNm>
                <common:PerilCode>common:PerilCode</common:PerilCode>
                <common:CurrencyCode>USD</common:CurrencyCode>
                <common:LimitDeductibles>
                  <common:LimitDeductible>
                    <common:LimitDeductibleNm>common:LimitDeductibleNm</common:LimitDeductibleNm>
                    <common:CovCategories>
                      <common:CovCategory>
                        <common:CategoryNm>common:CategoryNm</common:CategoryNm>
                        <common:CategoryValue>common:CategoryValue</common:CategoryValue>
                      </common:CovCategory>
                    </common:CovCategories>
                  </common:LimitDeductible>
                </common:LimitDeductibles>
              </common:PerilCoverage>
            </common:PerilCoverages>
          </common:PerilZoneSiteTerm>
        </common:PerilZoneSiteTerms>
      </common:PerilSiteTermInfo>
    </common:SiteTerms>
    <common:PolicyStructure>
      <common:EffectiveDt>2001-01-01</common:EffectiveDt>
      <common:ExpirationDt>2001-01-01</common:ExpirationDt>
      <common:CurrencyCode>USD</common:CurrencyCode>
      <common:DeductibleTyp>common:DeductibleTyp</common:DeductibleTyp>
      <common:Deductible>0.0</common:Deductible>
      <common:MinimumDeductible>0.0</common:MinimumDeductible>
      <common:MaximumDeductible>0.0</common:MaximumDeductible>
      <common:PolicyLevel>
        <common:CurrencyCode>USD</common:CurrencyCode>
        <common:PolicyLevelLayers>
          <common:PolicyLevelLayer>
            <common:Id>common:Id</common:Id>
            <common:LayerNm>common:LayerNm</common:LayerNm>
            <common:CurrencyCode>USD</common:CurrencyCode>
            <common:LimitType>common:LimitType</common:LimitType>
            <common:AIGParticipation>0.0</common:AIGParticipation>
            <common:Limit>0.0</common:Limit>
            <common:PartOf>0.0</common:PartOf>
            <common:AttachmentPoint>0.0</common:AttachmentPoint>
          </common:PolicyLevelLayer>
        </common:PolicyLevelLayers>
      </common:PolicyLevel>
      <common:PerilLevel>
        <common:PerilLevelLayers>
          <common:PerilLevelLayer>
            <common:Id>common:Id</common:Id>
            <common:LayerNm>common:LayerNm</common:LayerNm>
            <common:CurrencyCode>USD</common:CurrencyCode>
            <common:LimitType>common:LimitType</common:LimitType>
            <common:AIGParticipation>0.0</common:AIGParticipation>
            <common:Limit>0.0</common:Limit>
            <common:PartOf>0.0</common:PartOf>
            <common:AttachmentPoint>0.0</common:AttachmentPoint>
            <common:PerilCode>common:PerilCode</common:PerilCode>
          </common:PerilLevelLayer>
        </common:PerilLevelLayers>
      </common:PerilLevel>
    </common:PolicyStructure>
    <common:PolicyCoverages>
      <common:PolicyCoverage xsi:type="common:PolicyCoverageType">
        <common:CoverageNm>common:CoverageNm</common:CoverageNm>
        <common:PerilCode>common:PerilCode</common:PerilCode>
        <common:CurrencyCode>USD</common:CurrencyCode>
        <common:LimitDeductibles>
          <common:LimitDeductible>
            <common:LimitDeductibleNm>common:LimitDeductibleNm</common:LimitDeductibleNm>
            <common:CovCategories>
              <common:CovCategory>
                <common:CategoryNm>common:CategoryNm</common:CategoryNm>
                <common:CategoryValue>common:CategoryValue</common:CategoryValue>
              </common:CovCategory>
            </common:CovCategories>
          </common:LimitDeductible>
        </common:LimitDeductibles>
      </common:PolicyCoverage>
      <common:CTETerms>
        <common:CTETerm common:CTETermType="">
          <common:ExpenseIncluded>Yes</common:ExpenseIncluded>
          <common:CurrencyCode>USD</common:CurrencyCode>
          <common:OccuranceLimit>
            <common:CurrencyDesc>common:CurrencyDesc</common:CurrencyDesc>
            <common:CurrencyCode>USD</common:CurrencyCode>
            <common:CurrencyValue>0.0</common:CurrencyValue>
          </common:OccuranceLimit>
          <common:Deductible>0.0</common:Deductible>
        </common:CTETerm>
      </common:CTETerms>
    </common:PolicyCoverages>
    <common:PolicyReinsurance>
      <common:PolicyLevelReinsuranceLayers>
        <common:PolicyLevelResinsuranceLayer>
          <common:Id>common:Id</common:Id>
          <common:LayerNm>common:LayerNm</common:LayerNm>
          <common:CurrencyCode>USD</common:CurrencyCode>
          <common:Priority>common:Priority</common:Priority>
          <common:ReinsuranceType>common:ReinsuranceType</common:ReinsuranceType>
          <common:FACProvider>common:FACProvider</common:FACProvider>
          <common:FACCertificateNo>common:FACCertificateNo</common:FACCertificateNo>
          <common:TreatyNm>common:TreatyNm</common:TreatyNm>
          <common:LayerAmount>0.0</common:LayerAmount>
          <common:AttachmentPoint>0.0</common:AttachmentPoint>
          <common:CessionPercentage>0.0</common:CessionPercentage>
          <common:CedingCommision>0.0</common:CedingCommision>
        </common:PolicyLevelResinsuranceLayer>
      </common:PolicyLevelReinsuranceLayers>
      <common:PerilLevelReinsuranceLayers>
        <common:PerilLevelResinsuranceLayer>
          <common:Id>common:Id</common:Id>
          <common:LayerNm>common:LayerNm</common:LayerNm>
          <common:CurrencyCode>USD</common:CurrencyCode>
          <common:Priority>common:Priority</common:Priority>
          <common:ReinsuranceType>common:ReinsuranceType</common:ReinsuranceType>
          <common:FACProvider>common:FACProvider</common:FACProvider>
          <common:FACCertificateNo>common:FACCertificateNo</common:FACCertificateNo>
          <common:TreatyNm>common:TreatyNm</common:TreatyNm>
          <common:LayerAmount>0.0</common:LayerAmount>
          <common:AttachmentPoint>0.0</common:AttachmentPoint>
          <common:CessionPercentage>0.0</common:CessionPercentage>
          <common:CedingCommision>0.0</common:CedingCommision>
          <common:PerilNm>common:PerilNm</common:PerilNm>
          <common:PerilCode>common:PerilCode</common:PerilCode>
        </common:PerilLevelResinsuranceLayer>
      </common:PerilLevelReinsuranceLayers>
    </common:PolicyReinsurance>
  </common:PolicyOptionDetail>
  <common:ProcessingInstructions>http://tempuri.org</common:ProcessingInstructions>
</policy:CreatePolicyOptionRq>
