<?xml version="1.0" encoding="UTF-8"?>
<tns:smo xmlns:bons0="http://aig.us.com/ges/common/v3" xmlns:bons01="http://aig.us.com/ges/schema/da/DataAccessV1_0" xmlns:bons02="http://www.ibm.com/xmlns/prod/websphere/j2ca/jdbc/resultsetBO" xmlns:ch="http://aig.com/CommonHeaderV12" xmlns:ges="http://aig.us.com/ges" xmlns:httpsca="http://www.ibm.com/xmlns/prod/websphere/http/sca/6.1.0" xmlns:lexp="http://aig.us.com/ges/ext/LocationExposureServiceV3" xmlns:mq="http://www.ibm.com/xmlns/prod/websphere/mq/sca/6.0.0" xmlns:p="http://GES_BP_LocationExposureService/bo" xmlns:p1="http://COM_GES_MF_LocationExposureService/bo" xmlns:p2="http://GES_Lib_DataAccess/it/DataAccess" xmlns:tns="http://www.ibm.com/websphere/sibx/smo/v6.0.1" xmlns:tns1="http://www.w3.org/2005/08/addressing" xmlns:tns2="http://www.w3.org/2003/05/soap-envelope" xmlns:tns_1="wsdl.http://GES_Lib_DataAccess/it/DataAccess" xmlns:wsa="http://schemas.xmlsoap.org/ws/2004/08/addressing" xmlns:xsi="http://www.w3.org/2001/XMLSchema-instance" xsi:schemaLocation="http://www.ibm.com/websphere/sibx/smo/v6.0.1 foo.xsd ">
  <context>
    <correlation>
      <GetLocationDetailsRq>
        <bons0:PageIndex>0</bons0:PageIndex>
        <bons0:TotalResultsAvailable>0</bons0:TotalResultsAvailable>
        <bons0:BulkMode>false</bons0:BulkMode>
        <bons0:SourceSystemCd>
          <bons0:SourceSystemCode>GPW</bons0:SourceSystemCode>
          <bons0:SourceSystemkey>bons0:SourceSystemkey</bons0:SourceSystemkey>
        </bons0:SourceSystemCd>
        <bons0:LocationKeys>
          <bons0:GESLocationPhysicalObjectID>bons0:GESLocationPhysicalObjectID</bons0:GESLocationPhysicalObjectID>
          <bons0:MDMLocationHoldingID>bons0:MDMLocationHoldingID</bons0:MDMLocationHoldingID>
          <bons0:SourceLocationId>bons0:SourceLocationId</bons0:SourceLocationId>
        </bons0:LocationKeys>
        <bons0:SearchParams>
          <bons0:TextSearch bons0:Name="token">
            <bons0:Value>bons0:Value</bons0:Value>
            <bons0:TextOperator>Equals</bons0:TextOperator>
          </bons0:TextSearch>
        </bons0:SearchParams>
      </GetLocationDetailsRq>
      <GetLocationDetailsRs>
        <bons0:SourceSystemCd>
          <bons0:SourceSystemCode>GPW</bons0:SourceSystemCode>
          <bons0:SourceSystemkey>bons0:SourceSystemkey</bons0:SourceSystemkey>
        </bons0:SourceSystemCd>
        <bons0:Location>
          <bons0:LocationId>bons0:LocationId</bons0:LocationId>
          <bons0:GroupedLocationId>bons0:GroupedLocationId</bons0:GroupedLocationId>
          <bons0:LocationName>bons0:LocationName</bons0:LocationName>
          <bons0:LocationEnterpriseKeys>
            <bons0:GESLocationPhysicalObjectID>bons0:GESLocationPhysicalObjectID</bons0:GESLocationPhysicalObjectID>
            <bons0:MDMLocationHoldingID>bons0:MDMLocationHoldingID</bons0:MDMLocationHoldingID>
            <bons0:SourceLocationId>bons0:SourceLocationId</bons0:SourceLocationId>
          </bons0:LocationEnterpriseKeys>
          <bons0:AddressDetails>
            <bons0:LineOne>bons0:LineOne</bons0:LineOne>
            <bons0:LineTwo>bons0:LineTwo</bons0:LineTwo>
            <bons0:LineThree>bons0:LineThree</bons0:LineThree>
            <bons0:LineFour>bons0:LineFour</bons0:LineFour>
            <bons0:CityName>bons0:CityName</bons0:CityName>
            <bons0:SuburbName>bons0:SuburbName</bons0:SuburbName>
            <bons0:StateOrProvinceCode>bons0:StateOrProvinceCode</bons0:StateOrProvinceCode>
            <bons0:StateOrProvinceName>bons0:StateOrProvinceName</bons0:StateOrProvinceName>
            <bons0:PostalCode>bons0:PostalCode</bons0:PostalCode>
            <bons0:CountryCode>
              <bons0:Code>bons0:Code</bons0:Code>
              <bons0:Value>bons0:Value</bons0:Value>
            </bons0:CountryCode>
            <bons0:CountryName>bons0:CountryName</bons0:CountryName>
            <bons0:CountyCode>
              <bons0:Code>bons0:Code</bons0:Code>
              <bons0:Value>bons0:Value</bons0:Value>
            </bons0:CountyCode>
            <bons0:CountyName>bons0:CountyName</bons0:CountyName>
            <bons0:RegionCode>bons0:RegionCode</bons0:RegionCode>
            <bons0:RegionName>bons0:RegionName</bons0:RegionName>
            <bons0:StreetAddress>bons0:StreetAddress</bons0:StreetAddress>
          </bons0:AddressDetails>
          <bons0:LatitudeMeasure bons0:Name="token">
            <bons0:Value>bons0:Value</bons0:Value>
          </bons0:LatitudeMeasure>
          <bons0:LongitudeMeasure bons0:Name="token">
            <bons0:Value>bons0:Value</bons0:Value>
          </bons0:LongitudeMeasure>
          <bons0:LocationPrecisionCd>
            <bons0:Code>bons0:Code</bons0:Code>
            <bons0:Value>bons0:Value</bons0:Value>
          </bons0:LocationPrecisionCd>
          <bons0:StructureInfo>
            <bons0:StructureName>bons0:StructureName</bons0:StructureName>
            <bons0:Construction>
              <bons0:ConstructionType>bons0:ConstructionType</bons0:ConstructionType>
              <bons0:ConstructionScheme>bons0:ConstructionScheme</bons0:ConstructionScheme>
            </bons0:Construction>
            <bons0:Occupancy>
              <bons0:OccupancyType>bons0:OccupancyType</bons0:OccupancyType>
              <bons0:OccupancyScheme>bons0:OccupancyScheme</bons0:OccupancyScheme>
            </bons0:Occupancy>
            <bons0:BuiltYear>bons0:BuiltYear</bons0:BuiltYear>
            <bons0:UpgradedYear>bons0:UpgradedYear</bons0:UpgradedYear>
            <bons0:FloorArea>bons0:FloorArea</bons0:FloorArea>
            <bons0:FloorAreaUnit>bons0:FloorAreaUnit</bons0:FloorAreaUnit>
            <bons0:StoreyCount>bons0:StoreyCount</bons0:StoreyCount>
            <bons0:TotOccupiedStories>0</bons0:TotOccupiedStories>
            <bons0:BuildingHeight>bons0:BuildingHeight</bons0:BuildingHeight>
            <bons0:BuildingHeightUnit>bons0:BuildingHeightUnit</bons0:BuildingHeightUnit>
            <bons0:TotBuildingArea>0.0</bons0:TotBuildingArea>
            <bons0:TotBuildingAreaUoM>bons0:TotBuildingAreaUoM</bons0:TotBuildingAreaUoM>
            <bons0:FloorId>bons0:FloorId</bons0:FloorId>
            <bons0:SiteName>bons0:SiteName</bons0:SiteName>
            <bons0:CompanyNameBusinessUnit>bons0:CompanyNameBusinessUnit</bons0:CompanyNameBusinessUnit>
            <bons0:PrimaryBuilding>bons0:PrimaryBuilding</bons0:PrimaryBuilding>
            <bons0:BasementNm>bons0:BasementNm</bons0:BasementNm>
            <bons0:MSBBuildingVal>0.0</bons0:MSBBuildingVal>
            <bons0:SIC3DigitCd>bons0:SIC3DigitCd</bons0:SIC3DigitCd>
            <bons0:SIC4DigitCd>bons0:SIC4DigitCd</bons0:SIC4DigitCd>
            <bons0:SIC6DigitCd>bons0:SIC6DigitCd</bons0:SIC6DigitCd>
            <bons0:SicGrp>bons0:SicGrp</bons0:SicGrp>
            <bons0:SiteId>0</bons0:SiteId>
            <bons0:SicSubGrpCd>
              <bons0:Code>bons0:Code</bons0:Code>
              <bons0:Value>bons0:Value</bons0:Value>
            </bons0:SicSubGrpCd>
            <bons0:UWRiskGrpId>0</bons0:UWRiskGrpId>
            <bons0:UWRiskGrpNm>token</bons0:UWRiskGrpNm>
            <bons0:SecondaryModifiersList>
              <bons0:SecondaryModifiers>
                <bons0:SecondaryModifierName>bons0:SecondaryModifierName</bons0:SecondaryModifierName>
                <bons0:SecondaryModifierValue>bons0:SecondaryModifierValue</bons0:SecondaryModifierValue>
                <bons0:SecondaryModifierScheme>bons0:SecondaryModifierScheme</bons0:SecondaryModifierScheme>
                <bons0:SecondaryModifierType>bons0:SecondaryModifierType</bons0:SecondaryModifierType>
              </bons0:SecondaryModifiers>
            </bons0:SecondaryModifiersList>
            <bons0:LocationHazards>
              <bons0:LocationHazard>
                <bons0:HazardName>bons0:HazardName</bons0:HazardName>
                <bons0:HazardValue>bons0:HazardValue</bons0:HazardValue>
                <bons0:HazardScheme>bons0:HazardScheme</bons0:HazardScheme>
                <bons0:HazardType>bons0:HazardType</bons0:HazardType>
              </bons0:LocationHazard>
            </bons0:LocationHazards>
          </bons0:StructureInfo>
          <bons0:AccountAddress>bons0:AccountAddress</bons0:AccountAddress>
          <bons0:LocationStatus>bons0:LocationStatus</bons0:LocationStatus>
          <bons0:LocationLimitsInfo>
            <bons0:CurrencyCode>USD</bons0:CurrencyCode>
            <bons0:CurrencyScheme>bons0:CurrencyScheme</bons0:CurrencyScheme>
            <bons0:LocationPD>0.0</bons0:LocationPD>
            <bons0:LocationBI>0.0</bons0:LocationBI>
            <bons0:LocationTIV>0.0</bons0:LocationTIV>
            <bons0:BuildingValue>0.0</bons0:BuildingValue>
            <bons0:MnEValue>0.0</bons0:MnEValue>
            <bons0:ContentsValue>0.0</bons0:ContentsValue>
            <bons0:StockInventryValue>0.0</bons0:StockInventryValue>
            <bons0:InventryValue>0.0</bons0:InventryValue>
            <bons0:OtherPD>0.0</bons0:OtherPD>
            <bons0:BIValue>0.0</bons0:BIValue>
            <bons0:BIIdemnityPeriod>bons0:BIIdemnityPeriod</bons0:BIIdemnityPeriod>
            <bons0:IBI>0.0</bons0:IBI>
            <bons0:PayRoll>bons0:PayRoll</bons0:PayRoll>
            <bons0:PayRollIdemnityPeriod>bons0:PayRollIdemnityPeriod</bons0:PayRollIdemnityPeriod>
            <bons0:Rent>bons0:Rent</bons0:Rent>
            <bons0:RentIdemnityPeriod>bons0:RentIdemnityPeriod</bons0:RentIdemnityPeriod>
            <bons0:CBIVal>0.0</bons0:CBIVal>
            <bons0:EE_ICOW_AICOW>0.0</bons0:EE_ICOW_AICOW>
            <bons0:EngnrgSrc>bons0:EngnrgSrc</bons0:EngnrgSrc>
            <bons0:OtherTECoverage1>0.0</bons0:OtherTECoverage1>
            <bons0:OtherTECoverage2>0.0</bons0:OtherTECoverage2>
            <bons0:OtherTECoverage3>0.0</bons0:OtherTECoverage3>
          </bons0:LocationLimitsInfo>
          <bons0:MDMCrossInfo>
            <bons0:SovLocId>0</bons0:SovLocId>
            <bons0:MDMLocationId>bons0:MDMLocationId</bons0:MDMLocationId>
            <bons0:MDMHoldgId>bons0:MDMHoldgId</bons0:MDMHoldgId>
            <bons0:MDMAddrId>bons0:MDMAddrId</bons0:MDMAddrId>
            <bons0:MDMSiteId>bons0:MDMSiteId</bons0:MDMSiteId>
            <bons0:MDMBuildingId>bons0:MDMBuildingId</bons0:MDMBuildingId>
            <bons0:MDMContId>bons0:MDMContId</bons0:MDMContId>
            <bons0:MDMContCmpntId>bons0:MDMContCmpntId</bons0:MDMContCmpntId>
            <bons0:GraspReviewed>bons0:GraspReviewed</bons0:GraspReviewed>
          </bons0:MDMCrossInfo>
          <bons0:LocationIndicator>Unknown</bons0:LocationIndicator>
        </bons0:Location>
        <bons0:Errors>
          <bons0:Error>
            <bons0:ErrorCd>bons0:ErrorCd</bons0:ErrorCd>
            <bons0:ErrorMsg>bons0:ErrorMsg</bons0:ErrorMsg>
            <bons0:ErrorTyp>bons0:ErrorTyp</bons0:ErrorTyp>
            <bons0:ErrorDesc>bons0:ErrorDesc</bons0:ErrorDesc>
            <bons0:ErrorDetails>bons0:ErrorDetails</bons0:ErrorDetails>
          </bons0:Error>
        </bons0:Errors>
      </GetLocationDetailsRs>
    </correlation>
    <transient>
      <modErrorCode>modErrorCode</modErrorCode>
      <ch:RequestHeader>
        <ch:ServiceRequestContext>
          <ServiceInvocationOriginator>ServiceInvocationOriginator</ServiceInvocationOriginator>
          <ServiceInvoker>ServiceInvoker</ServiceInvoker>
          <ServiceProvider>ServiceProvider</ServiceProvider>
          <ClientId>ClientId</ClientId>
          <UserID>UserID</UserID>
          <RequestMessageId>RequestMessageId</RequestMessageId>
          <RequestTimestamp>2001-12-31T12:00:00</RequestTimestamp>
          <InteractionProtocol>SynchronousRequestAndResponse</InteractionProtocol>
          <CallbackURI>CallbackURI</CallbackURI>
          <ServiceInvocationChainEnabled>true</ServiceInvocationChainEnabled>
        </ch:ServiceRequestContext>
      </ch:RequestHeader>
      <RequestDateTime>2001-12-31T12:00:00</RequestDateTime>
      <mdmCrossRefInfo>
        <ges:mdmContId>ges:mdmContId</ges:mdmContId>
        <ges:mdmContCmpntId>ges:mdmContCmpntId</ges:mdmContCmpntId>
        <ges:mdmHoldgId>ges:mdmHoldgId</ges:mdmHoldgId>
        <ges:mdmAddrId>ges:mdmAddrId</ges:mdmAddrId>
        <ges:sovLocId>ges:sovLocId</ges:sovLocId>
        <ges:graspReviewed>N</ges:graspReviewed>
      </mdmCrossRefInfo>
      <LocationEnterpriseKeys>
        <bons0:GESLocationPhysicalObjectID>bons0:GESLocationPhysicalObjectID</bons0:GESLocationPhysicalObjectID>
        <bons0:MDMLocationHoldingID>bons0:MDMLocationHoldingID</bons0:MDMLocationHoldingID>
        <bons0:SourceLocationId>bons0:SourceLocationId</bons0:SourceLocationId>
      </LocationEnterpriseKeys>
    </transient>
    <failInfo tns:lang="">
      <failureString>failureString</failureString>
      <origin>origin</origin>
      <invocationPath>
        <primitive inTerminal="" name="" outTerminal=""/>
      </invocationPath>
      <predecessor tns:lang=""/>
    </failInfo>
    <primitiveContext>
      <EndpointLookupContext>
        <endpointReference>
          <wsa:Address>http://tempuri.org</wsa:Address>
          <wsa:ReferenceProperties/>
          <wsa:ReferenceParameters/>
          <wsa:PortType>QName</wsa:PortType>
          <wsa:ServiceName PortName="NCName">QName</wsa:ServiceName>
        </endpointReference>
        <registryAnnotations>
          <property>
            <name>name</name>
            <value>value</value>
          </property>
          <classification>http://tempuri.org</classification>
          <relationship>
            <relationshipName>relationshipName</relationshipName>
            <targetName>targetName</targetName>
            <targetNamespace>http://tempuri.org</targetNamespace>
            <targetVersion>targetVersion</targetVersion>
          </relationship>
        </registryAnnotations>
      </EndpointLookupContext>
      <FanOutContext>
        <iteration>0</iteration>
        <occurrence xsi:type="anyType"/>
      </FanOutContext>
      <WTXContext>
        <mapServerLocation>http://tempuri.org</mapServerLocation>
        <dynamicMap>0F00</dynamicMap>
        <mapInstances>
          <mapInstance>0</mapInstance>
          <auditInfo>auditInfo</auditInfo>
        </mapInstances>
      </WTXContext>
    </primitiveContext>
    <shared xsi:type="anyType"/>
    <dynamicProperty isPropagated="true">
      <propertySets>
        <group>group</group>
        <properties>
          <name>name</name>
          <value>value</value>
          <type>type</type>
        </properties>
      </propertySets>
    </dynamicProperty>
    <userContext>
      <entries>
        <name>name</name>
        <value xsi:type="anyType"/>
        <type>type</type>
      </entries>
    </userContext>
  </context>
  <headers>
    <SMOHeader>
      <MessageUUID>MessageUUID</MessageUUID>
      <Version>
        <Version>0</Version>
        <Release>0</Release>
        <Modification>0</Modification>
      </Version>
      <MessageType>MessageType</MessageType>
      <Operation>Operation</Operation>
      <Action>Action</Action>
      <Target bindingType="NotSet" import="" repositoryMetadata="">
        <address>http://tempuri.org</address>
      </Target>
      <AlternateTarget bindingType="NotSet" import="" repositoryMetadata="">
        <address>http://tempuri.org</address>
      </AlternateTarget>
      <SourceNode>SourceNode</SourceNode>
      <SourceBindingType>NotSet</SourceBindingType>
      <Interface>Interface</Interface>
    </SMOHeader>
    <JMSHeader>
      <JMSDestination>http://tempuri.org</JMSDestination>
      <JMSDeliveryMode>NonPersistent</JMSDeliveryMode>
      <JMSMessageID>JMSMessageID</JMSMessageID>
      <JMSTimestamp>0</JMSTimestamp>
      <JMSCorrelationID>JMSCorrelationID</JMSCorrelationID>
      <JMSReplyTo>http://tempuri.org</JMSReplyTo>
      <JMSRedelivered>true</JMSRedelivered>
      <JMSType>JMSType</JMSType>
      <JMSExpiration>0</JMSExpiration>
      <JMSPriority>0</JMSPriority>
    </JMSHeader>
    <SOAPHeader>
      <nameSpace>http://tempuri.org</nameSpace>
      <name>NCName</name>
      <prefix>NCName</prefix>
      <value xsi:type="anyType"/>
    </SOAPHeader>
    <SOAPFaultInfo>
      <faultcode>QName</faultcode>
      <faultstring>faultstring</faultstring>
      <faultactor>http://tempuri.org</faultactor>
      <extendedFaultInfo>
        <Code>
          <tns2:Value>{http://www.w3.org/2003/05/soap-envelope}DataEncodingUnknown</tns2:Value>
          <tns2:Subcode>
            <tns2:Value>QName</tns2:Value>
            <tns2:Subcode/>
          </tns2:Subcode>
        </Code>
        <Reason>
          <tns2:Text tns2:lang="">tns2:Text</tns2:Text>
        </Reason>
        <Node>http://tempuri.org</Node>
        <Role>http://tempuri.org</Role>
      </extendedFaultInfo>
    </SOAPFaultInfo>
    <properties>
      <name>name</name>
      <value>value</value>
      <type>type</type>
    </properties>
    <MQHeader>
      <md>
        <Report>0</Report>
        <MsgType>0</MsgType>
        <Expiry>0</Expiry>
        <Feedback>0</Feedback>
        <Priority>0</Priority>
        <Persistence>0</Persistence>
        <MsgId>0F00</MsgId>
        <CorrelId>0F00</CorrelId>
        <BackoutCount>0</BackoutCount>
        <ReplyToQ>ReplyToQ</ReplyToQ>
        <ReplyToQMgr>ReplyToQMgr</ReplyToQMgr>
        <UserIdentifier>UserIdentifier</UserIdentifier>
        <AccountingToken>0F00</AccountingToken>
        <ApplIdentityData>ApplIdentityData</ApplIdentityData>
        <PutApplType>0</PutApplType>
        <PutApplName>PutApplName</PutApplName>
        <PutDate>PutDate</PutDate>
        <PutTime>PutTime</PutTime>
        <ApplOriginData>ApplOriginData</ApplOriginData>
        <GroupId>0F00</GroupId>
        <MsgSeqNumber>0</MsgSeqNumber>
        <Offset>0</Offset>
        <MsgFlags>0</MsgFlags>
        <OriginalLength>0</OriginalLength>
      </md>
      <control xsi:type="mq:MQControl">
        <Encoding>0</Encoding>
        <CodedCharSetId>0</CodedCharSetId>
        <Format>Format</Format>
      </control>
      <header>
        <Encoding>0</Encoding>
        <CodedCharSetId>0</CodedCharSetId>
        <Format>Format</Format>
        <value xsi:type="anyType"/>
      </header>
    </MQHeader>
    <HTTPHeader>
      <control>
        <httpsca:URL>http://tempuri.org</httpsca:URL>
        <httpsca:Version>1.0</httpsca:Version>
        <httpsca:Method>httpsca:Method</httpsca:Method>
        <httpsca:DynamicOverrideURL>http://tempuri.org</httpsca:DynamicOverrideURL>
        <httpsca:DynamicOverrideVersion>1.0</httpsca:DynamicOverrideVersion>
        <httpsca:DynamicOverrideMethod>httpsca:DynamicOverrideMethod</httpsca:DynamicOverrideMethod>
        <httpsca:MediaType>httpsca:MediaType</httpsca:MediaType>
        <httpsca:Charset>httpsca:Charset</httpsca:Charset>
        <httpsca:TransferEncoding>httpsca:TransferEncoding</httpsca:TransferEncoding>
        <httpsca:ContentEncoding>httpsca:ContentEncoding</httpsca:ContentEncoding>
        <httpsca:StatusCode>0</httpsca:StatusCode>
        <httpsca:ReasonPhrase>httpsca:ReasonPhrase</httpsca:ReasonPhrase>
        <httpsca:ContentLength>0</httpsca:ContentLength>
        <httpsca:ExportContextPath>httpsca:ExportContextPath</httpsca:ExportContextPath>
        <httpsca:Authentication>
          <httpsca:credentials>
            <httpsca:userId>httpsca:userId</httpsca:userId>
            <httpsca:password>httpsca:password</httpsca:password>
          </httpsca:credentials>
          <httpsca:authenticationType>Basic</httpsca:authenticationType>
        </httpsca:Authentication>
        <httpsca:SSLSettings>
          <httpsca:SSLVersion>SSL</httpsca:SSLVersion>
          <httpsca:SSLDebug>false</httpsca:SSLDebug>
          <httpsca:KeyStoreType>JKS</httpsca:KeyStoreType>
          <httpsca:TrustStoreType>JKS</httpsca:TrustStoreType>
          <httpsca:KeyStore>httpsca:KeyStore</httpsca:KeyStore>
          <httpsca:KeyStoreAlias>httpsca:KeyStoreAlias</httpsca:KeyStoreAlias>
          <httpsca:KeyStorePassword>httpsca:KeyStorePassword</httpsca:KeyStorePassword>
          <httpsca:TrustStore>httpsca:TrustStore</httpsca:TrustStore>
          <httpsca:TrustStorePassword>httpsca:TrustStorePassword</httpsca:TrustStorePassword>
          <httpsca:UseClientAuth>false</httpsca:UseClientAuth>
        </httpsca:SSLSettings>
        <httpsca:ProxySettings>
          <httpsca:proxyHost>httpsca:proxyHost</httpsca:proxyHost>
          <httpsca:proxyPort>0</httpsca:proxyPort>
          <httpsca:proxyType>http</httpsca:proxyType>
          <httpsca:proxyCredentials>
            <httpsca:userId>httpsca:userId</httpsca:userId>
            <httpsca:password>httpsca:password</httpsca:password>
          </httpsca:proxyCredentials>
          <httpsca:nonProxyHost>httpsca:nonProxyHost</httpsca:nonProxyHost>
        </httpsca:ProxySettings>
      </control>
      <header>
        <httpsca:name>httpsca:name</httpsca:name>
        <httpsca:value>httpsca:value</httpsca:value>
      </header>
    </HTTPHeader>
    <EISHeader>
      <EISInteractionSpec xsi:type="anyType"/>
      <EISConnectionSpec xsi:type="anyType"/>
    </EISHeader>
    <WSAHeader version="http://www.w3.org/2005/08/addressing">
      <tns1:To>http://tempuri.org</tns1:To>
      <ReferenceParameters/>
      <tns1:From>
        <tns1:Address>http://tempuri.org</tns1:Address>
        <tns1:ReferenceParameters/>
        <tns1:Metadata/>
      </tns1:From>
      <tns1:ReplyTo>
        <tns1:Address>http://tempuri.org</tns1:Address>
        <tns1:ReferenceParameters/>
        <tns1:Metadata/>
      </tns1:ReplyTo>
      <tns1:FaultTo>
        <tns1:Address>http://tempuri.org</tns1:Address>
        <tns1:ReferenceParameters/>
        <tns1:Metadata/>
      </tns1:FaultTo>
      <tns1:Action>http://tempuri.org</tns1:Action>
      <tns1:MessageID>http://tempuri.org</tns1:MessageID>
      <tns1:RelatesTo RelationshipType="http://www.w3.org/2005/08/addressing/reply">http://tempuri.org</tns1:RelatesTo>
    </WSAHeader>
  </headers>
  <body>
    <p2:getData>
      <ISpec>ISpec</ISpec>
      <p2:Payload xsi:type="anyType"/>
    </p2:getData>
  </body>
  <attachments>
    <contentID>http://tempuri.org</contentID>
    <contentType>token</contentType>
    <data>MA==</data>
  </attachments>
</tns:smo>
