<?xml version="1.0" encoding="UTF-8"?>
<tns:smo xmlns:bons0="http://aig.us.com/ges/common/v3" xmlns:ch="http://aig.com/CommonHeaderV12" xmlns:ges="http://aig.us.com/ges" xmlns:httpsca="http://www.ibm.com/xmlns/prod/websphere/http/sca/6.1.0" xmlns:jdbcasi="http://www.ibm.com/xmlns/prod/websphere/j2ca/jdbc/metadata" xmlns:mq="http://www.ibm.com/xmlns/prod/websphere/mq/sca/6.0.0" xmlns:p="http://GES_BP_LocationExposureService/bo" xmlns:p1="http://ws-i.org/profiles/basic/1.1/xsd" xmlns:p2="http://COM_GES_MF_LocationExposureService/bo" xmlns:p3="http://www.ibm.com/xmlns/prod/websphere/j2ca/jdbc/gexpusrtusp_c46_create_policy_option_staging" xmlns:p4="http://www.ibm.com/xmlns/prod/websphere/j2ca/jdbc/gexpusrtusp_c02_set_identifier" xmlns:policy="http://aig.us.com/ges/ext/PolicyServiceV1" xmlns:tns="http://www.ibm.com/websphere/sibx/smo/v6.0.1" xmlns:tns1="http://GES_BP_LocationExposureService/CreatePolicyOptionDB_EISImp" xmlns:tns2="http://www.w3.org/2005/08/addressing" xmlns:tns3="http://www.w3.org/2003/05/soap-envelope" xmlns:tns_1="wsdl.http://GES_BP_LocationExposureService/CreatePolicyOptionDB_EISImp" xmlns:wsa="http://schemas.xmlsoap.org/ws/2004/08/addressing" xmlns:xsi="http://www.w3.org/2001/XMLSchema-instance" xsi:schemaLocation="http://www.ibm.com/websphere/sibx/smo/v6.0.1 foo.xsd ">
  <context>
    <correlation>
      <requestHeader>
        <ch:ServiceRequestContext>
          <ServiceInvocationOriginator>ServiceInvocationOriginator</ServiceInvocationOriginator>
          <ServiceInvoker>ServiceInvoker</ServiceInvoker>
          <ServiceProvider>ServiceProvider</ServiceProvider>
          <ClientId>ClientId</ClientId>
          <UserID>UserID</UserID>
          <RequestMessageId>RequestMessageId</RequestMessageId>
          <RequestTimestamp>2001-12-31T12:00:00</RequestTimestamp>
          <InteractionProtocol>SynchronousRequestAndResponse</InteractionProtocol>
          <CallbackURI>CallbackURI</CallbackURI>
          <ServiceInvocationChainEnabled>true</ServiceInvocationChainEnabled>
        </ch:ServiceRequestContext>
      </requestHeader>
      <CreatePolicyOptionRqMsg>
        <bons0:SourceSystemCd>
          <bons0:SourceSystemCode>GPW</bons0:SourceSystemCode>
          <bons0:SourceSystemkey>bons0:SourceSystemkey</bons0:SourceSystemkey>
          <bons0:RqId>bons0:RqId</bons0:RqId>
        </bons0:SourceSystemCd>
        <bons0:PolicyOptionDetail>
          <bons0:PolicyOptionId>bons0:PolicyOptionId</bons0:PolicyOptionId>
          <bons0:GesPolicyOptionId>bons0:GesPolicyOptionId</bons0:GesPolicyOptionId>
          <bons0:PolicyId>bons0:PolicyId</bons0:PolicyId>
          <bons0:GesPolicyId>bons0:GesPolicyId</bons0:GesPolicyId>
          <bons0:PolicyPackId>bons0:PolicyPackId</bons0:PolicyPackId>
          <bons0:GesPolicyPackId>bons0:GesPolicyPackId</bons0:GesPolicyPackId>
          <bons0:ProcessingStartDt>2001-01-01</bons0:ProcessingStartDt>
          <bons0:ProcessingTargetDt>2001-01-01</bons0:ProcessingTargetDt>
          <bons0:Complexity>bons0:Complexity</bons0:Complexity>
          <bons0:PolicyOptionDesc>bons0:PolicyOptionDesc</bons0:PolicyOptionDesc>
          <bons0:CurrencyCode>USD</bons0:CurrencyCode>
          <bons0:NoOfLocations>0</bons0:NoOfLocations>
          <bons0:UnderWriter>
            <bons0:UWNm>bons0:UWNm</bons0:UWNm>
            <bons0:UWId>bons0:UWId</bons0:UWId>
            <bons0:UWEmpId>bons0:UWEmpId</bons0:UWEmpId>
            <bons0:UWCountry>
              <bons0:Code>bons0:Code</bons0:Code>
              <bons0:Value>bons0:Value</bons0:Value>
            </bons0:UWCountry>
            <bons0:UWRegion>
              <bons0:Code>bons0:Code</bons0:Code>
              <bons0:Value>bons0:Value</bons0:Value>
            </bons0:UWRegion>
            <bons0:UWBranch>
              <bons0:Code>bons0:Code</bons0:Code>
              <bons0:Value>bons0:Value</bons0:Value>
            </bons0:UWBranch>
            <bons0:UWMaxLayerPercent>0.0</bons0:UWMaxLayerPercent>
            <bons0:UWCapacity>
              <bons0:CurrencyDesc>bons0:CurrencyDesc</bons0:CurrencyDesc>
              <bons0:CurrencyCode>USD</bons0:CurrencyCode>
              <bons0:CurrencyValue>0.0</bons0:CurrencyValue>
            </bons0:UWCapacity>
            <bons0:UWRegionCode>bons0:UWRegionCode</bons0:UWRegionCode>
            <bons0:UWCountryCodeIso3>
              <bons0:Code>bons0:Code</bons0:Code>
              <bons0:Value>bons0:Value</bons0:Value>
            </bons0:UWCountryCodeIso3>
            <bons0:UWBranchCode>bons0:UWBranchCode</bons0:UWBranchCode>
          </bons0:UnderWriter>
          <bons0:SpecialInstructions>bons0:SpecialInstructions</bons0:SpecialInstructions>
          <bons0:LinkedSOVS>
            <bons0:LinkedSOV>
              <bons0:SovPackNm>bons0:SovPackNm</bons0:SovPackNm>
              <bons0:SovVersion>bons0:SovVersion</bons0:SovVersion>
              <bons0:SovDesc>bons0:SovDesc</bons0:SovDesc>
              <bons0:AttachedBy>bons0:AttachedBy</bons0:AttachedBy>
            </bons0:LinkedSOV>
          </bons0:LinkedSOVS>
          <bons0:OverallSubLimit>
            <bons0:CurrencyCode>USD</bons0:CurrencyCode>
            <bons0:LimitType>bons0:LimitType</bons0:LimitType>
            <bons0:SubLimit>0.0</bons0:SubLimit>
            <bons0:DeductibleTyp>bons0:DeductibleTyp</bons0:DeductibleTyp>
            <bons0:Deductible>0.0</bons0:Deductible>
            <bons0:MinimumDeductible>0.0</bons0:MinimumDeductible>
            <bons0:MaximumDeductible>0.0</bons0:MaximumDeductible>
            <bons0:SubLimitCoverages>
              <bons0:SubLimitCoverage>
                <bons0:CoverageNm>bons0:CoverageNm</bons0:CoverageNm>
                <bons0:PerilCode>bons0:PerilCode</bons0:PerilCode>
                <bons0:CurrencyCode>USD</bons0:CurrencyCode>
                <bons0:LimitDeductibles>
                  <bons0:LimitDeductible>
                    <bons0:LimitDeductibleNm>bons0:LimitDeductibleNm</bons0:LimitDeductibleNm>
                    <bons0:CovCategories>
                      <bons0:CovCategory>
                        <bons0:CategoryNm>bons0:CategoryNm</bons0:CategoryNm>
                        <bons0:CategoryValue>bons0:CategoryValue</bons0:CategoryValue>
                      </bons0:CovCategory>
                    </bons0:CovCategories>
                  </bons0:LimitDeductible>
                </bons0:LimitDeductibles>
              </bons0:SubLimitCoverage>
            </bons0:SubLimitCoverages>
            <bons0:SpecialInstructions>bons0:SpecialInstructions</bons0:SpecialInstructions>
          </bons0:OverallSubLimit>
          <bons0:SubLimits>
            <bons0:PerilSubLimitInfo>
              <bons0:PerilNm>bons0:PerilNm</bons0:PerilNm>
              <bons0:PerilCode>bons0:PerilCode</bons0:PerilCode>
              <bons0:Excluded>true</bons0:Excluded>
              <bons0:CurrencyCode>USD</bons0:CurrencyCode>
              <bons0:LimitType>bons0:LimitType</bons0:LimitType>
              <bons0:SubLimit>0.0</bons0:SubLimit>
              <bons0:DeductibleTyp>bons0:DeductibleTyp</bons0:DeductibleTyp>
              <bons0:Deductible>0.0</bons0:Deductible>
              <bons0:MinimumDeductible>0.0</bons0:MinimumDeductible>
              <bons0:MaximumDeductible>0.0</bons0:MaximumDeductible>
              <bons0:TIV>0.0</bons0:TIV>
              <bons0:NoOfLocations>0</bons0:NoOfLocations>
              <bons0:PerilCoverages>
                <bons0:PerilCoverage>
                  <bons0:CoverageNm>bons0:CoverageNm</bons0:CoverageNm>
                  <bons0:PerilCode>bons0:PerilCode</bons0:PerilCode>
                  <bons0:CurrencyCode>USD</bons0:CurrencyCode>
                  <bons0:LimitDeductibles>
                    <bons0:LimitDeductible>
                      <bons0:LimitDeductibleNm>bons0:LimitDeductibleNm</bons0:LimitDeductibleNm>
                      <bons0:CovCategories>
                        <bons0:CovCategory>
                          <bons0:CategoryNm>bons0:CategoryNm</bons0:CategoryNm>
                          <bons0:CategoryValue>bons0:CategoryValue</bons0:CategoryValue>
                        </bons0:CovCategory>
                      </bons0:CovCategories>
                    </bons0:LimitDeductible>
                  </bons0:LimitDeductibles>
                </bons0:PerilCoverage>
              </bons0:PerilCoverages>
              <bons0:AdditionalCoverages>
                <bons0:AdditionalCoverage xsi:type="bons0:AdditionalCoverageType">
                  <bons0:CoverageNm>bons0:CoverageNm</bons0:CoverageNm>
                  <bons0:AddCoverageCategory>
                    <bons0:CategoryNm>bons0:CategoryNm</bons0:CategoryNm>
                    <bons0:OccuranceLimit>
                      <bons0:CurrencyDesc>bons0:CurrencyDesc</bons0:CurrencyDesc>
                      <bons0:CurrencyCode>USD</bons0:CurrencyCode>
                      <bons0:CurrencyValue>0.0</bons0:CurrencyValue>
                    </bons0:OccuranceLimit>
                    <bons0:AggregateLimit>
                      <bons0:CurrencyDesc>bons0:CurrencyDesc</bons0:CurrencyDesc>
                      <bons0:CurrencyCode>USD</bons0:CurrencyCode>
                      <bons0:CurrencyValue>0.0</bons0:CurrencyValue>
                    </bons0:AggregateLimit>
                    <bons0:Deductible>0.0</bons0:Deductible>
                    <bons0:CurrencyCode>USD</bons0:CurrencyCode>
                  </bons0:AddCoverageCategory>
                </bons0:AdditionalCoverage>
              </bons0:AdditionalCoverages>
              <bons0:PerilZoneSubLimits>
                <bons0:PerilZoneSubLimit>
                  <bons0:ZoneNm>bons0:ZoneNm</bons0:ZoneNm>
                  <bons0:ZoneCd>
                    <bons0:Code>bons0:Code</bons0:Code>
                    <bons0:Value>bons0:Value</bons0:Value>
                  </bons0:ZoneCd>
                  <bons0:Excluded>true</bons0:Excluded>
                  <bons0:CurrencyCode>USD</bons0:CurrencyCode>
                  <bons0:LimitType>bons0:LimitType</bons0:LimitType>
                  <bons0:SubLimit>0.0</bons0:SubLimit>
                  <bons0:DeductibleTyp>bons0:DeductibleTyp</bons0:DeductibleTyp>
                  <bons0:Deductible>0.0</bons0:Deductible>
                  <bons0:MinimumDeductible>0.0</bons0:MinimumDeductible>
                  <bons0:MaximumDeductible>0.0</bons0:MaximumDeductible>
                  <bons0:TIV>0.0</bons0:TIV>
                  <bons0:NoOfLocations>0</bons0:NoOfLocations>
                  <bons0:PerilCoverages>
                    <bons0:PerilCoverage>
                      <bons0:CoverageNm>bons0:CoverageNm</bons0:CoverageNm>
                      <bons0:PerilCode>bons0:PerilCode</bons0:PerilCode>
                      <bons0:CurrencyCode>USD</bons0:CurrencyCode>
                      <bons0:LimitDeductibles>
                        <bons0:LimitDeductible>
                          <bons0:LimitDeductibleNm>bons0:LimitDeductibleNm</bons0:LimitDeductibleNm>
                          <bons0:CovCategories>
                            <bons0:CovCategory>
                              <bons0:CategoryNm>bons0:CategoryNm</bons0:CategoryNm>
                              <bons0:CategoryValue>bons0:CategoryValue</bons0:CategoryValue>
                            </bons0:CovCategory>
                          </bons0:CovCategories>
                        </bons0:LimitDeductible>
                      </bons0:LimitDeductibles>
                    </bons0:PerilCoverage>
                  </bons0:PerilCoverages>
                  <bons0:AdditionalCoverages>
                    <bons0:AdditionalCoverage xsi:type="bons0:AdditionalCoverageType">
                      <bons0:CoverageNm>bons0:CoverageNm</bons0:CoverageNm>
                      <bons0:AddCoverageCategory>
                        <bons0:CategoryNm>bons0:CategoryNm</bons0:CategoryNm>
                        <bons0:OccuranceLimit>
                          <bons0:CurrencyDesc>bons0:CurrencyDesc</bons0:CurrencyDesc>
                          <bons0:CurrencyCode>USD</bons0:CurrencyCode>
                          <bons0:CurrencyValue>0.0</bons0:CurrencyValue>
                        </bons0:OccuranceLimit>
                        <bons0:AggregateLimit>
                          <bons0:CurrencyDesc>bons0:CurrencyDesc</bons0:CurrencyDesc>
                          <bons0:CurrencyCode>USD</bons0:CurrencyCode>
                          <bons0:CurrencyValue>0.0</bons0:CurrencyValue>
                        </bons0:AggregateLimit>
                        <bons0:Deductible>0.0</bons0:Deductible>
                        <bons0:CurrencyCode>USD</bons0:CurrencyCode>
                      </bons0:AddCoverageCategory>
                    </bons0:AdditionalCoverage>
                  </bons0:AdditionalCoverages>
                </bons0:PerilZoneSubLimit>
              </bons0:PerilZoneSubLimits>
              <bons0:SpecialInstructions>bons0:SpecialInstructions</bons0:SpecialInstructions>
            </bons0:PerilSubLimitInfo>
          </bons0:SubLimits>
          <bons0:CTECoverages>
            <bons0:CTECoverage>
              <bons0:CoverageNm>bons0:CoverageNm</bons0:CoverageNm>
              <bons0:CTELimitDeductibles>
                <bons0:CTELimitDeductible>
                  <bons0:LimitDeductibleNm>bons0:LimitDeductibleNm</bons0:LimitDeductibleNm>
                  <bons0:CTECoverageCategories>
                    <bons0:CTECoverageCategory>
                      <bons0:NamedOrUnNamed>Named</bons0:NamedOrUnNamed>
                      <bons0:SupplierOrCustomer>Supplier</bons0:SupplierOrCustomer>
                      <bons0:CategoryNm>bons0:CategoryNm</bons0:CategoryNm>
                      <bons0:CategoryValue>bons0:CategoryValue</bons0:CategoryValue>
                      <bons0:CurrencyCode>USD</bons0:CurrencyCode>
                      <bons0:ExpenseIncluded>Yes</bons0:ExpenseIncluded>
                    </bons0:CTECoverageCategory>
                  </bons0:CTECoverageCategories>
                </bons0:CTELimitDeductible>
              </bons0:CTELimitDeductibles>
            </bons0:CTECoverage>
          </bons0:CTECoverages>
          <bons0:OverallSiteTerm>
            <bons0:CurrencyCode>USD</bons0:CurrencyCode>
            <bons0:LimitType>bons0:LimitType</bons0:LimitType>
            <bons0:SiteLimit>0.0</bons0:SiteLimit>
            <bons0:DeductibleTyp>bons0:DeductibleTyp</bons0:DeductibleTyp>
            <bons0:SiteDeductible>0.0</bons0:SiteDeductible>
            <bons0:SiteCoinsurance>0.0</bons0:SiteCoinsurance>
            <bons0:MinimumDeductible>0.0</bons0:MinimumDeductible>
            <bons0:MaximumDeductible>0.0</bons0:MaximumDeductible>
            <bons0:SiteTermCoverages>
              <bons0:SiteTermCoverage>
                <bons0:CoverageNm>bons0:CoverageNm</bons0:CoverageNm>
                <bons0:PerilCode>bons0:PerilCode</bons0:PerilCode>
                <bons0:CurrencyCode>USD</bons0:CurrencyCode>
                <bons0:LimitDeductibles>
                  <bons0:LimitDeductible>
                    <bons0:LimitDeductibleNm>bons0:LimitDeductibleNm</bons0:LimitDeductibleNm>
                    <bons0:CovCategories>
                      <bons0:CovCategory>
                        <bons0:CategoryNm>bons0:CategoryNm</bons0:CategoryNm>
                        <bons0:CategoryValue>bons0:CategoryValue</bons0:CategoryValue>
                      </bons0:CovCategory>
                    </bons0:CovCategories>
                  </bons0:LimitDeductible>
                </bons0:LimitDeductibles>
              </bons0:SiteTermCoverage>
            </bons0:SiteTermCoverages>
            <bons0:SpecialInstructions>bons0:SpecialInstructions</bons0:SpecialInstructions>
          </bons0:OverallSiteTerm>
          <bons0:SiteTerms>
            <bons0:PerilSiteTermInfo>
              <bons0:PerilNm>bons0:PerilNm</bons0:PerilNm>
              <bons0:PerilCode>bons0:PerilCode</bons0:PerilCode>
              <bons0:CurrencyCode>USD</bons0:CurrencyCode>
              <bons0:LimitType>bons0:LimitType</bons0:LimitType>
              <bons0:SiteLimit>0.0</bons0:SiteLimit>
              <bons0:DeductibleTyp>bons0:DeductibleTyp</bons0:DeductibleTyp>
              <bons0:SiteDeductible>0.0</bons0:SiteDeductible>
              <bons0:SiteCoinsurance>0.0</bons0:SiteCoinsurance>
              <bons0:TIV>0.0</bons0:TIV>
              <bons0:NoOfLocations>0</bons0:NoOfLocations>
              <bons0:MinimumDeductible>0.0</bons0:MinimumDeductible>
              <bons0:MaximumDeductible>0.0</bons0:MaximumDeductible>
              <bons0:PerilCoverages>
                <bons0:PerilCoverage>
                  <bons0:CoverageNm>bons0:CoverageNm</bons0:CoverageNm>
                  <bons0:PerilCode>bons0:PerilCode</bons0:PerilCode>
                  <bons0:CurrencyCode>USD</bons0:CurrencyCode>
                  <bons0:LimitDeductibles>
                    <bons0:LimitDeductible>
                      <bons0:LimitDeductibleNm>bons0:LimitDeductibleNm</bons0:LimitDeductibleNm>
                      <bons0:CovCategories>
                        <bons0:CovCategory>
                          <bons0:CategoryNm>bons0:CategoryNm</bons0:CategoryNm>
                          <bons0:CategoryValue>bons0:CategoryValue</bons0:CategoryValue>
                        </bons0:CovCategory>
                      </bons0:CovCategories>
                    </bons0:LimitDeductible>
                  </bons0:LimitDeductibles>
                </bons0:PerilCoverage>
              </bons0:PerilCoverages>
              <bons0:AdditionalCoverages>
                <bons0:AdditionalCoverage xsi:type="bons0:AdditionalCoverageType">
                  <bons0:CoverageNm>bons0:CoverageNm</bons0:CoverageNm>
                  <bons0:AddCoverageCategory>
                    <bons0:CategoryNm>bons0:CategoryNm</bons0:CategoryNm>
                    <bons0:OccuranceLimit>
                      <bons0:CurrencyDesc>bons0:CurrencyDesc</bons0:CurrencyDesc>
                      <bons0:CurrencyCode>USD</bons0:CurrencyCode>
                      <bons0:CurrencyValue>0.0</bons0:CurrencyValue>
                    </bons0:OccuranceLimit>
                    <bons0:AggregateLimit>
                      <bons0:CurrencyDesc>bons0:CurrencyDesc</bons0:CurrencyDesc>
                      <bons0:CurrencyCode>USD</bons0:CurrencyCode>
                      <bons0:CurrencyValue>0.0</bons0:CurrencyValue>
                    </bons0:AggregateLimit>
                    <bons0:Deductible>0.0</bons0:Deductible>
                    <bons0:CurrencyCode>USD</bons0:CurrencyCode>
                  </bons0:AddCoverageCategory>
                </bons0:AdditionalCoverage>
              </bons0:AdditionalCoverages>
              <bons0:PerilZoneSiteTerms>
                <bons0:PerilZoneSiteTerm>
                  <bons0:ZoneNm>bons0:ZoneNm</bons0:ZoneNm>
                  <bons0:ZoneCd>
                    <bons0:Code>bons0:Code</bons0:Code>
                    <bons0:Value>bons0:Value</bons0:Value>
                  </bons0:ZoneCd>
                  <bons0:Excluded>true</bons0:Excluded>
                  <bons0:CurrencyCode>USD</bons0:CurrencyCode>
                  <bons0:LimitType>bons0:LimitType</bons0:LimitType>
                  <bons0:SiteLimit>0.0</bons0:SiteLimit>
                  <bons0:DeductibleTyp>bons0:DeductibleTyp</bons0:DeductibleTyp>
                  <bons0:SiteDeductible>0.0</bons0:SiteDeductible>
                  <bons0:SiteCoinsurance>0.0</bons0:SiteCoinsurance>
                  <bons0:TIV>0.0</bons0:TIV>
                  <bons0:NoOfLocations>0</bons0:NoOfLocations>
                  <bons0:MinimumDeductible>0.0</bons0:MinimumDeductible>
                  <bons0:MaximumDeductible>0.0</bons0:MaximumDeductible>
                  <bons0:LocationGroupReinsuranceLevels>
                    <bons0:LocationGroupReinsuranceLevel>
                      <bons0:Id>bons0:Id</bons0:Id>
                      <bons0:LayerNm>bons0:LayerNm</bons0:LayerNm>
                      <bons0:CurrencyCode>USD</bons0:CurrencyCode>
                      <bons0:Priority>bons0:Priority</bons0:Priority>
                      <bons0:ReinsuranceType>bons0:ReinsuranceType</bons0:ReinsuranceType>
                      <bons0:FACProvider>bons0:FACProvider</bons0:FACProvider>
                      <bons0:FACCertificateNo>bons0:FACCertificateNo</bons0:FACCertificateNo>
                      <bons0:TreatyNm>bons0:TreatyNm</bons0:TreatyNm>
                      <bons0:LayerAmount>0.0</bons0:LayerAmount>
                      <bons0:AttachmentPoint>0.0</bons0:AttachmentPoint>
                      <bons0:CessionPercentage>0.0</bons0:CessionPercentage>
                      <bons0:CedingCommision>0.0</bons0:CedingCommision>
                      <bons0:PartOf>0.0</bons0:PartOf>
                      <bons0:SharePct>0.0</bons0:SharePct>
                      <bons0:SpecialInstructions>bons0:SpecialInstructions</bons0:SpecialInstructions>
                    </bons0:LocationGroupReinsuranceLevel>
                  </bons0:LocationGroupReinsuranceLevels>
                  <bons0:PerilCoverages>
                    <bons0:PerilCoverage>
                      <bons0:CoverageNm>bons0:CoverageNm</bons0:CoverageNm>
                      <bons0:PerilCode>bons0:PerilCode</bons0:PerilCode>
                      <bons0:CurrencyCode>USD</bons0:CurrencyCode>
                      <bons0:LimitDeductibles>
                        <bons0:LimitDeductible>
                          <bons0:LimitDeductibleNm>bons0:LimitDeductibleNm</bons0:LimitDeductibleNm>
                          <bons0:CovCategories>
                            <bons0:CovCategory>
                              <bons0:CategoryNm>bons0:CategoryNm</bons0:CategoryNm>
                              <bons0:CategoryValue>bons0:CategoryValue</bons0:CategoryValue>
                            </bons0:CovCategory>
                          </bons0:CovCategories>
                        </bons0:LimitDeductible>
                      </bons0:LimitDeductibles>
                    </bons0:PerilCoverage>
                  </bons0:PerilCoverages>
                  <bons0:AdditionalCoverages>
                    <bons0:AdditionalCoverage xsi:type="bons0:AdditionalCoverageType">
                      <bons0:CoverageNm>bons0:CoverageNm</bons0:CoverageNm>
                      <bons0:AddCoverageCategory>
                        <bons0:CategoryNm>bons0:CategoryNm</bons0:CategoryNm>
                        <bons0:OccuranceLimit>
                          <bons0:CurrencyDesc>bons0:CurrencyDesc</bons0:CurrencyDesc>
                          <bons0:CurrencyCode>USD</bons0:CurrencyCode>
                          <bons0:CurrencyValue>0.0</bons0:CurrencyValue>
                        </bons0:OccuranceLimit>
                        <bons0:AggregateLimit>
                          <bons0:CurrencyDesc>bons0:CurrencyDesc</bons0:CurrencyDesc>
                          <bons0:CurrencyCode>USD</bons0:CurrencyCode>
                          <bons0:CurrencyValue>0.0</bons0:CurrencyValue>
                        </bons0:AggregateLimit>
                        <bons0:Deductible>0.0</bons0:Deductible>
                        <bons0:CurrencyCode>USD</bons0:CurrencyCode>
                      </bons0:AddCoverageCategory>
                    </bons0:AdditionalCoverage>
                  </bons0:AdditionalCoverages>
                </bons0:PerilZoneSiteTerm>
              </bons0:PerilZoneSiteTerms>
              <bons0:SpecialInstructions>bons0:SpecialInstructions</bons0:SpecialInstructions>
            </bons0:PerilSiteTermInfo>
          </bons0:SiteTerms>
          <bons0:PolicyStructure>
            <bons0:EffectiveDt>2001-01-01</bons0:EffectiveDt>
            <bons0:ExpirationDt>2001-01-01</bons0:ExpirationDt>
            <bons0:CurrencyCode>USD</bons0:CurrencyCode>
            <bons0:DeductibleTyp>bons0:DeductibleTyp</bons0:DeductibleTyp>
            <bons0:Deductible>0.0</bons0:Deductible>
            <bons0:MinimumDeductible>0.0</bons0:MinimumDeductible>
            <bons0:MaximumDeductible>0.0</bons0:MaximumDeductible>
            <bons0:PolicyLevel>
              <bons0:CurrencyCode>USD</bons0:CurrencyCode>
              <bons0:PolicyLevelLayers>
                <bons0:PolicyLevelLayer>
                  <bons0:Id>bons0:Id</bons0:Id>
                  <bons0:LayerNm>bons0:LayerNm</bons0:LayerNm>
                  <bons0:CurrencyCode>USD</bons0:CurrencyCode>
                  <bons0:LimitType>bons0:LimitType</bons0:LimitType>
                  <bons0:AIGParticipation>0.0</bons0:AIGParticipation>
                  <bons0:Limit>0.0</bons0:Limit>
                  <bons0:PartOf>0.0</bons0:PartOf>
                  <bons0:AttachmentPoint>0.0</bons0:AttachmentPoint>
                  <bons0:PolicyNo>bons0:PolicyNo</bons0:PolicyNo>
                  <bons0:TermPremium>0.0</bons0:TermPremium>
                  <bons0:CatPremium>0.0</bons0:CatPremium>
                  <bons0:PolicyLevelReinsuranceLayers>
                    <bons0:PolicyLevelResinsuranceLayer>
                      <bons0:Id>bons0:Id</bons0:Id>
                      <bons0:LayerNm>bons0:LayerNm</bons0:LayerNm>
                      <bons0:CurrencyCode>USD</bons0:CurrencyCode>
                      <bons0:Priority>bons0:Priority</bons0:Priority>
                      <bons0:ReinsuranceType>bons0:ReinsuranceType</bons0:ReinsuranceType>
                      <bons0:FACProvider>bons0:FACProvider</bons0:FACProvider>
                      <bons0:FACCertificateNo>bons0:FACCertificateNo</bons0:FACCertificateNo>
                      <bons0:TreatyNm>bons0:TreatyNm</bons0:TreatyNm>
                      <bons0:LayerAmount>0.0</bons0:LayerAmount>
                      <bons0:AttachmentPoint>0.0</bons0:AttachmentPoint>
                      <bons0:CessionPercentage>0.0</bons0:CessionPercentage>
                      <bons0:CedingCommision>0.0</bons0:CedingCommision>
                      <bons0:PartOf>0.0</bons0:PartOf>
                      <bons0:SharePct>0.0</bons0:SharePct>
                      <bons0:SpecialInstructions>bons0:SpecialInstructions</bons0:SpecialInstructions>
                      <bons0:ReinsuranceLayerCoverages>
                        <bons0:ReinsuranceLayerCoverage>
                          <bons0:Id>bons0:Id</bons0:Id>
                          <bons0:LayerNm>bons0:LayerNm</bons0:LayerNm>
                          <bons0:CurrencyCode>USD</bons0:CurrencyCode>
                          <bons0:Priority>bons0:Priority</bons0:Priority>
                          <bons0:ReinsuranceType>bons0:ReinsuranceType</bons0:ReinsuranceType>
                          <bons0:FACProvider>bons0:FACProvider</bons0:FACProvider>
                          <bons0:FACCertificateNo>bons0:FACCertificateNo</bons0:FACCertificateNo>
                          <bons0:TreatyNm>bons0:TreatyNm</bons0:TreatyNm>
                          <bons0:LayerAmount>0.0</bons0:LayerAmount>
                          <bons0:AttachmentPoint>0.0</bons0:AttachmentPoint>
                          <bons0:CessionPercentage>0.0</bons0:CessionPercentage>
                          <bons0:CedingCommision>0.0</bons0:CedingCommision>
                          <bons0:PartOf>0.0</bons0:PartOf>
                          <bons0:SharePct>0.0</bons0:SharePct>
                          <bons0:SpecialInstructions>bons0:SpecialInstructions</bons0:SpecialInstructions>
                          <bons0:CoverageNm>bons0:CoverageNm</bons0:CoverageNm>
                        </bons0:ReinsuranceLayerCoverage>
                      </bons0:ReinsuranceLayerCoverages>
                    </bons0:PolicyLevelResinsuranceLayer>
                  </bons0:PolicyLevelReinsuranceLayers>
                  <bons0:PerilLevelReinsuranceLayers>
                    <bons0:PerilLevelResinsuranceLayer>
                      <bons0:Id>bons0:Id</bons0:Id>
                      <bons0:LayerNm>bons0:LayerNm</bons0:LayerNm>
                      <bons0:CurrencyCode>USD</bons0:CurrencyCode>
                      <bons0:Priority>bons0:Priority</bons0:Priority>
                      <bons0:ReinsuranceType>bons0:ReinsuranceType</bons0:ReinsuranceType>
                      <bons0:FACProvider>bons0:FACProvider</bons0:FACProvider>
                      <bons0:FACCertificateNo>bons0:FACCertificateNo</bons0:FACCertificateNo>
                      <bons0:TreatyNm>bons0:TreatyNm</bons0:TreatyNm>
                      <bons0:LayerAmount>0.0</bons0:LayerAmount>
                      <bons0:AttachmentPoint>0.0</bons0:AttachmentPoint>
                      <bons0:CessionPercentage>0.0</bons0:CessionPercentage>
                      <bons0:CedingCommision>0.0</bons0:CedingCommision>
                      <bons0:PartOf>0.0</bons0:PartOf>
                      <bons0:SharePct>0.0</bons0:SharePct>
                      <bons0:SpecialInstructions>bons0:SpecialInstructions</bons0:SpecialInstructions>
                      <bons0:PerilNm>bons0:PerilNm</bons0:PerilNm>
                      <bons0:PerilCode>bons0:PerilCode</bons0:PerilCode>
                      <bons0:ReinsuranceLayerCoverages>
                        <bons0:ReinsuranceLayerCoverage>
                          <bons0:Id>bons0:Id</bons0:Id>
                          <bons0:LayerNm>bons0:LayerNm</bons0:LayerNm>
                          <bons0:CurrencyCode>USD</bons0:CurrencyCode>
                          <bons0:Priority>bons0:Priority</bons0:Priority>
                          <bons0:ReinsuranceType>bons0:ReinsuranceType</bons0:ReinsuranceType>
                          <bons0:FACProvider>bons0:FACProvider</bons0:FACProvider>
                          <bons0:FACCertificateNo>bons0:FACCertificateNo</bons0:FACCertificateNo>
                          <bons0:TreatyNm>bons0:TreatyNm</bons0:TreatyNm>
                          <bons0:LayerAmount>0.0</bons0:LayerAmount>
                          <bons0:AttachmentPoint>0.0</bons0:AttachmentPoint>
                          <bons0:CessionPercentage>0.0</bons0:CessionPercentage>
                          <bons0:CedingCommision>0.0</bons0:CedingCommision>
                          <bons0:PartOf>0.0</bons0:PartOf>
                          <bons0:SharePct>0.0</bons0:SharePct>
                          <bons0:SpecialInstructions>bons0:SpecialInstructions</bons0:SpecialInstructions>
                          <bons0:CoverageNm>bons0:CoverageNm</bons0:CoverageNm>
                        </bons0:ReinsuranceLayerCoverage>
                      </bons0:ReinsuranceLayerCoverages>
                    </bons0:PerilLevelResinsuranceLayer>
                  </bons0:PerilLevelReinsuranceLayers>
                  <bons0:SpecialInstructions>bons0:SpecialInstructions</bons0:SpecialInstructions>
                </bons0:PolicyLevelLayer>
              </bons0:PolicyLevelLayers>
            </bons0:PolicyLevel>
            <bons0:PerilLevel>
              <bons0:PerilLevelLayers>
                <bons0:PerilLevelLayer>
                  <bons0:Id>bons0:Id</bons0:Id>
                  <bons0:LayerNm>bons0:LayerNm</bons0:LayerNm>
                  <bons0:CurrencyCode>USD</bons0:CurrencyCode>
                  <bons0:LimitType>bons0:LimitType</bons0:LimitType>
                  <bons0:AIGParticipation>0.0</bons0:AIGParticipation>
                  <bons0:Limit>0.0</bons0:Limit>
                  <bons0:PartOf>0.0</bons0:PartOf>
                  <bons0:AttachmentPoint>0.0</bons0:AttachmentPoint>
                  <bons0:PerilCode>bons0:PerilCode</bons0:PerilCode>
                  <bons0:SpecialInstructions>bons0:SpecialInstructions</bons0:SpecialInstructions>
                </bons0:PerilLevelLayer>
              </bons0:PerilLevelLayers>
            </bons0:PerilLevel>
          </bons0:PolicyStructure>
          <bons0:PolicyCoverages>
            <bons0:PolicyCoverage xsi:type="bons0:PolicyCoverageType">
              <bons0:CoverageNm>bons0:CoverageNm</bons0:CoverageNm>
              <bons0:PerilCode>bons0:PerilCode</bons0:PerilCode>
              <bons0:CurrencyCode>USD</bons0:CurrencyCode>
              <bons0:LimitDeductibles>
                <bons0:LimitDeductible>
                  <bons0:LimitDeductibleNm>bons0:LimitDeductibleNm</bons0:LimitDeductibleNm>
                  <bons0:CovCategories>
                    <bons0:CovCategory>
                      <bons0:CategoryNm>bons0:CategoryNm</bons0:CategoryNm>
                      <bons0:CategoryValue>bons0:CategoryValue</bons0:CategoryValue>
                    </bons0:CovCategory>
                  </bons0:CovCategories>
                </bons0:LimitDeductible>
              </bons0:LimitDeductibles>
            </bons0:PolicyCoverage>
            <bons0:CTETerms>
              <bons0:CTETerm bons0:CTETermType="">
                <bons0:ExpenseIncluded>Yes</bons0:ExpenseIncluded>
                <bons0:CurrencyCode>USD</bons0:CurrencyCode>
                <bons0:OccuranceLimit>
                  <bons0:CurrencyDesc>bons0:CurrencyDesc</bons0:CurrencyDesc>
                  <bons0:CurrencyCode>USD</bons0:CurrencyCode>
                  <bons0:CurrencyValue>0.0</bons0:CurrencyValue>
                </bons0:OccuranceLimit>
                <bons0:Deductible>0.0</bons0:Deductible>
              </bons0:CTETerm>
            </bons0:CTETerms>
          </bons0:PolicyCoverages>
          <bons0:PolicyAdditionalCoverages>
            <bons0:PolicyAddCoverage>
              <bons0:CoverageNm>bons0:CoverageNm</bons0:CoverageNm>
              <bons0:AddCoverageCategory>
                <bons0:CategoryNm>bons0:CategoryNm</bons0:CategoryNm>
                <bons0:OccuranceLimit>
                  <bons0:CurrencyDesc>bons0:CurrencyDesc</bons0:CurrencyDesc>
                  <bons0:CurrencyCode>USD</bons0:CurrencyCode>
                  <bons0:CurrencyValue>0.0</bons0:CurrencyValue>
                </bons0:OccuranceLimit>
                <bons0:AggregateLimit>
                  <bons0:CurrencyDesc>bons0:CurrencyDesc</bons0:CurrencyDesc>
                  <bons0:CurrencyCode>USD</bons0:CurrencyCode>
                  <bons0:CurrencyValue>0.0</bons0:CurrencyValue>
                </bons0:AggregateLimit>
                <bons0:Deductible>0.0</bons0:Deductible>
                <bons0:CurrencyCode>USD</bons0:CurrencyCode>
              </bons0:AddCoverageCategory>
              <bons0:PerilCode>bons0:PerilCode</bons0:PerilCode>
              <bons0:PerilNm>bons0:PerilNm</bons0:PerilNm>
            </bons0:PolicyAddCoverage>
          </bons0:PolicyAdditionalCoverages>
        </bons0:PolicyOptionDetail>
        <bons0:ProcessingInstructions>
          <bons0:ProcessingInstruction>
            <bons0:DocumentNm>bons0:DocumentNm</bons0:DocumentNm>
            <bons0:DocumentType>bons0:DocumentType</bons0:DocumentType>
            <bons0:DocumentReference>http://tempuri.org</bons0:DocumentReference>
          </bons0:ProcessingInstruction>
        </bons0:ProcessingInstructions>
      </CreatePolicyOptionRqMsg>
    </correlation>
    <transient>
      <modErrorCode>modErrorCode</modErrorCode>
      <ch:RequestHeader>
        <ch:ServiceRequestContext>
          <ServiceInvocationOriginator>ServiceInvocationOriginator</ServiceInvocationOriginator>
          <ServiceInvoker>ServiceInvoker</ServiceInvoker>
          <ServiceProvider>ServiceProvider</ServiceProvider>
          <ClientId>ClientId</ClientId>
          <UserID>UserID</UserID>
          <RequestMessageId>RequestMessageId</RequestMessageId>
          <RequestTimestamp>2001-12-31T12:00:00</RequestTimestamp>
          <InteractionProtocol>SynchronousRequestAndResponse</InteractionProtocol>
          <CallbackURI>CallbackURI</CallbackURI>
          <ServiceInvocationChainEnabled>true</ServiceInvocationChainEnabled>
        </ch:ServiceRequestContext>
      </ch:RequestHeader>
      <RequestDateTime>2001-12-31T12:00:00</RequestDateTime>
      <mdmCrossRefInfo>
        <ges:mdmContId>ges:mdmContId</ges:mdmContId>
        <ges:mdmContCmpntId>ges:mdmContCmpntId</ges:mdmContCmpntId>
        <ges:mdmHoldgId>ges:mdmHoldgId</ges:mdmHoldgId>
        <ges:mdmAddrId>ges:mdmAddrId</ges:mdmAddrId>
        <ges:sovLocId>ges:sovLocId</ges:sovLocId>
        <ges:graspReviewed>N</ges:graspReviewed>
      </mdmCrossRefInfo>
      <LocationEnterpriseKeys>
        <bons0:GESLocationPhysicalObjectID>bons0:GESLocationPhysicalObjectID</bons0:GESLocationPhysicalObjectID>
        <bons0:MDMLocationHoldingID>bons0:MDMLocationHoldingID</bons0:MDMLocationHoldingID>
        <bons0:SourceLocationId>bons0:SourceLocationId</bons0:SourceLocationId>
      </LocationEnterpriseKeys>
    </transient>
    <failInfo tns:lang="">
      <failureString>failureString</failureString>
      <origin>origin</origin>
      <invocationPath>
        <primitive inTerminal="" name="" outTerminal=""/>
      </invocationPath>
      <predecessor tns:lang=""/>
    </failInfo>
    <primitiveContext>
      <EndpointLookupContext>
        <endpointReference>
          <wsa:Address>http://tempuri.org</wsa:Address>
          <wsa:ReferenceProperties/>
          <wsa:ReferenceParameters/>
          <wsa:PortType>QName</wsa:PortType>
          <wsa:ServiceName PortName="NCName">QName</wsa:ServiceName>
        </endpointReference>
        <registryAnnotations>
          <property>
            <name>name</name>
            <value>value</value>
          </property>
          <classification>http://tempuri.org</classification>
          <relationship>
            <relationshipName>relationshipName</relationshipName>
            <targetName>targetName</targetName>
            <targetNamespace>http://tempuri.org</targetNamespace>
            <targetVersion>targetVersion</targetVersion>
          </relationship>
        </registryAnnotations>
      </EndpointLookupContext>
      <FanOutContext>
        <iteration>0</iteration>
        <occurrence xsi:type="anyType"/>
      </FanOutContext>
      <WTXContext>
        <mapServerLocation>http://tempuri.org</mapServerLocation>
        <dynamicMap>0F00</dynamicMap>
        <mapInstances>
          <mapInstance>0</mapInstance>
          <auditInfo>auditInfo</auditInfo>
        </mapInstances>
      </WTXContext>
    </primitiveContext>
    <shared xsi:type="anyType"/>
    <dynamicProperty isPropagated="true">
      <propertySets>
        <group>group</group>
        <properties>
          <name>name</name>
          <value>value</value>
          <type>type</type>
        </properties>
      </propertySets>
    </dynamicProperty>
    <userContext>
      <entries>
        <name>name</name>
        <value xsi:type="anyType"/>
        <type>type</type>
      </entries>
    </userContext>
  </context>
  <headers>
    <SMOHeader>
      <MessageUUID>MessageUUID</MessageUUID>
      <Version>
        <Version>0</Version>
        <Release>0</Release>
        <Modification>0</Modification>
      </Version>
      <MessageType>MessageType</MessageType>
      <Operation>Operation</Operation>
      <Action>Action</Action>
      <Target bindingType="NotSet" import="" repositoryMetadata="">
        <address>http://tempuri.org</address>
      </Target>
      <AlternateTarget bindingType="NotSet" import="" repositoryMetadata="">
        <address>http://tempuri.org</address>
      </AlternateTarget>
      <SourceNode>SourceNode</SourceNode>
      <SourceBindingType>NotSet</SourceBindingType>
      <Interface>Interface</Interface>
    </SMOHeader>
    <JMSHeader>
      <JMSDestination>http://tempuri.org</JMSDestination>
      <JMSDeliveryMode>NonPersistent</JMSDeliveryMode>
      <JMSMessageID>JMSMessageID</JMSMessageID>
      <JMSTimestamp>0</JMSTimestamp>
      <JMSCorrelationID>JMSCorrelationID</JMSCorrelationID>
      <JMSReplyTo>http://tempuri.org</JMSReplyTo>
      <JMSRedelivered>true</JMSRedelivered>
      <JMSType>JMSType</JMSType>
      <JMSExpiration>0</JMSExpiration>
      <JMSPriority>0</JMSPriority>
    </JMSHeader>
    <SOAPHeader>
      <nameSpace>http://tempuri.org</nameSpace>
      <name>NCName</name>
      <prefix>NCName</prefix>
      <value xsi:type="anyType"/>
    </SOAPHeader>
    <SOAPFaultInfo>
      <faultcode>QName</faultcode>
      <faultstring>faultstring</faultstring>
      <faultactor>http://tempuri.org</faultactor>
      <extendedFaultInfo>
        <Code>
          <tns3:Value>{http://www.w3.org/2003/05/soap-envelope}DataEncodingUnknown</tns3:Value>
          <tns3:Subcode>
            <tns3:Value>QName</tns3:Value>
            <tns3:Subcode/>
          </tns3:Subcode>
        </Code>
        <Reason>
          <tns3:Text tns3:lang="">tns3:Text</tns3:Text>
        </Reason>
        <Node>http://tempuri.org</Node>
        <Role>http://tempuri.org</Role>
      </extendedFaultInfo>
    </SOAPFaultInfo>
    <properties>
      <name>name</name>
      <value>value</value>
      <type>type</type>
    </properties>
    <MQHeader>
      <md>
        <Report>0</Report>
        <MsgType>0</MsgType>
        <Expiry>0</Expiry>
        <Feedback>0</Feedback>
        <Priority>0</Priority>
        <Persistence>0</Persistence>
        <MsgId>0F00</MsgId>
        <CorrelId>0F00</CorrelId>
        <BackoutCount>0</BackoutCount>
        <ReplyToQ>ReplyToQ</ReplyToQ>
        <ReplyToQMgr>ReplyToQMgr</ReplyToQMgr>
        <UserIdentifier>UserIdentifier</UserIdentifier>
        <AccountingToken>0F00</AccountingToken>
        <ApplIdentityData>ApplIdentityData</ApplIdentityData>
        <PutApplType>0</PutApplType>
        <PutApplName>PutApplName</PutApplName>
        <PutDate>PutDate</PutDate>
        <PutTime>PutTime</PutTime>
        <ApplOriginData>ApplOriginData</ApplOriginData>
        <GroupId>0F00</GroupId>
        <MsgSeqNumber>0</MsgSeqNumber>
        <Offset>0</Offset>
        <MsgFlags>0</MsgFlags>
        <OriginalLength>0</OriginalLength>
      </md>
      <control xsi:type="mq:MQControl">
        <Encoding>0</Encoding>
        <CodedCharSetId>0</CodedCharSetId>
        <Format>Format</Format>
      </control>
      <header>
        <Encoding>0</Encoding>
        <CodedCharSetId>0</CodedCharSetId>
        <Format>Format</Format>
        <value xsi:type="anyType"/>
      </header>
    </MQHeader>
    <HTTPHeader>
      <control>
        <httpsca:URL>http://tempuri.org</httpsca:URL>
        <httpsca:Version>1.0</httpsca:Version>
        <httpsca:Method>httpsca:Method</httpsca:Method>
        <httpsca:DynamicOverrideURL>http://tempuri.org</httpsca:DynamicOverrideURL>
        <httpsca:DynamicOverrideVersion>1.0</httpsca:DynamicOverrideVersion>
        <httpsca:DynamicOverrideMethod>httpsca:DynamicOverrideMethod</httpsca:DynamicOverrideMethod>
        <httpsca:MediaType>httpsca:MediaType</httpsca:MediaType>
        <httpsca:Charset>httpsca:Charset</httpsca:Charset>
        <httpsca:TransferEncoding>httpsca:TransferEncoding</httpsca:TransferEncoding>
        <httpsca:ContentEncoding>httpsca:ContentEncoding</httpsca:ContentEncoding>
        <httpsca:StatusCode>0</httpsca:StatusCode>
        <httpsca:ReasonPhrase>httpsca:ReasonPhrase</httpsca:ReasonPhrase>
        <httpsca:ContentLength>0</httpsca:ContentLength>
        <httpsca:ExportContextPath>httpsca:ExportContextPath</httpsca:ExportContextPath>
        <httpsca:Authentication>
          <httpsca:credentials>
            <httpsca:userId>httpsca:userId</httpsca:userId>
            <httpsca:password>httpsca:password</httpsca:password>
          </httpsca:credentials>
          <httpsca:authenticationType>Basic</httpsca:authenticationType>
        </httpsca:Authentication>
        <httpsca:SSLSettings>
          <httpsca:SSLVersion>SSL</httpsca:SSLVersion>
          <httpsca:SSLDebug>false</httpsca:SSLDebug>
          <httpsca:KeyStoreType>JKS</httpsca:KeyStoreType>
          <httpsca:TrustStoreType>JKS</httpsca:TrustStoreType>
          <httpsca:KeyStore>httpsca:KeyStore</httpsca:KeyStore>
          <httpsca:KeyStoreAlias>httpsca:KeyStoreAlias</httpsca:KeyStoreAlias>
          <httpsca:KeyStorePassword>httpsca:KeyStorePassword</httpsca:KeyStorePassword>
          <httpsca:TrustStore>httpsca:TrustStore</httpsca:TrustStore>
          <httpsca:TrustStorePassword>httpsca:TrustStorePassword</httpsca:TrustStorePassword>
          <httpsca:UseClientAuth>false</httpsca:UseClientAuth>
        </httpsca:SSLSettings>
        <httpsca:ProxySettings>
          <httpsca:proxyHost>httpsca:proxyHost</httpsca:proxyHost>
          <httpsca:proxyPort>0</httpsca:proxyPort>
          <httpsca:proxyType>http</httpsca:proxyType>
          <httpsca:proxyCredentials>
            <httpsca:userId>httpsca:userId</httpsca:userId>
            <httpsca:password>httpsca:password</httpsca:password>
          </httpsca:proxyCredentials>
          <httpsca:nonProxyHost>httpsca:nonProxyHost</httpsca:nonProxyHost>
        </httpsca:ProxySettings>
      </control>
      <header>
        <httpsca:name>httpsca:name</httpsca:name>
        <httpsca:value>httpsca:value</httpsca:value>
      </header>
    </HTTPHeader>
    <EISHeader>
      <EISInteractionSpec xsi:type="anyType"/>
      <EISConnectionSpec xsi:type="anyType"/>
    </EISHeader>
    <WSAHeader version="http://www.w3.org/2005/08/addressing">
      <tns2:To>http://tempuri.org</tns2:To>
      <ReferenceParameters/>
      <tns2:From>
        <tns2:Address>http://tempuri.org</tns2:Address>
        <tns2:ReferenceParameters/>
        <tns2:Metadata/>
      </tns2:From>
      <tns2:ReplyTo>
        <tns2:Address>http://tempuri.org</tns2:Address>
        <tns2:ReferenceParameters/>
        <tns2:Metadata/>
      </tns2:ReplyTo>
      <tns2:FaultTo>
        <tns2:Address>http://tempuri.org</tns2:Address>
        <tns2:ReferenceParameters/>
        <tns2:Metadata/>
      </tns2:FaultTo>
      <tns2:Action>http://tempuri.org</tns2:Action>
      <tns2:MessageID>http://tempuri.org</tns2:MessageID>
      <tns2:RelatesTo RelationshipType="http://www.w3.org/2005/08/addressing/reply">http://tempuri.org</tns2:RelatesTo>
    </WSAHeader>
  </headers>
  <body>
    <tns1:executeGexpusrtUsp_C46_Create_Policy_Option_StagingResponse>
      <tns1:executeGexpusrtUsp_C46_Create_Policy_Option_StagingOutput>
        <ppol_optn_xml>ppol_optn_xml</ppol_optn_xml>
        <perror_cd>0</perror_cd>
        <perror_msg>perror_msg</perror_msg>
        <ppol_optn_id>ppol_optn_id</ppol_optn_id>
        <pcrncy_id>pcrncy_id</pcrncy_id>
      </tns1:executeGexpusrtUsp_C46_Create_Policy_Option_StagingOutput>
    </tns1:executeGexpusrtUsp_C46_Create_Policy_Option_StagingResponse>
  </body>
  <attachments>
    <contentID>http://tempuri.org</contentID>
    <contentType>token</contentType>
    <data>0</data>
  </attachments>
</tns:smo>
