<?xml version="1.0" encoding="UTF-8"?><io2:smo xmlns:io2="http://www.ibm.com/websphere/sibx/smo/v6.0.1" xmlns:io12="http://www.w3.org/2005/08/addressing" xmlns:xsd="http://www.w3.org/2001/XMLSchema" xmlns:out2="wsdl.urn:PegaRULES:SOAP:PolicyOptionService:StartLayerOption" xmlns:io11="http://aig.us.com/ges/ext/PolicyServiceV1" xmlns:io10="http://GES_BP_LocationExposureService/bo" xmlns:io8="http://www.ibm.com/xmlns/prod/websphere/http/sca/6.1.0" xmlns:io9="http://aig.us.com/ges" xmlns:io7="http://schemas.xmlsoap.org/ws/2004/08/addressing" xmlns:io6="http://www.ibm.com/xmlns/prod/websphere/mq/sca/6.0.0" xmlns:io5="http://aig.com/CommonHeaderV12" xmlns:io4="http://COM_GES_MF_LocationExposureService/bo" xmlns:io3="http://aig.us.com/ges/common/v3" xmlns:xsi="http://www.w3.org/2001/XMLSchema-instance" xmlns:out="urn:PegaRULES:SOAP:PolicyOptionService:StartLayerOption" xmlns:io="http://www.w3.org/2003/05/soap-envelope" xmlns:in4="http://www.ibm.com/xmlns/prod/websphere/j2ca/jdbc/gexpusrtusp_c02_set_identifier" xmlns:in2="http://GES_BP_LocationExposureService/CreatePolicyOptionDB_EISImp" xmlns:in="wsdl.http://GES_BP_LocationExposureService/CreatePolicyOptionDB_EISImp" xmlns:in3="http://www.ibm.com/xmlns/prod/websphere/j2ca/jdbc/gexpusrtusp_c46_create_policy_option_staging">
  <context>
    <correlation>
      <requestHeader>
        <io5:ServiceRequestContext>
          <ServiceInvocationOriginator>ServiceInvocationOriginator</ServiceInvocationOriginator>
          <ServiceInvoker>ServiceInvoker</ServiceInvoker>
          <ServiceProvider>ServiceProvider</ServiceProvider>
          <ClientId>ClientId</ClientId>
          <UserID>UserID</UserID>
          <RequestMessageId>RequestMessageId</RequestMessageId>
          <RequestTimestamp>2001-12-31T12:00:00</RequestTimestamp>
          <InteractionProtocol>SynchronousRequestAndResponse</InteractionProtocol>
          <CallbackURI>CallbackURI</CallbackURI>
          <ServiceInvocationChainEnabled>true</ServiceInvocationChainEnabled>
        </io5:ServiceRequestContext>
      </requestHeader>
      <CreatePolicyOptionRqMsg>
        <io3:SourceSystemCd>
          <io3:SourceSystemCode>GPW</io3:SourceSystemCode>
          <io3:SourceSystemkey>bons0:SourceSystemkey</io3:SourceSystemkey>
          <io3:RqId>bons0:RqId</io3:RqId>
        </io3:SourceSystemCd>
        <io3:PolicyOptionDetail>
          <io3:PolicyOptionId>bons0:PolicyOptionId</io3:PolicyOptionId>
          <io3:GesPolicyOptionId>bons0:GesPolicyOptionId</io3:GesPolicyOptionId>
          <io3:PolicyId>bons0:PolicyId</io3:PolicyId>
          <io3:GesPolicyId>bons0:GesPolicyId</io3:GesPolicyId>
          <io3:PolicyPackId>bons0:PolicyPackId</io3:PolicyPackId>
          <io3:GesPolicyPackId>bons0:GesPolicyPackId</io3:GesPolicyPackId>
          <io3:ProcessingStartDt>2001-01-01</io3:ProcessingStartDt>
          <io3:ProcessingTargetDt>2001-01-01</io3:ProcessingTargetDt>
          <io3:Complexity>bons0:Complexity</io3:Complexity>
          <io3:PolicyOptionDesc>bons0:PolicyOptionDesc</io3:PolicyOptionDesc>
          <io3:CurrencyCode>USD</io3:CurrencyCode>
          <io3:NoOfLocations>0</io3:NoOfLocations>
          <io3:UnderWriter>
            <io3:UWNm>bons0:UWNm</io3:UWNm>
            <io3:UWId>bons0:UWId</io3:UWId>
            <io3:UWEmpId>bons0:UWEmpId</io3:UWEmpId>
            <io3:UWCountry>
              <io3:Code>bons0:Code</io3:Code>
              <io3:Value>bons0:Value</io3:Value>
            </io3:UWCountry>
            <io3:UWRegion>
              <io3:Code>bons0:Code</io3:Code>
              <io3:Value>bons0:Value</io3:Value>
            </io3:UWRegion>
            <io3:UWBranch>
              <io3:Code>bons0:Code</io3:Code>
              <io3:Value>bons0:Value</io3:Value>
            </io3:UWBranch>
            <io3:UWMaxLayerPercent>0.0</io3:UWMaxLayerPercent>
            <io3:UWCapacity>
              <io3:CurrencyDesc>bons0:CurrencyDesc</io3:CurrencyDesc>
              <io3:CurrencyCode>USD</io3:CurrencyCode>
              <io3:CurrencyValue>0.0</io3:CurrencyValue>
            </io3:UWCapacity>
            <io3:UWRegionCode>bons0:UWRegionCode</io3:UWRegionCode>
            <io3:UWCountryCodeIso3>
              <io3:Code>bons0:Code</io3:Code>
              <io3:Value>bons0:Value</io3:Value>
            </io3:UWCountryCodeIso3>
            <io3:UWBranchCode>bons0:UWBranchCode</io3:UWBranchCode>
          </io3:UnderWriter>
          <io3:SpecialInstructions>bons0:SpecialInstructions</io3:SpecialInstructions>
          <io3:LinkedSOVS>
            <io3:LinkedSOV>
              <io3:SovPackNm>bons0:SovPackNm</io3:SovPackNm>
              <io3:SovVersion>bons0:SovVersion</io3:SovVersion>
              <io3:SovDesc>bons0:SovDesc</io3:SovDesc>
              <io3:AttachedBy>bons0:AttachedBy</io3:AttachedBy>
            </io3:LinkedSOV>
          </io3:LinkedSOVS>
          <io3:OverallSubLimit>
            <io3:CurrencyCode>USD</io3:CurrencyCode>
            <io3:LimitType>bons0:LimitType</io3:LimitType>
            <io3:SubLimit>0.0</io3:SubLimit>
            <io3:DeductibleTyp>bons0:DeductibleTyp</io3:DeductibleTyp>
            <io3:Deductible>0.0</io3:Deductible>
            <io3:MinimumDeductible>0.0</io3:MinimumDeductible>
            <io3:MaximumDeductible>0.0</io3:MaximumDeductible>
            <io3:SpecialInstructions>bons0:SpecialInstructions</io3:SpecialInstructions>
          </io3:OverallSubLimit>
          <io3:SubLimits>
            <io3:PerilSubLimitInfo>
              <io3:PerilNm>bons0:PerilNm</io3:PerilNm>
              <io3:PerilCode>bons0:PerilCode</io3:PerilCode>
              <io3:Excluded>true</io3:Excluded>
              <io3:CurrencyCode>USD</io3:CurrencyCode>
              <io3:LimitType>bons0:LimitType</io3:LimitType>
              <io3:SubLimit>0.0</io3:SubLimit>
              <io3:DeductibleTyp>bons0:DeductibleTyp</io3:DeductibleTyp>
              <io3:Deductible>0.0</io3:Deductible>
              <io3:MinimumDeductible>0.0</io3:MinimumDeductible>
              <io3:MaximumDeductible>0.0</io3:MaximumDeductible>
              <io3:TIV>0.0</io3:TIV>
              <io3:NoOfLocations>0</io3:NoOfLocations>
              <io3:PerilZoneSubLimits>
                <io3:PerilZoneSubLimit>
                  <io3:ZoneNm>bons0:ZoneNm</io3:ZoneNm>
                  <io3:ZoneCd>
                    <io3:Code>bons0:Code</io3:Code>
                    <io3:Value>bons0:Value</io3:Value>
                  </io3:ZoneCd>
                  <io3:Excluded>true</io3:Excluded>
                  <io3:CurrencyCode>USD</io3:CurrencyCode>
                  <io3:LimitType>bons0:LimitType</io3:LimitType>
                  <io3:SubLimit>0.0</io3:SubLimit>
                  <io3:DeductibleTyp>bons0:DeductibleTyp</io3:DeductibleTyp>
                  <io3:Deductible>0.0</io3:Deductible>
                  <io3:MinimumDeductible>0.0</io3:MinimumDeductible>
                  <io3:MaximumDeductible>0.0</io3:MaximumDeductible>
                  <io3:TIV>0.0</io3:TIV>
                  <io3:NoOfLocations>0</io3:NoOfLocations>
                </io3:PerilZoneSubLimit>
              </io3:PerilZoneSubLimits>
              <io3:SpecialInstructions>bons0:SpecialInstructions</io3:SpecialInstructions>
            </io3:PerilSubLimitInfo>
          </io3:SubLimits>
          <io3:CTECoverage>
            <io3:CoverageNm>bons0:CoverageNm</io3:CoverageNm>
            <io3:CTELimitDeductibles>
              <io3:CTELimitDeductible>
                <io3:LimitDeductibleNm>bons0:LimitDeductibleNm</io3:LimitDeductibleNm>
                <io3:CTECoverageCategories>
                  <io3:CTECoverageCategory>
                    <io3:CategoryNm>bons0:CategoryNm</io3:CategoryNm>
                    <io3:CategoryValue>bons0:CategoryValue</io3:CategoryValue>
                    <io3:CurrencyCode>USD</io3:CurrencyCode>
                    <io3:ExpenseIncluded>Yes</io3:ExpenseIncluded>
                  </io3:CTECoverageCategory>
                </io3:CTECoverageCategories>
              </io3:CTELimitDeductible>
            </io3:CTELimitDeductibles>
          </io3:CTECoverage>
          <io3:OverallSiteTerm>
            <io3:CurrencyCode>USD</io3:CurrencyCode>
            <io3:LimitType>bons0:LimitType</io3:LimitType>
            <io3:SiteLimit>0.0</io3:SiteLimit>
            <io3:DeductibleTyp>bons0:DeductibleTyp</io3:DeductibleTyp>
            <io3:SiteDeductible>0.0</io3:SiteDeductible>
            <io3:SiteCoinsurance>0.0</io3:SiteCoinsurance>
            <io3:SiteTermCoverages>
              <io3:SiteTermCoverage>
                <io3:CoverageNm>bons0:CoverageNm</io3:CoverageNm>
                <io3:PerilCode>bons0:PerilCode</io3:PerilCode>
                <io3:CurrencyCode>USD</io3:CurrencyCode>
                <io3:LimitDeductibles>
                  <io3:LimitDeductible>
                    <io3:LimitDeductibleNm>bons0:LimitDeductibleNm</io3:LimitDeductibleNm>
                    <io3:CovCategories>
                      <io3:CovCategory>
                        <io3:CategoryNm>bons0:CategoryNm</io3:CategoryNm>
                        <io3:CategoryValue>bons0:CategoryValue</io3:CategoryValue>
                      </io3:CovCategory>
                    </io3:CovCategories>
                  </io3:LimitDeductible>
                </io3:LimitDeductibles>
              </io3:SiteTermCoverage>
            </io3:SiteTermCoverages>
            <io3:SpecialInstructions>bons0:SpecialInstructions</io3:SpecialInstructions>
          </io3:OverallSiteTerm>
          <io3:SiteTerms>
            <io3:PerilSiteTermInfo>
              <io3:PerilNm>bons0:PerilNm</io3:PerilNm>
              <io3:PerilCode>bons0:PerilCode</io3:PerilCode>
              <io3:CurrencyCode>USD</io3:CurrencyCode>
              <io3:LimitType>bons0:LimitType</io3:LimitType>
              <io3:SiteLimit>0.0</io3:SiteLimit>
              <io3:DeductibleTyp>bons0:DeductibleTyp</io3:DeductibleTyp>
              <io3:SiteDeductible>0.0</io3:SiteDeductible>
              <io3:SiteCoinsurance>0.0</io3:SiteCoinsurance>
              <io3:TIV>0.0</io3:TIV>
              <io3:NoOfLocations>0</io3:NoOfLocations>
              <io3:PerilCoverages>
                <io3:PerilCoverage>
                  <io3:CoverageNm>bons0:CoverageNm</io3:CoverageNm>
                  <io3:PerilCode>bons0:PerilCode</io3:PerilCode>
                  <io3:CurrencyCode>USD</io3:CurrencyCode>
                  <io3:LimitDeductibles>
                    <io3:LimitDeductible>
                      <io3:LimitDeductibleNm>bons0:LimitDeductibleNm</io3:LimitDeductibleNm>
                      <io3:CovCategories>
                        <io3:CovCategory>
                          <io3:CategoryNm>bons0:CategoryNm</io3:CategoryNm>
                          <io3:CategoryValue>bons0:CategoryValue</io3:CategoryValue>
                        </io3:CovCategory>
                      </io3:CovCategories>
                    </io3:LimitDeductible>
                  </io3:LimitDeductibles>
                </io3:PerilCoverage>
              </io3:PerilCoverages>
              <io3:AdditionalCoverages>
                <io3:AdditionalCoverage>
                  <io3:CoverageNm>bons0:CoverageNm</io3:CoverageNm>
                  <io3:AddCoverageCategory>
                    <io3:CategoryNm>bons0:CategoryNm</io3:CategoryNm>
                    <io3:OccuranceLimit>
                      <io3:CurrencyDesc>bons0:CurrencyDesc</io3:CurrencyDesc>
                      <io3:CurrencyCode>USD</io3:CurrencyCode>
                      <io3:CurrencyValue>0.0</io3:CurrencyValue>
                    </io3:OccuranceLimit>
                    <io3:AggregateLimit>
                      <io3:CurrencyDesc>bons0:CurrencyDesc</io3:CurrencyDesc>
                      <io3:CurrencyCode>USD</io3:CurrencyCode>
                      <io3:CurrencyValue>0.0</io3:CurrencyValue>
                    </io3:AggregateLimit>
                    <io3:Deductible>0.0</io3:Deductible>
                    <io3:CurrencyCode>USD</io3:CurrencyCode>
                  </io3:AddCoverageCategory>
                </io3:AdditionalCoverage>
              </io3:AdditionalCoverages>
              <io3:PerilZoneSiteTerms>
                <io3:PerilZoneSiteTerm>
                  <io3:ZoneNm>bons0:ZoneNm</io3:ZoneNm>
                  <io3:ZoneCd>
                    <io3:Code>bons0:Code</io3:Code>
                    <io3:Value>bons0:Value</io3:Value>
                  </io3:ZoneCd>
                  <io3:Excluded>true</io3:Excluded>
                  <io3:CurrencyCode>USD</io3:CurrencyCode>
                  <io3:LimitType>bons0:LimitType</io3:LimitType>
                  <io3:SiteLimit>0.0</io3:SiteLimit>
                  <io3:DeductibleTyp>bons0:DeductibleTyp</io3:DeductibleTyp>
                  <io3:SiteDeductible>0.0</io3:SiteDeductible>
                  <io3:SiteCoinsurance>0.0</io3:SiteCoinsurance>
                  <io3:TIV>0.0</io3:TIV>
                  <io3:NoOfLocations>0</io3:NoOfLocations>
                  <io3:PerilCoverages>
                    <io3:PerilCoverage>
                      <io3:CoverageNm>bons0:CoverageNm</io3:CoverageNm>
                      <io3:PerilCode>bons0:PerilCode</io3:PerilCode>
                      <io3:CurrencyCode>USD</io3:CurrencyCode>
                      <io3:LimitDeductibles>
                        <io3:LimitDeductible>
                          <io3:LimitDeductibleNm>bons0:LimitDeductibleNm</io3:LimitDeductibleNm>
                          <io3:CovCategories>
                            <io3:CovCategory>
                              <io3:CategoryNm>bons0:CategoryNm</io3:CategoryNm>
                              <io3:CategoryValue>bons0:CategoryValue</io3:CategoryValue>
                            </io3:CovCategory>
                          </io3:CovCategories>
                        </io3:LimitDeductible>
                      </io3:LimitDeductibles>
                    </io3:PerilCoverage>
                  </io3:PerilCoverages>
                  <io3:AdditionalCoverages>
                    <io3:AdditionalCoverage>
                      <io3:CoverageNm>bons0:CoverageNm</io3:CoverageNm>
                      <io3:AddCoverageCategory>
                        <io3:CategoryNm>bons0:CategoryNm</io3:CategoryNm>
                        <io3:OccuranceLimit>
                          <io3:CurrencyDesc>bons0:CurrencyDesc</io3:CurrencyDesc>
                          <io3:CurrencyCode>USD</io3:CurrencyCode>
                          <io3:CurrencyValue>0.0</io3:CurrencyValue>
                        </io3:OccuranceLimit>
                        <io3:AggregateLimit>
                          <io3:CurrencyDesc>bons0:CurrencyDesc</io3:CurrencyDesc>
                          <io3:CurrencyCode>USD</io3:CurrencyCode>
                          <io3:CurrencyValue>0.0</io3:CurrencyValue>
                        </io3:AggregateLimit>
                        <io3:Deductible>0.0</io3:Deductible>
                        <io3:CurrencyCode>USD</io3:CurrencyCode>
                      </io3:AddCoverageCategory>
                    </io3:AdditionalCoverage>
                  </io3:AdditionalCoverages>
                </io3:PerilZoneSiteTerm>
              </io3:PerilZoneSiteTerms>
              <io3:SpecialInstructions>bons0:SpecialInstructions</io3:SpecialInstructions>
            </io3:PerilSiteTermInfo>
          </io3:SiteTerms>
          <io3:PolicyStructure>
            <io3:EffectiveDt>2001-01-01</io3:EffectiveDt>
            <io3:ExpirationDt>2001-01-01</io3:ExpirationDt>
            <io3:CurrencyCode>USD</io3:CurrencyCode>
            <io3:DeductibleTyp>bons0:DeductibleTyp</io3:DeductibleTyp>
            <io3:Deductible>0.0</io3:Deductible>
            <io3:MinimumDeductible>0.0</io3:MinimumDeductible>
            <io3:MaximumDeductible>0.0</io3:MaximumDeductible>
            <io3:PolicyLevel>
              <io3:CurrencyCode>USD</io3:CurrencyCode>
              <io3:PolicyLevelLayers>
                <io3:PolicyLevelLayer>
                  <io3:Id>bons0:Id</io3:Id>
                  <io3:LayerNm>bons0:LayerNm</io3:LayerNm>
                  <io3:CurrencyCode>USD</io3:CurrencyCode>
                  <io3:LimitType>bons0:LimitType</io3:LimitType>
                  <io3:AIGParticipation>0.0</io3:AIGParticipation>
                  <io3:Limit>0.0</io3:Limit>
                  <io3:PartOf>0.0</io3:PartOf>
                  <io3:AttachmentPoint>0.0</io3:AttachmentPoint>
                  <io3:PolicyNo>bons0:PolicyNo</io3:PolicyNo>
                  <io3:TermPremium>0.0</io3:TermPremium>
                  <io3:CatPremium>0.0</io3:CatPremium>
                  <io3:PolicyLevelReinsuranceLayers>
                    <io3:PolicyLevelResinsuranceLayer>
                      <io3:Id>bons0:Id</io3:Id>
                      <io3:LayerNm>bons0:LayerNm</io3:LayerNm>
                      <io3:CurrencyCode>USD</io3:CurrencyCode>
                      <io3:Priority>bons0:Priority</io3:Priority>
                      <io3:ReinsuranceType>bons0:ReinsuranceType</io3:ReinsuranceType>
                      <io3:FACProvider>bons0:FACProvider</io3:FACProvider>
                      <io3:FACCertificateNo>bons0:FACCertificateNo</io3:FACCertificateNo>
                      <io3:TreatyNm>bons0:TreatyNm</io3:TreatyNm>
                      <io3:LayerAmount>0.0</io3:LayerAmount>
                      <io3:AttachmentPoint>0.0</io3:AttachmentPoint>
                      <io3:CessionPercentage>0.0</io3:CessionPercentage>
                      <io3:CedingCommision>0.0</io3:CedingCommision>
                      <io3:SpecialInstructions>bons0:SpecialInstructions</io3:SpecialInstructions>
                      <io3:ReinsuranceLayerCoverages>
                        <io3:ReinsuranceLayerCoverage>
                          <io3:Id>bons0:Id</io3:Id>
                          <io3:LayerNm>bons0:LayerNm</io3:LayerNm>
                          <io3:CurrencyCode>USD</io3:CurrencyCode>
                          <io3:Priority>bons0:Priority</io3:Priority>
                          <io3:ReinsuranceType>bons0:ReinsuranceType</io3:ReinsuranceType>
                          <io3:FACProvider>bons0:FACProvider</io3:FACProvider>
                          <io3:FACCertificateNo>bons0:FACCertificateNo</io3:FACCertificateNo>
                          <io3:TreatyNm>bons0:TreatyNm</io3:TreatyNm>
                          <io3:LayerAmount>0.0</io3:LayerAmount>
                          <io3:AttachmentPoint>0.0</io3:AttachmentPoint>
                          <io3:CessionPercentage>0.0</io3:CessionPercentage>
                          <io3:CedingCommision>0.0</io3:CedingCommision>
                          <io3:SpecialInstructions>bons0:SpecialInstructions</io3:SpecialInstructions>
                          <io3:CoverageNm>bons0:CoverageNm</io3:CoverageNm>
                        </io3:ReinsuranceLayerCoverage>
                      </io3:ReinsuranceLayerCoverages>
                    </io3:PolicyLevelResinsuranceLayer>
                  </io3:PolicyLevelReinsuranceLayers>
                  <io3:PerilLevelReinsuranceLayers>
                    <io3:PerilLevelResinsuranceLayer>
                      <io3:Id>bons0:Id</io3:Id>
                      <io3:LayerNm>bons0:LayerNm</io3:LayerNm>
                      <io3:CurrencyCode>USD</io3:CurrencyCode>
                      <io3:Priority>bons0:Priority</io3:Priority>
                      <io3:ReinsuranceType>bons0:ReinsuranceType</io3:ReinsuranceType>
                      <io3:FACProvider>bons0:FACProvider</io3:FACProvider>
                      <io3:FACCertificateNo>bons0:FACCertificateNo</io3:FACCertificateNo>
                      <io3:TreatyNm>bons0:TreatyNm</io3:TreatyNm>
                      <io3:LayerAmount>0.0</io3:LayerAmount>
                      <io3:AttachmentPoint>0.0</io3:AttachmentPoint>
                      <io3:CessionPercentage>0.0</io3:CessionPercentage>
                      <io3:CedingCommision>0.0</io3:CedingCommision>
                      <io3:SpecialInstructions>bons0:SpecialInstructions</io3:SpecialInstructions>
                      <io3:PerilNm>bons0:PerilNm</io3:PerilNm>
                      <io3:PerilCode>bons0:PerilCode</io3:PerilCode>
                      <io3:ReinsuranceLayerCoverages>
                        <io3:ReinsuranceLayerCoverage>
                          <io3:Id>bons0:Id</io3:Id>
                          <io3:LayerNm>bons0:LayerNm</io3:LayerNm>
                          <io3:CurrencyCode>USD</io3:CurrencyCode>
                          <io3:Priority>bons0:Priority</io3:Priority>
                          <io3:ReinsuranceType>bons0:ReinsuranceType</io3:ReinsuranceType>
                          <io3:FACProvider>bons0:FACProvider</io3:FACProvider>
                          <io3:FACCertificateNo>bons0:FACCertificateNo</io3:FACCertificateNo>
                          <io3:TreatyNm>bons0:TreatyNm</io3:TreatyNm>
                          <io3:LayerAmount>0.0</io3:LayerAmount>
                          <io3:AttachmentPoint>0.0</io3:AttachmentPoint>
                          <io3:CessionPercentage>0.0</io3:CessionPercentage>
                          <io3:CedingCommision>0.0</io3:CedingCommision>
                          <io3:SpecialInstructions>bons0:SpecialInstructions</io3:SpecialInstructions>
                          <io3:CoverageNm>bons0:CoverageNm</io3:CoverageNm>
                        </io3:ReinsuranceLayerCoverage>
                      </io3:ReinsuranceLayerCoverages>
                    </io3:PerilLevelResinsuranceLayer>
                  </io3:PerilLevelReinsuranceLayers>
                  <io3:SpecialInstructions>bons0:SpecialInstructions</io3:SpecialInstructions>
                </io3:PolicyLevelLayer>
              </io3:PolicyLevelLayers>
            </io3:PolicyLevel>
            <io3:PerilLevel>
              <io3:PerilLevelLayers>
                <io3:PerilLevelLayer>
                  <io3:Id>bons0:Id</io3:Id>
                  <io3:LayerNm>bons0:LayerNm</io3:LayerNm>
                  <io3:CurrencyCode>USD</io3:CurrencyCode>
                  <io3:LimitType>bons0:LimitType</io3:LimitType>
                  <io3:AIGParticipation>0.0</io3:AIGParticipation>
                  <io3:Limit>0.0</io3:Limit>
                  <io3:PartOf>0.0</io3:PartOf>
                  <io3:AttachmentPoint>0.0</io3:AttachmentPoint>
                  <io3:PerilCode>bons0:PerilCode</io3:PerilCode>
                  <io3:SpecialInstructions>bons0:SpecialInstructions</io3:SpecialInstructions>
                </io3:PerilLevelLayer>
              </io3:PerilLevelLayers>
            </io3:PerilLevel>
          </io3:PolicyStructure>
          <io3:PolicyCoverages>
            <io3:PolicyCoverage>
              <io3:CoverageNm>bons0:CoverageNm</io3:CoverageNm>
              <io3:PerilCode>bons0:PerilCode</io3:PerilCode>
              <io3:CurrencyCode>USD</io3:CurrencyCode>
              <io3:LimitDeductibles>
                <io3:LimitDeductible>
                  <io3:LimitDeductibleNm>bons0:LimitDeductibleNm</io3:LimitDeductibleNm>
                  <io3:CovCategories>
                    <io3:CovCategory>
                      <io3:CategoryNm>bons0:CategoryNm</io3:CategoryNm>
                      <io3:CategoryValue>bons0:CategoryValue</io3:CategoryValue>
                    </io3:CovCategory>
                  </io3:CovCategories>
                </io3:LimitDeductible>
              </io3:LimitDeductibles>
            </io3:PolicyCoverage>
            <io3:CTETerms>
              <io3:CTETerm io3:CTETermType="">
                <io3:ExpenseIncluded>Yes</io3:ExpenseIncluded>
                <io3:CurrencyCode>USD</io3:CurrencyCode>
                <io3:OccuranceLimit>
                  <io3:CurrencyDesc>bons0:CurrencyDesc</io3:CurrencyDesc>
                  <io3:CurrencyCode>USD</io3:CurrencyCode>
                  <io3:CurrencyValue>0.0</io3:CurrencyValue>
                </io3:OccuranceLimit>
                <io3:Deductible>0.0</io3:Deductible>
              </io3:CTETerm>
            </io3:CTETerms>
          </io3:PolicyCoverages>
          <io3:PolicyAdditionalCoverages>
            <io3:PolicyAddCoverage>
              <io3:CoverageNm>bons0:CoverageNm</io3:CoverageNm>
              <io3:AddCoverageCategory>
                <io3:CategoryNm>bons0:CategoryNm</io3:CategoryNm>
                <io3:OccuranceLimit>
                  <io3:CurrencyDesc>bons0:CurrencyDesc</io3:CurrencyDesc>
                  <io3:CurrencyCode>USD</io3:CurrencyCode>
                  <io3:CurrencyValue>0.0</io3:CurrencyValue>
                </io3:OccuranceLimit>
                <io3:AggregateLimit>
                  <io3:CurrencyDesc>bons0:CurrencyDesc</io3:CurrencyDesc>
                  <io3:CurrencyCode>USD</io3:CurrencyCode>
                  <io3:CurrencyValue>0.0</io3:CurrencyValue>
                </io3:AggregateLimit>
                <io3:Deductible>0.0</io3:Deductible>
                <io3:CurrencyCode>USD</io3:CurrencyCode>
              </io3:AddCoverageCategory>
              <io3:PerilCode>bons0:PerilCode</io3:PerilCode>
              <io3:PerilNm>bons0:PerilNm</io3:PerilNm>
            </io3:PolicyAddCoverage>
          </io3:PolicyAdditionalCoverages>
        </io3:PolicyOptionDetail>
      </CreatePolicyOptionRqMsg>
    </correlation>
    <transient>
      <modErrorCode>modErrorCode</modErrorCode>
      <io5:RequestHeader>
        <io5:ServiceRequestContext>
          <ServiceInvocationOriginator>ServiceInvocationOriginator</ServiceInvocationOriginator>
          <ServiceInvoker>ServiceInvoker</ServiceInvoker>
          <ServiceProvider>ServiceProvider</ServiceProvider>
          <ClientId>ClientId</ClientId>
          <UserID>UserID</UserID>
          <RequestMessageId>RequestMessageId</RequestMessageId>
          <RequestTimestamp>2001-12-31T12:00:00</RequestTimestamp>
          <InteractionProtocol>SynchronousRequestAndResponse</InteractionProtocol>
          <CallbackURI>CallbackURI</CallbackURI>
          <ServiceInvocationChainEnabled>true</ServiceInvocationChainEnabled>
        </io5:ServiceRequestContext>
      </io5:RequestHeader>
      <RequestDateTime>2001-12-31T12:00:00</RequestDateTime>
      <mdmCrossRefInfo>
        <io9:mdmContId>ges:mdmContId</io9:mdmContId>
        <io9:mdmContCmpntId>ges:mdmContCmpntId</io9:mdmContCmpntId>
        <io9:mdmHoldgId>ges:mdmHoldgId</io9:mdmHoldgId>
        <io9:mdmAddrId>ges:mdmAddrId</io9:mdmAddrId>
        <io9:sovLocId>ges:sovLocId</io9:sovLocId>
        <io9:graspReviewed>N</io9:graspReviewed>
      </mdmCrossRefInfo>
      <LocationEnterpriseKeys>
        <io3:GESLocationPhysicalObjectID>bons0:GESLocationPhysicalObjectID</io3:GESLocationPhysicalObjectID>
        <io3:MDMLocationHoldingID>bons0:MDMLocationHoldingID</io3:MDMLocationHoldingID>
        <io3:SourceLocationId>bons0:SourceLocationId</io3:SourceLocationId>
      </LocationEnterpriseKeys>
    </transient>
    <failInfo>
      <failureString>failureString</failureString>
      <origin>origin</origin>
      <invocationPath xmlns:bons0="http://aig.us.com/ges/common/v3" xmlns:ch="http://aig.com/CommonHeaderV12" xmlns:ges="http://aig.us.com/ges" xmlns:httpsca="http://www.ibm.com/xmlns/prod/websphere/http/sca/6.1.0" xmlns:jdbcasi="http://www.ibm.com/xmlns/prod/websphere/j2ca/jdbc/metadata" xmlns:mq="http://www.ibm.com/xmlns/prod/websphere/mq/sca/6.0.0" xmlns:p="http://GES_BP_LocationExposureService/bo" xmlns:p1="http://ws-i.org/profiles/basic/1.1/xsd" xmlns:p2="http://COM_GES_MF_LocationExposureService/bo" xmlns:p3="http://www.ibm.com/xmlns/prod/websphere/j2ca/jdbc/gexpusrtusp_c46_create_policy_option_staging" xmlns:p4="http://www.ibm.com/xmlns/prod/websphere/j2ca/jdbc/gexpusrtusp_c02_set_identifier" xmlns:policy="http://aig.us.com/ges/ext/PolicyServiceV1" xmlns:tns="http://www.ibm.com/websphere/sibx/smo/v6.0.1" xmlns:tns1="http://GES_BP_LocationExposureService/CreatePolicyOptionDB_EISImp" xmlns:tns2="http://www.w3.org/2005/08/addressing" xmlns:tns3="http://www.w3.org/2003/05/soap-envelope" xmlns:tns_1="wsdl.http://GES_BP_LocationExposureService/CreatePolicyOptionDB_EISImp" xmlns:wsa="http://schemas.xmlsoap.org/ws/2004/08/addressing">
        <primitive inTerminal="" name="" outTerminal=""/>
      </invocationPath>
      <predecessor xmlns:bons0="http://aig.us.com/ges/common/v3" xmlns:ch="http://aig.com/CommonHeaderV12" xmlns:ges="http://aig.us.com/ges" xmlns:httpsca="http://www.ibm.com/xmlns/prod/websphere/http/sca/6.1.0" xmlns:jdbcasi="http://www.ibm.com/xmlns/prod/websphere/j2ca/jdbc/metadata" xmlns:mq="http://www.ibm.com/xmlns/prod/websphere/mq/sca/6.0.0" xmlns:p="http://GES_BP_LocationExposureService/bo" xmlns:p1="http://ws-i.org/profiles/basic/1.1/xsd" xmlns:p2="http://COM_GES_MF_LocationExposureService/bo" xmlns:p3="http://www.ibm.com/xmlns/prod/websphere/j2ca/jdbc/gexpusrtusp_c46_create_policy_option_staging" xmlns:p4="http://www.ibm.com/xmlns/prod/websphere/j2ca/jdbc/gexpusrtusp_c02_set_identifier" xmlns:policy="http://aig.us.com/ges/ext/PolicyServiceV1" xmlns:tns="http://www.ibm.com/websphere/sibx/smo/v6.0.1" xmlns:tns1="http://GES_BP_LocationExposureService/CreatePolicyOptionDB_EISImp" xmlns:tns2="http://www.w3.org/2005/08/addressing" xmlns:tns3="http://www.w3.org/2003/05/soap-envelope" xmlns:tns_1="wsdl.http://GES_BP_LocationExposureService/CreatePolicyOptionDB_EISImp" xmlns:wsa="http://schemas.xmlsoap.org/ws/2004/08/addressing" tns:lang=""/>
    </failInfo>
    <primitiveContext>
      <EndpointLookupContext>
        <endpointReference>
          <io7:Address>http://tempuri.org</io7:Address>
          <io7:ReferenceProperties/>
          <io7:ReferenceParameters/>
          <io7:PortType>QName</io7:PortType>
          <io7:ServiceName PortName="NCName">QName</io7:ServiceName>
        </endpointReference>
        <registryAnnotations>
          <property>
            <name>name</name>
            <value>value</value>
          </property>
          <classification>http://tempuri.org</classification>
          <relationship>
            <relationshipName>relationshipName</relationshipName>
            <targetName>targetName</targetName>
            <targetNamespace>http://tempuri.org</targetNamespace>
            <targetVersion>targetVersion</targetVersion>
          </relationship>
        </registryAnnotations>
      </EndpointLookupContext>
      <FanOutContext>
        <iteration>0</iteration>
        <occurrence xmlns:bons0="http://aig.us.com/ges/common/v3" xmlns:ch="http://aig.com/CommonHeaderV12" xmlns:ges="http://aig.us.com/ges" xmlns:httpsca="http://www.ibm.com/xmlns/prod/websphere/http/sca/6.1.0" xmlns:jdbcasi="http://www.ibm.com/xmlns/prod/websphere/j2ca/jdbc/metadata" xmlns:mq="http://www.ibm.com/xmlns/prod/websphere/mq/sca/6.0.0" xmlns:p="http://GES_BP_LocationExposureService/bo" xmlns:p1="http://ws-i.org/profiles/basic/1.1/xsd" xmlns:p2="http://COM_GES_MF_LocationExposureService/bo" xmlns:p3="http://www.ibm.com/xmlns/prod/websphere/j2ca/jdbc/gexpusrtusp_c46_create_policy_option_staging" xmlns:p4="http://www.ibm.com/xmlns/prod/websphere/j2ca/jdbc/gexpusrtusp_c02_set_identifier" xmlns:policy="http://aig.us.com/ges/ext/PolicyServiceV1" xmlns:tns="http://www.ibm.com/websphere/sibx/smo/v6.0.1" xmlns:tns1="http://GES_BP_LocationExposureService/CreatePolicyOptionDB_EISImp" xmlns:tns2="http://www.w3.org/2005/08/addressing" xmlns:tns3="http://www.w3.org/2003/05/soap-envelope" xmlns:tns_1="wsdl.http://GES_BP_LocationExposureService/CreatePolicyOptionDB_EISImp" xmlns:wsa="http://schemas.xmlsoap.org/ws/2004/08/addressing" xsi:type="anyType"/>
      </FanOutContext>
      <WTXContext>
        <mapServerLocation>http://tempuri.org</mapServerLocation>
        <dynamicMap>0F00</dynamicMap>
        <mapInstances>
          <mapInstance>0</mapInstance>
          <auditInfo>auditInfo</auditInfo>
        </mapInstances>
      </WTXContext>
    </primitiveContext>
    <shared xmlns:bons0="http://aig.us.com/ges/common/v3" xmlns:ch="http://aig.com/CommonHeaderV12" xmlns:ges="http://aig.us.com/ges" xmlns:httpsca="http://www.ibm.com/xmlns/prod/websphere/http/sca/6.1.0" xmlns:jdbcasi="http://www.ibm.com/xmlns/prod/websphere/j2ca/jdbc/metadata" xmlns:mq="http://www.ibm.com/xmlns/prod/websphere/mq/sca/6.0.0" xmlns:p="http://GES_BP_LocationExposureService/bo" xmlns:p1="http://ws-i.org/profiles/basic/1.1/xsd" xmlns:p2="http://COM_GES_MF_LocationExposureService/bo" xmlns:p3="http://www.ibm.com/xmlns/prod/websphere/j2ca/jdbc/gexpusrtusp_c46_create_policy_option_staging" xmlns:p4="http://www.ibm.com/xmlns/prod/websphere/j2ca/jdbc/gexpusrtusp_c02_set_identifier" xmlns:policy="http://aig.us.com/ges/ext/PolicyServiceV1" xmlns:tns="http://www.ibm.com/websphere/sibx/smo/v6.0.1" xmlns:tns1="http://GES_BP_LocationExposureService/CreatePolicyOptionDB_EISImp" xmlns:tns2="http://www.w3.org/2005/08/addressing" xmlns:tns3="http://www.w3.org/2003/05/soap-envelope" xmlns:tns_1="wsdl.http://GES_BP_LocationExposureService/CreatePolicyOptionDB_EISImp" xmlns:wsa="http://schemas.xmlsoap.org/ws/2004/08/addressing" xsi:type="anyType"/>
    <dynamicProperty isPropagated="true">
      <propertySets>
        <group>group</group>
        <properties>
          <name>name</name>
          <value>value</value>
          <type>type</type>
        </properties>
      </propertySets>
    </dynamicProperty>
    <userContext>
      <entries>
        <name>name</name>
        <value xmlns:bons0="http://aig.us.com/ges/common/v3" xmlns:ch="http://aig.com/CommonHeaderV12" xmlns:ges="http://aig.us.com/ges" xmlns:httpsca="http://www.ibm.com/xmlns/prod/websphere/http/sca/6.1.0" xmlns:jdbcasi="http://www.ibm.com/xmlns/prod/websphere/j2ca/jdbc/metadata" xmlns:mq="http://www.ibm.com/xmlns/prod/websphere/mq/sca/6.0.0" xmlns:p="http://GES_BP_LocationExposureService/bo" xmlns:p1="http://ws-i.org/profiles/basic/1.1/xsd" xmlns:p2="http://COM_GES_MF_LocationExposureService/bo" xmlns:p3="http://www.ibm.com/xmlns/prod/websphere/j2ca/jdbc/gexpusrtusp_c46_create_policy_option_staging" xmlns:p4="http://www.ibm.com/xmlns/prod/websphere/j2ca/jdbc/gexpusrtusp_c02_set_identifier" xmlns:policy="http://aig.us.com/ges/ext/PolicyServiceV1" xmlns:tns="http://www.ibm.com/websphere/sibx/smo/v6.0.1" xmlns:tns1="http://GES_BP_LocationExposureService/CreatePolicyOptionDB_EISImp" xmlns:tns2="http://www.w3.org/2005/08/addressing" xmlns:tns3="http://www.w3.org/2003/05/soap-envelope" xmlns:tns_1="wsdl.http://GES_BP_LocationExposureService/CreatePolicyOptionDB_EISImp" xmlns:wsa="http://schemas.xmlsoap.org/ws/2004/08/addressing" xsi:type="anyType"/>
        <type>type</type>
      </entries>
    </userContext>
  </context>
  <headers>
    <SMOHeader>
      <MessageUUID>MessageUUID</MessageUUID>
      <Version>
        <Version>0</Version>
        <Release>0</Release>
        <Modification>0</Modification>
      </Version>
      <MessageType>MessageType</MessageType>
      <Operation>Operation</Operation>
      <Action>Action</Action>
      <Target bindingType="NotSet" import="" repositoryMetadata="">
        <address>http://tempuri.org</address>
      </Target>
      <AlternateTarget bindingType="NotSet" import="" repositoryMetadata="">
        <address>http://tempuri.org</address>
      </AlternateTarget>
      <SourceNode>SourceNode</SourceNode>
      <SourceBindingType>NotSet</SourceBindingType>
      <Interface>Interface</Interface>
    </SMOHeader>
    <JMSHeader>
      <JMSDestination>http://tempuri.org</JMSDestination>
      <JMSDeliveryMode>NonPersistent</JMSDeliveryMode>
      <JMSMessageID>JMSMessageID</JMSMessageID>
      <JMSTimestamp>0</JMSTimestamp>
      <JMSCorrelationID>JMSCorrelationID</JMSCorrelationID>
      <JMSReplyTo>http://tempuri.org</JMSReplyTo>
      <JMSRedelivered>true</JMSRedelivered>
      <JMSType>JMSType</JMSType>
      <JMSExpiration>0</JMSExpiration>
      <JMSPriority>0</JMSPriority>
    </JMSHeader>
    <SOAPHeader>
      <nameSpace>http://tempuri.org</nameSpace>
      <name>NCName</name>
      <prefix>NCName</prefix>
      <value xmlns:bons0="http://aig.us.com/ges/common/v3" xmlns:ch="http://aig.com/CommonHeaderV12" xmlns:ges="http://aig.us.com/ges" xmlns:httpsca="http://www.ibm.com/xmlns/prod/websphere/http/sca/6.1.0" xmlns:jdbcasi="http://www.ibm.com/xmlns/prod/websphere/j2ca/jdbc/metadata" xmlns:mq="http://www.ibm.com/xmlns/prod/websphere/mq/sca/6.0.0" xmlns:p="http://GES_BP_LocationExposureService/bo" xmlns:p1="http://ws-i.org/profiles/basic/1.1/xsd" xmlns:p2="http://COM_GES_MF_LocationExposureService/bo" xmlns:p3="http://www.ibm.com/xmlns/prod/websphere/j2ca/jdbc/gexpusrtusp_c46_create_policy_option_staging" xmlns:p4="http://www.ibm.com/xmlns/prod/websphere/j2ca/jdbc/gexpusrtusp_c02_set_identifier" xmlns:policy="http://aig.us.com/ges/ext/PolicyServiceV1" xmlns:tns="http://www.ibm.com/websphere/sibx/smo/v6.0.1" xmlns:tns1="http://GES_BP_LocationExposureService/CreatePolicyOptionDB_EISImp" xmlns:tns2="http://www.w3.org/2005/08/addressing" xmlns:tns3="http://www.w3.org/2003/05/soap-envelope" xmlns:tns_1="wsdl.http://GES_BP_LocationExposureService/CreatePolicyOptionDB_EISImp" xmlns:wsa="http://schemas.xmlsoap.org/ws/2004/08/addressing" xsi:type="anyType"/>
    </SOAPHeader>
    <SOAPFaultInfo>
      <faultcode>QName</faultcode>
      <faultstring>faultstring</faultstring>
      <faultactor>http://tempuri.org</faultactor>
      <extendedFaultInfo>
        <Code>
          <io:Value>{http://www.w3.org/2003/05/soap-envelope}DataEncodingUnknown</io:Value>
          <io:Subcode>
            <io:Value>QName</io:Value>
            <tns3:Subcode xmlns:tns3="http://www.w3.org/2003/05/soap-envelope" xmlns:bons0="http://aig.us.com/ges/common/v3" xmlns:ch="http://aig.com/CommonHeaderV12" xmlns:ges="http://aig.us.com/ges" xmlns:httpsca="http://www.ibm.com/xmlns/prod/websphere/http/sca/6.1.0" xmlns:jdbcasi="http://www.ibm.com/xmlns/prod/websphere/j2ca/jdbc/metadata" xmlns:mq="http://www.ibm.com/xmlns/prod/websphere/mq/sca/6.0.0" xmlns:p="http://GES_BP_LocationExposureService/bo" xmlns:p1="http://ws-i.org/profiles/basic/1.1/xsd" xmlns:p2="http://COM_GES_MF_LocationExposureService/bo" xmlns:p3="http://www.ibm.com/xmlns/prod/websphere/j2ca/jdbc/gexpusrtusp_c46_create_policy_option_staging" xmlns:p4="http://www.ibm.com/xmlns/prod/websphere/j2ca/jdbc/gexpusrtusp_c02_set_identifier" xmlns:policy="http://aig.us.com/ges/ext/PolicyServiceV1" xmlns:tns="http://www.ibm.com/websphere/sibx/smo/v6.0.1" xmlns:tns1="http://GES_BP_LocationExposureService/CreatePolicyOptionDB_EISImp" xmlns:tns2="http://www.w3.org/2005/08/addressing" xmlns:tns_1="wsdl.http://GES_BP_LocationExposureService/CreatePolicyOptionDB_EISImp" xmlns:wsa="http://schemas.xmlsoap.org/ws/2004/08/addressing"/>
          </io:Subcode>
        </Code>
        <Reason>
          <io:Text lang="">tns3:Text</io:Text>
        </Reason>
        <Node>http://tempuri.org</Node>
        <Role>http://tempuri.org</Role>
      </extendedFaultInfo>
    </SOAPFaultInfo>
    <properties>
      <name>name</name>
      <value>value</value>
      <type>type</type>
    </properties>
    <MQHeader>
      <md>
        <Report>0</Report>
        <MsgType>0</MsgType>
        <Expiry>0</Expiry>
        <Feedback>0</Feedback>
        <Priority>0</Priority>
        <Persistence>0</Persistence>
        <MsgId>0F00</MsgId>
        <CorrelId>0F00</CorrelId>
        <BackoutCount>0</BackoutCount>
        <ReplyToQ>ReplyToQ</ReplyToQ>
        <ReplyToQMgr>ReplyToQMgr</ReplyToQMgr>
        <UserIdentifier>UserIdentifier</UserIdentifier>
        <AccountingToken>0F00</AccountingToken>
        <ApplIdentityData>ApplIdentityData</ApplIdentityData>
        <PutApplType>0</PutApplType>
        <PutApplName>PutApplName</PutApplName>
        <PutDate>PutDate</PutDate>
        <PutTime>PutTime</PutTime>
        <ApplOriginData>ApplOriginData</ApplOriginData>
        <GroupId>0F00</GroupId>
        <MsgSeqNumber>0</MsgSeqNumber>
        <Offset>0</Offset>
        <MsgFlags>0</MsgFlags>
        <OriginalLength>0</OriginalLength>
      </md>
      <control>
        <Encoding>0</Encoding>
        <CodedCharSetId>0</CodedCharSetId>
        <Format>Format</Format>
      </control>
      <header>
        <Encoding>0</Encoding>
        <CodedCharSetId>0</CodedCharSetId>
        <Format>Format</Format>
        <value xmlns:bons0="http://aig.us.com/ges/common/v3" xmlns:ch="http://aig.com/CommonHeaderV12" xmlns:ges="http://aig.us.com/ges" xmlns:httpsca="http://www.ibm.com/xmlns/prod/websphere/http/sca/6.1.0" xmlns:jdbcasi="http://www.ibm.com/xmlns/prod/websphere/j2ca/jdbc/metadata" xmlns:mq="http://www.ibm.com/xmlns/prod/websphere/mq/sca/6.0.0" xmlns:p="http://GES_BP_LocationExposureService/bo" xmlns:p1="http://ws-i.org/profiles/basic/1.1/xsd" xmlns:p2="http://COM_GES_MF_LocationExposureService/bo" xmlns:p3="http://www.ibm.com/xmlns/prod/websphere/j2ca/jdbc/gexpusrtusp_c46_create_policy_option_staging" xmlns:p4="http://www.ibm.com/xmlns/prod/websphere/j2ca/jdbc/gexpusrtusp_c02_set_identifier" xmlns:policy="http://aig.us.com/ges/ext/PolicyServiceV1" xmlns:tns="http://www.ibm.com/websphere/sibx/smo/v6.0.1" xmlns:tns1="http://GES_BP_LocationExposureService/CreatePolicyOptionDB_EISImp" xmlns:tns2="http://www.w3.org/2005/08/addressing" xmlns:tns3="http://www.w3.org/2003/05/soap-envelope" xmlns:tns_1="wsdl.http://GES_BP_LocationExposureService/CreatePolicyOptionDB_EISImp" xmlns:wsa="http://schemas.xmlsoap.org/ws/2004/08/addressing" xsi:type="anyType"/>
      </header>
    </MQHeader>
    <HTTPHeader>
      <control>
        <io8:URL>http://tempuri.org</io8:URL>
        <io8:Version>1.0</io8:Version>
        <io8:Method>httpsca:Method</io8:Method>
        <io8:DynamicOverrideURL>http://tempuri.org</io8:DynamicOverrideURL>
        <io8:DynamicOverrideVersion>1.0</io8:DynamicOverrideVersion>
        <io8:DynamicOverrideMethod>httpsca:DynamicOverrideMethod</io8:DynamicOverrideMethod>
        <io8:MediaType>httpsca:MediaType</io8:MediaType>
        <io8:Charset>httpsca:Charset</io8:Charset>
        <io8:TransferEncoding>httpsca:TransferEncoding</io8:TransferEncoding>
        <io8:ContentEncoding>httpsca:ContentEncoding</io8:ContentEncoding>
        <io8:StatusCode>0</io8:StatusCode>
        <io8:ReasonPhrase>httpsca:ReasonPhrase</io8:ReasonPhrase>
        <io8:ContentLength>0</io8:ContentLength>
        <io8:ExportContextPath>httpsca:ExportContextPath</io8:ExportContextPath>
        <io8:Authentication>
          <io8:credentials>
            <io8:userId>httpsca:userId</io8:userId>
            <io8:password>httpsca:password</io8:password>
          </io8:credentials>
          <io8:authenticationType>Basic</io8:authenticationType>
        </io8:Authentication>
        <io8:SSLSettings>
          <io8:SSLVersion>SSL</io8:SSLVersion>
          <io8:SSLDebug>false</io8:SSLDebug>
          <io8:KeyStoreType>JKS</io8:KeyStoreType>
          <io8:TrustStoreType>JKS</io8:TrustStoreType>
          <io8:KeyStore>httpsca:KeyStore</io8:KeyStore>
          <io8:KeyStoreAlias>httpsca:KeyStoreAlias</io8:KeyStoreAlias>
          <io8:KeyStorePassword>httpsca:KeyStorePassword</io8:KeyStorePassword>
          <io8:TrustStore>httpsca:TrustStore</io8:TrustStore>
          <io8:TrustStorePassword>httpsca:TrustStorePassword</io8:TrustStorePassword>
          <io8:UseClientAuth>false</io8:UseClientAuth>
        </io8:SSLSettings>
        <io8:ProxySettings>
          <io8:proxyHost>httpsca:proxyHost</io8:proxyHost>
          <io8:proxyPort>0</io8:proxyPort>
          <io8:proxyType>http</io8:proxyType>
          <io8:proxyCredentials>
            <io8:userId>httpsca:userId</io8:userId>
            <io8:password>httpsca:password</io8:password>
          </io8:proxyCredentials>
          <io8:nonProxyHost>httpsca:nonProxyHost</io8:nonProxyHost>
        </io8:ProxySettings>
      </control>
      <header>
        <io8:name>httpsca:name</io8:name>
        <io8:value>httpsca:value</io8:value>
      </header>
    </HTTPHeader>
    <EISHeader>
      <EISInteractionSpec xmlns:bons0="http://aig.us.com/ges/common/v3" xmlns:ch="http://aig.com/CommonHeaderV12" xmlns:ges="http://aig.us.com/ges" xmlns:httpsca="http://www.ibm.com/xmlns/prod/websphere/http/sca/6.1.0" xmlns:jdbcasi="http://www.ibm.com/xmlns/prod/websphere/j2ca/jdbc/metadata" xmlns:mq="http://www.ibm.com/xmlns/prod/websphere/mq/sca/6.0.0" xmlns:p="http://GES_BP_LocationExposureService/bo" xmlns:p1="http://ws-i.org/profiles/basic/1.1/xsd" xmlns:p2="http://COM_GES_MF_LocationExposureService/bo" xmlns:p3="http://www.ibm.com/xmlns/prod/websphere/j2ca/jdbc/gexpusrtusp_c46_create_policy_option_staging" xmlns:p4="http://www.ibm.com/xmlns/prod/websphere/j2ca/jdbc/gexpusrtusp_c02_set_identifier" xmlns:policy="http://aig.us.com/ges/ext/PolicyServiceV1" xmlns:tns="http://www.ibm.com/websphere/sibx/smo/v6.0.1" xmlns:tns1="http://GES_BP_LocationExposureService/CreatePolicyOptionDB_EISImp" xmlns:tns2="http://www.w3.org/2005/08/addressing" xmlns:tns3="http://www.w3.org/2003/05/soap-envelope" xmlns:tns_1="wsdl.http://GES_BP_LocationExposureService/CreatePolicyOptionDB_EISImp" xmlns:wsa="http://schemas.xmlsoap.org/ws/2004/08/addressing" xsi:type="anyType"/>
      <EISConnectionSpec xmlns:bons0="http://aig.us.com/ges/common/v3" xmlns:ch="http://aig.com/CommonHeaderV12" xmlns:ges="http://aig.us.com/ges" xmlns:httpsca="http://www.ibm.com/xmlns/prod/websphere/http/sca/6.1.0" xmlns:jdbcasi="http://www.ibm.com/xmlns/prod/websphere/j2ca/jdbc/metadata" xmlns:mq="http://www.ibm.com/xmlns/prod/websphere/mq/sca/6.0.0" xmlns:p="http://GES_BP_LocationExposureService/bo" xmlns:p1="http://ws-i.org/profiles/basic/1.1/xsd" xmlns:p2="http://COM_GES_MF_LocationExposureService/bo" xmlns:p3="http://www.ibm.com/xmlns/prod/websphere/j2ca/jdbc/gexpusrtusp_c46_create_policy_option_staging" xmlns:p4="http://www.ibm.com/xmlns/prod/websphere/j2ca/jdbc/gexpusrtusp_c02_set_identifier" xmlns:policy="http://aig.us.com/ges/ext/PolicyServiceV1" xmlns:tns="http://www.ibm.com/websphere/sibx/smo/v6.0.1" xmlns:tns1="http://GES_BP_LocationExposureService/CreatePolicyOptionDB_EISImp" xmlns:tns2="http://www.w3.org/2005/08/addressing" xmlns:tns3="http://www.w3.org/2003/05/soap-envelope" xmlns:tns_1="wsdl.http://GES_BP_LocationExposureService/CreatePolicyOptionDB_EISImp" xmlns:wsa="http://schemas.xmlsoap.org/ws/2004/08/addressing" xsi:type="anyType"/>
    </EISHeader>
    <WSAHeader version="http://www.w3.org/2005/08/addressing">
      <io12:To>http://tempuri.org</io12:To>
      <ReferenceParameters/>
      <io12:From>
        <io12:Address>http://tempuri.org</io12:Address>
        <io12:ReferenceParameters/>
        <io12:Metadata/>
      </io12:From>
      <io12:ReplyTo>
        <io12:Address>http://tempuri.org</io12:Address>
        <io12:ReferenceParameters/>
        <io12:Metadata/>
      </io12:ReplyTo>
      <io12:FaultTo>
        <io12:Address>http://tempuri.org</io12:Address>
        <io12:ReferenceParameters/>
        <io12:Metadata/>
      </io12:FaultTo>
      <io12:Action>http://tempuri.org</io12:Action>
      <io12:MessageID>http://tempuri.org</io12:MessageID>
      <io12:RelatesTo RelationshipType="http://www.w3.org/2005/08/addressing/reply">http://tempuri.org</io12:RelatesTo>
    </WSAHeader>
  </headers>
  <body>
    <out:CreateNewWorkRequest>
      <ComplexityType>bons0:Complexity</ComplexityType>
      <CurrencyID>pcrncy_id</CurrencyID>
      <PCPORequstID>bons0:RqId</PCPORequstID>
      <PolicyOptionDesc>bons0:PolicyOptionDesc</PolicyOptionDesc>
      <PolicyID>bons0:GesPolicyId</PolicyID>
      <ProcessingStartDate>20010101</ProcessingStartDate>
      <ProcessingTargetDate>20010101</ProcessingTargetDate>
      <UnderwriterEmployeeID>bons0:UWEmpId</UnderwriterEmployeeID>
      <PolicyOptionSeqNo>ppol_optn_id</PolicyOptionSeqNo>
      <POAttachments>
        <FileData>0</FileData>
        <FileName>bons0:DocumentNm</FileName>
        <FileType>token</FileType>
        <FileCategory>bons0:DocumentType</FileCategory>
        <Description>bons0:DocumentNm</Description>
      </POAttachments>
    </out:CreateNewWorkRequest>
  </body>
</io2:smo>