<?xml version="1.0" encoding="UTF-8"?>
<tns:smo xmlns:bons0="http://aig.us.com/ges/common/v3" xmlns:bons01="http://aig.us.com/ges/services/LocationScrubbingProcessV2" xmlns:ch="http://aig.com/CommonHeaderV12" xmlns:ges="http://aig.us.com/ges" xmlns:httpsca="http://www.ibm.com/xmlns/prod/websphere/http/sca/6.1.0" xmlns:mq="http://www.ibm.com/xmlns/prod/websphere/mq/sca/6.0.0" xmlns:p="http://COM_GES_MF_LocationScrubbingService/bo" xmlns:p1="http://COM_GES_MF_LocationExposureService/bo" xmlns:this="http://aig.us.com/ges/ext/LocationScrubbingServiceV3" xmlns:tns="http://www.ibm.com/websphere/sibx/smo/v6.0.1" xmlns:tns1="http://aig.us.com/ges/schema" xmlns:tns2="http://aig.us.com/ges/ext/v1" xmlns:tns3="http://www.w3.org/2005/08/addressing" xmlns:tns4="http://www.w3.org/2003/05/soap-envelope" xmlns:tns_1="wsdl.http://aig.us.com/ges/services/LocationScrubbingProcessV2" xmlns:wsa="http://schemas.xmlsoap.org/ws/2004/08/addressing" xmlns:xsi="http://www.w3.org/2001/XMLSchema-instance" xsi:schemaLocation="http://www.ibm.com/websphere/sibx/smo/v6.0.1 foo.xsd ">
  <context>
    <correlation>
      <NoOfLocationsToProcess>0</NoOfLocationsToProcess>
      <PageIndex>0</PageIndex>
      <NotifyAddLocationsRequest>
        <this:PageIndex>0</this:PageIndex>
        <this:TotalResultsAvailable>0</this:TotalResultsAvailable>
        <this:Id name="PolicyNo">this:Id</this:Id>
        <this:LocationsToProcess>0</this:LocationsToProcess>
        <tns1:sovId>tns1:sovId</tns1:sovId>
        <tns1:sovVersion>tns1:sovVersion</tns1:sovVersion>
      </NotifyAddLocationsRequest>
      <IteratedNotifyAddLocationsRequest>
        <this:PageIndex>0</this:PageIndex>
        <this:TotalResultsAvailable>0</this:TotalResultsAvailable>
        <this:Id name="PolicyNo">this:Id</this:Id>
        <this:LocationsToProcess>0</this:LocationsToProcess>
        <tns1:sovId>tns1:sovId</tns1:sovId>
        <tns1:sovVersion>tns1:sovVersion</tns1:sovVersion>
      </IteratedNotifyAddLocationsRequest>
      <processingType>initial</processingType>
      <NotificationType>NewLocation</NotificationType>
      <NotifyBoundLocationsRequest>
        <this:PageIndex>0</this:PageIndex>
        <this:TotalResultsAvailable>0</this:TotalResultsAvailable>
        <this:Id name="PolicyNo">this:Id</this:Id>
        <this:LocationsToProcess>0</this:LocationsToProcess>
      </NotifyBoundLocationsRequest>
      <IteratedNotifyBoundLocationsRequest>
        <this:PageIndex>0</this:PageIndex>
        <this:TotalResultsAvailable>0</this:TotalResultsAvailable>
        <this:Id name="PolicyNo">this:Id</this:Id>
        <this:LocationsToProcess>0</this:LocationsToProcess>
      </IteratedNotifyBoundLocationsRequest>
      <this:ScrubLocationsRq>
        <bons0:SourceSystemCd>
          <bons0:SourceSystemCode>GPW</bons0:SourceSystemCode>
          <bons0:SourceSystemkey>bons0:SourceSystemkey</bons0:SourceSystemkey>
        </bons0:SourceSystemCd>
        <this:PageIndex>0</this:PageIndex>
        <this:TotalResultsAvailable>0</this:TotalResultsAvailable>
        <this:Id name="PolicyNo">this:Id</this:Id>
        <this:LocationsToProcess>0</this:LocationsToProcess>
        <tns1:sovId>tns1:sovId</tns1:sovId>
        <tns1:sovVersion>tns1:sovVersion</tns1:sovVersion>
      </this:ScrubLocationsRq>
    </correlation>
    <transient>
      <modErrorCode>modErrorCode</modErrorCode>
      <ch:RequestHeader>
        <ch:ServiceRequestContext>
          <ServiceInvocationOriginator>ServiceInvocationOriginator</ServiceInvocationOriginator>
          <ServiceInvoker>ServiceInvoker</ServiceInvoker>
          <ServiceProvider>ServiceProvider</ServiceProvider>
          <ClientId>ClientId</ClientId>
          <UserID>UserID</UserID>
          <RequestMessageId>RequestMessageId</RequestMessageId>
          <RequestTimestamp>2001-12-31T12:00:00</RequestTimestamp>
          <InteractionProtocol>SynchronousRequestAndResponse</InteractionProtocol>
          <CallbackURI>CallbackURI</CallbackURI>
          <ServiceInvocationChainEnabled>true</ServiceInvocationChainEnabled>
        </ch:ServiceRequestContext>
      </ch:RequestHeader>
      <RequestDateTime>2001-12-31T12:00:00</RequestDateTime>
      <mdmCrossRefInfo>
        <ges:mdmContId>ges:mdmContId</ges:mdmContId>
        <ges:mdmContCmpntId>ges:mdmContCmpntId</ges:mdmContCmpntId>
        <ges:mdmHoldgId>ges:mdmHoldgId</ges:mdmHoldgId>
        <ges:mdmAddrId>ges:mdmAddrId</ges:mdmAddrId>
        <ges:sovLocId>ges:sovLocId</ges:sovLocId>
        <ges:graspReviewed>N</ges:graspReviewed>
      </mdmCrossRefInfo>
    </transient>
    <failInfo tns:lang="">
      <failureString>failureString</failureString>
      <origin>origin</origin>
      <invocationPath>
        <primitive inTerminal="" name="" outTerminal=""/>
      </invocationPath>
      <predecessor tns:lang=""/>
    </failInfo>
    <primitiveContext>
      <EndpointLookupContext>
        <endpointReference>
          <wsa:Address>http://tempuri.org</wsa:Address>
          <wsa:ReferenceProperties/>
          <wsa:ReferenceParameters/>
          <wsa:PortType>QName</wsa:PortType>
          <wsa:ServiceName PortName="NCName">QName</wsa:ServiceName>
        </endpointReference>
        <registryAnnotations>
          <property>
            <name>name</name>
            <value>value</value>
          </property>
          <classification>http://tempuri.org</classification>
          <relationship>
            <relationshipName>relationshipName</relationshipName>
            <targetName>targetName</targetName>
            <targetNamespace>http://tempuri.org</targetNamespace>
            <targetVersion>targetVersion</targetVersion>
          </relationship>
        </registryAnnotations>
      </EndpointLookupContext>
      <FanOutContext>
        <iteration>0</iteration>
        <occurrence xsi:type="anyType"/>
      </FanOutContext>
      <WTXContext>
        <mapServerLocation>http://tempuri.org</mapServerLocation>
        <dynamicMap>0F00</dynamicMap>
        <mapInstances>
          <mapInstance>0</mapInstance>
          <auditInfo>auditInfo</auditInfo>
        </mapInstances>
      </WTXContext>
    </primitiveContext>
    <shared xsi:type="anyType"/>
    <dynamicProperty isPropagated="true">
      <propertySets>
        <group>group</group>
        <properties>
          <name>name</name>
          <value>value</value>
          <type>type</type>
        </properties>
      </propertySets>
    </dynamicProperty>
    <userContext>
      <entries>
        <name>name</name>
        <value xsi:type="anyType"/>
        <type>type</type>
      </entries>
    </userContext>
  </context>
  <headers>
    <SMOHeader>
      <MessageUUID>MessageUUID</MessageUUID>
      <Version>
        <Version>0</Version>
        <Release>0</Release>
        <Modification>0</Modification>
      </Version>
      <MessageType>MessageType</MessageType>
      <Operation>Operation</Operation>
      <Action>Action</Action>
      <Target bindingType="NotSet" import="" repositoryMetadata="">
        <address>http://tempuri.org</address>
      </Target>
      <AlternateTarget bindingType="NotSet" import="" repositoryMetadata="">
        <address>http://tempuri.org</address>
      </AlternateTarget>
      <SourceNode>SourceNode</SourceNode>
      <SourceBindingType>NotSet</SourceBindingType>
      <Interface>Interface</Interface>
    </SMOHeader>
    <JMSHeader>
      <JMSDestination>http://tempuri.org</JMSDestination>
      <JMSDeliveryMode>NonPersistent</JMSDeliveryMode>
      <JMSMessageID>JMSMessageID</JMSMessageID>
      <JMSTimestamp>0</JMSTimestamp>
      <JMSCorrelationID>JMSCorrelationID</JMSCorrelationID>
      <JMSReplyTo>http://tempuri.org</JMSReplyTo>
      <JMSRedelivered>true</JMSRedelivered>
      <JMSType>JMSType</JMSType>
      <JMSExpiration>0</JMSExpiration>
      <JMSPriority>0</JMSPriority>
    </JMSHeader>
    <SOAPHeader>
      <nameSpace>http://tempuri.org</nameSpace>
      <name>NCName</name>
      <prefix>NCName</prefix>
      <value xsi:type="anyType"/>
    </SOAPHeader>
    <SOAPFaultInfo>
      <faultcode>QName</faultcode>
      <faultstring>faultstring</faultstring>
      <faultactor>http://tempuri.org</faultactor>
      <extendedFaultInfo>
        <Code>
          <tns4:Value>{http://www.w3.org/2003/05/soap-envelope}DataEncodingUnknown</tns4:Value>
          <tns4:Subcode>
            <tns4:Value>QName</tns4:Value>
            <tns4:Subcode/>
          </tns4:Subcode>
        </Code>
        <Reason>
          <tns4:Text tns4:lang="">tns4:Text</tns4:Text>
        </Reason>
        <Node>http://tempuri.org</Node>
        <Role>http://tempuri.org</Role>
      </extendedFaultInfo>
    </SOAPFaultInfo>
    <properties>
      <name>name</name>
      <value>value</value>
      <type>type</type>
    </properties>
    <MQHeader>
      <md>
        <Report>0</Report>
        <MsgType>0</MsgType>
        <Expiry>0</Expiry>
        <Feedback>0</Feedback>
        <Priority>0</Priority>
        <Persistence>0</Persistence>
        <MsgId>0F00</MsgId>
        <CorrelId>0F00</CorrelId>
        <BackoutCount>0</BackoutCount>
        <ReplyToQ>ReplyToQ</ReplyToQ>
        <ReplyToQMgr>ReplyToQMgr</ReplyToQMgr>
        <UserIdentifier>UserIdentifier</UserIdentifier>
        <AccountingToken>0F00</AccountingToken>
        <ApplIdentityData>ApplIdentityData</ApplIdentityData>
        <PutApplType>0</PutApplType>
        <PutApplName>PutApplName</PutApplName>
        <PutDate>PutDate</PutDate>
        <PutTime>PutTime</PutTime>
        <ApplOriginData>ApplOriginData</ApplOriginData>
        <GroupId>0F00</GroupId>
        <MsgSeqNumber>0</MsgSeqNumber>
        <Offset>0</Offset>
        <MsgFlags>0</MsgFlags>
        <OriginalLength>0</OriginalLength>
      </md>
      <control xsi:type="mq:MQControl">
        <Encoding>0</Encoding>
        <CodedCharSetId>0</CodedCharSetId>
        <Format>Format</Format>
      </control>
      <header>
        <Encoding>0</Encoding>
        <CodedCharSetId>0</CodedCharSetId>
        <Format>Format</Format>
        <value xsi:type="anyType"/>
      </header>
    </MQHeader>
    <HTTPHeader>
      <control>
        <httpsca:URL>http://tempuri.org</httpsca:URL>
        <httpsca:Version>1.0</httpsca:Version>
        <httpsca:Method>httpsca:Method</httpsca:Method>
        <httpsca:DynamicOverrideURL>http://tempuri.org</httpsca:DynamicOverrideURL>
        <httpsca:DynamicOverrideVersion>1.0</httpsca:DynamicOverrideVersion>
        <httpsca:DynamicOverrideMethod>httpsca:DynamicOverrideMethod</httpsca:DynamicOverrideMethod>
        <httpsca:MediaType>httpsca:MediaType</httpsca:MediaType>
        <httpsca:Charset>httpsca:Charset</httpsca:Charset>
        <httpsca:TransferEncoding>httpsca:TransferEncoding</httpsca:TransferEncoding>
        <httpsca:ContentEncoding>httpsca:ContentEncoding</httpsca:ContentEncoding>
        <httpsca:StatusCode>0</httpsca:StatusCode>
        <httpsca:ReasonPhrase>httpsca:ReasonPhrase</httpsca:ReasonPhrase>
        <httpsca:ContentLength>0</httpsca:ContentLength>
        <httpsca:ExportContextPath>httpsca:ExportContextPath</httpsca:ExportContextPath>
        <httpsca:Authentication>
          <httpsca:credentials>
            <httpsca:userId>httpsca:userId</httpsca:userId>
            <httpsca:password>httpsca:password</httpsca:password>
          </httpsca:credentials>
          <httpsca:authenticationType>Basic</httpsca:authenticationType>
        </httpsca:Authentication>
        <httpsca:SSLSettings>
          <httpsca:SSLVersion>SSL</httpsca:SSLVersion>
          <httpsca:SSLDebug>false</httpsca:SSLDebug>
          <httpsca:KeyStoreType>JKS</httpsca:KeyStoreType>
          <httpsca:TrustStoreType>JKS</httpsca:TrustStoreType>
          <httpsca:KeyStore>httpsca:KeyStore</httpsca:KeyStore>
          <httpsca:KeyStoreAlias>httpsca:KeyStoreAlias</httpsca:KeyStoreAlias>
          <httpsca:KeyStorePassword>httpsca:KeyStorePassword</httpsca:KeyStorePassword>
          <httpsca:TrustStore>httpsca:TrustStore</httpsca:TrustStore>
          <httpsca:TrustStorePassword>httpsca:TrustStorePassword</httpsca:TrustStorePassword>
          <httpsca:UseClientAuth>false</httpsca:UseClientAuth>
        </httpsca:SSLSettings>
        <httpsca:ProxySettings>
          <httpsca:proxyHost>httpsca:proxyHost</httpsca:proxyHost>
          <httpsca:proxyPort>0</httpsca:proxyPort>
          <httpsca:proxyType>http</httpsca:proxyType>
          <httpsca:proxyCredentials>
            <httpsca:userId>httpsca:userId</httpsca:userId>
            <httpsca:password>httpsca:password</httpsca:password>
          </httpsca:proxyCredentials>
          <httpsca:nonProxyHost>httpsca:nonProxyHost</httpsca:nonProxyHost>
        </httpsca:ProxySettings>
      </control>
      <header>
        <httpsca:name>httpsca:name</httpsca:name>
        <httpsca:value>httpsca:value</httpsca:value>
      </header>
    </HTTPHeader>
    <EISHeader>
      <EISInteractionSpec xsi:type="anyType"/>
      <EISConnectionSpec xsi:type="anyType"/>
    </EISHeader>
    <WSAHeader version="http://www.w3.org/2005/08/addressing">
      <tns3:To>http://tempuri.org</tns3:To>
      <ReferenceParameters/>
      <tns3:From>
        <tns3:Address>http://tempuri.org</tns3:Address>
        <tns3:ReferenceParameters/>
        <tns3:Metadata/>
      </tns3:From>
      <tns3:ReplyTo>
        <tns3:Address>http://tempuri.org</tns3:Address>
        <tns3:ReferenceParameters/>
        <tns3:Metadata/>
      </tns3:ReplyTo>
      <tns3:FaultTo>
        <tns3:Address>http://tempuri.org</tns3:Address>
        <tns3:ReferenceParameters/>
        <tns3:Metadata/>
      </tns3:FaultTo>
      <tns3:Action>http://tempuri.org</tns3:Action>
      <tns3:MessageID>http://tempuri.org</tns3:MessageID>
      <tns3:RelatesTo RelationshipType="http://www.w3.org/2005/08/addressing/reply">http://tempuri.org</tns3:RelatesTo>
    </WSAHeader>
  </headers>
  <body>
    <bons01:scrubLocationsResponseParameter>bons01:scrubLocationsResponseParameter</bons01:scrubLocationsResponseParameter>
    <ch:ResponseHeader>
      <ch:ServiceResponseContext>
        <ServiceInvoker>ServiceInvoker</ServiceInvoker>
        <ServiceProvider>ServiceProvider</ServiceProvider>
        <RequestMessageId>RequestMessageId</RequestMessageId>
        <ResponseMessageId>ResponseMessageId</ResponseMessageId>
        <ResponseTimestamp>2001-12-31T12:00:00</ResponseTimestamp>
        <Status>
          <Code>Code</Code>
          <Category>Success</Category>
          <StatusMessage>StatusMessage</StatusMessage>
        </Status>
        <ch:ServiceInvocationChain>
          <ch:ServiceInvocationInfo>
            <ServiceInvoker>ServiceInvoker</ServiceInvoker>
            <ServiceProvider>ServiceProvider</ServiceProvider>
            <RequestTimestamp>2001-12-31T12:00:00</RequestTimestamp>
            <ResponseTimeInMilliseconds>0</ResponseTimeInMilliseconds>
          </ch:ServiceInvocationInfo>
        </ch:ServiceInvocationChain>
      </ch:ServiceResponseContext>
    </ch:ResponseHeader>
  </body>
  <attachments>
    <contentID>http://tempuri.org</contentID>
    <contentType>token</contentType>
    <data>MA==</data>
  </attachments>
</tns:smo>
