<?xml version="1.0" encoding="UTF-8"?><io7:smo xmlns:io7="http://www.ibm.com/websphere/sibx/smo/v6.0.1" xmlns:io5="http://aig.us.com/ges/ext/LocationScrubbingServiceV3" xmlns:io14="http://www.w3.org/2005/08/addressing" xmlns:xsd4xsd="http://www.w3.org/2001/XMLSchema" xmlns:io4="http://aig.us.com/ges" xmlns:io13="http://aig.us.com/ges/schema" xmlns:io12="http://www.ibm.com/xmlns/prod/websphere/http/sca/6.1.0" xmlns:io3="http://schemas.xmlsoap.org/ws/2004/08/addressing" xmlns:io11="http://COM_GES_MF_LocationScrubbingService/bo" xmlns:io2="http://www.ibm.com/xmlns/prod/websphere/mq/sca/6.0.0" xmlns:io10="http://aig.com/CommonHeaderV12" xmlns:io9="http://COM_GES_MF_LocationExposureService/bo" xmlns:out2="http://aig.us.com/ges/services/LocationScrubbingProcessV2" xmlns:io8="http://aig.us.com/ges/common/v3" xmlns:xsi="http://www.w3.org/2001/XMLSchema-instance" xmlns:io6="http://www.w3.org/2003/05/soap-envelope" xmlns:out="wsdl.http://aig.us.com/ges/services/LocationScrubbingProcessV2" xmlns:io="http://aig.us.com/ges/ext/v1" xmlns:in="wsdl.http://aig.us.com/ges/services/v3/LocationScrubbingServiceV3">
  <context>
    <correlation xsi:type="io11:CorrelationHolder">
      <NoOfLocationsToProcess>0</NoOfLocationsToProcess>
      <PageIndex>0</PageIndex>
      <NotifyAddLocationsRequest>
        <io5:PageIndex>0</io5:PageIndex>
        <io5:TotalResultsAvailable>0</io5:TotalResultsAvailable>
        <io5:Id name="PolicyNo">this:Id</io5:Id>
        <io5:LocationsToProcess>0</io5:LocationsToProcess>
        <io13:sovId>tns1:sovId</io13:sovId>
        <io13:sovVersion>tns1:sovVersion</io13:sovVersion>
      </NotifyAddLocationsRequest>
      <IteratedNotifyAddLocationsRequest>
        <io5:PageIndex>0</io5:PageIndex>
        <io5:TotalResultsAvailable>0</io5:TotalResultsAvailable>
        <io5:Id name="PolicyNo">this:Id</io5:Id>
        <io5:LocationsToProcess>0</io5:LocationsToProcess>
        <io13:sovId>tns1:sovId</io13:sovId>
        <io13:sovVersion>tns1:sovVersion</io13:sovVersion>
      </IteratedNotifyAddLocationsRequest>
      <processingType>initial</processingType>
      <NotificationType>NewLocation</NotificationType>
      <NotifyBoundLocationsRequest>
        <io5:PageIndex>0</io5:PageIndex>
        <io5:TotalResultsAvailable>0</io5:TotalResultsAvailable>
        <io5:Id name="PolicyNo">this:Id</io5:Id>
        <io5:LocationsToProcess>0</io5:LocationsToProcess>
      </NotifyBoundLocationsRequest>
      <IteratedNotifyBoundLocationsRequest>
        <io5:PageIndex>0</io5:PageIndex>
        <io5:TotalResultsAvailable>0</io5:TotalResultsAvailable>
        <io5:Id name="PolicyNo">this:Id</io5:Id>
        <io5:LocationsToProcess>0</io5:LocationsToProcess>
      </IteratedNotifyBoundLocationsRequest>
      <io5:ScrubLocationsRq>
        <io8:SourceSystemCd>
          <io8:SourceSystemCode>GPW</io8:SourceSystemCode>
          <io8:SourceSystemkey>bons0:SourceSystemkey</io8:SourceSystemkey>
        </io8:SourceSystemCd>
        <io5:PageIndex>0</io5:PageIndex>
        <io5:TotalResultsAvailable>0</io5:TotalResultsAvailable>
        <io5:Id name="PolicyNo">this:Id</io5:Id>
        <io5:LocationsToProcess>0</io5:LocationsToProcess>
        <io13:sovId>tns1:sovId</io13:sovId>
        <io13:sovVersion>tns1:sovVersion</io13:sovVersion>
      </io5:ScrubLocationsRq>
    </correlation>
    <transient xsi:type="io9:TransientHolder">
      <modErrorCode>modErrorCode</modErrorCode>
      <io10:RequestHeader>
        <ch:ServiceRequestContext xmlns:ch="http://aig.com/CommonHeaderV12" xmlns:bons0="http://aig.us.com/ges/common/v3" xmlns:ges="http://aig.us.com/ges" xmlns:httpsca="http://www.ibm.com/xmlns/prod/websphere/http/sca/6.1.0" xmlns:mq="http://www.ibm.com/xmlns/prod/websphere/mq/sca/6.0.0" xmlns:p="http://COM_GES_MF_LocationScrubbingService/bo" xmlns:p1="http://COM_GES_MF_LocationExposureService/bo" xmlns:this="http://aig.us.com/ges/ext/LocationScrubbingServiceV3" xmlns:tns="http://www.ibm.com/websphere/sibx/smo/v6.0.1" xmlns:tns1="http://aig.us.com/ges/schema" xmlns:tns2="http://aig.us.com/ges/ext/v1" xmlns:tns3="http://www.w3.org/2005/08/addressing" xmlns:tns4="http://www.w3.org/2003/05/soap-envelope" xmlns:tns_1="wsdl.http://aig.us.com/ges/services/v3/LocationScrubbingServiceV3" xmlns:wsa="http://schemas.xmlsoap.org/ws/2004/08/addressing">
          <ServiceInvocationOriginator>ServiceInvocationOriginator</ServiceInvocationOriginator>
          <ServiceInvoker>ServiceInvoker</ServiceInvoker>
          <ServiceProvider>ServiceProvider</ServiceProvider>
          <ClientId>ClientId</ClientId>
          <UserID>UserID</UserID>
          <RequestMessageId>RequestMessageId</RequestMessageId>
          <RequestTimestamp>2001-12-31T12:00:00</RequestTimestamp>
          <InteractionProtocol>SynchronousRequestAndResponse</InteractionProtocol>
          <CallbackURI>CallbackURI</CallbackURI>
          <ServiceInvocationChainEnabled>true</ServiceInvocationChainEnabled>
        </ch:ServiceRequestContext>
      </io10:RequestHeader>
      <RequestDateTime>2001-12-31T12:00:00</RequestDateTime>
    </transient>
    <failInfo>
      <failureString>failureString</failureString>
      <origin>origin</origin>
      <invocationPath xmlns:bons0="http://aig.us.com/ges/common/v3" xmlns:ch="http://aig.com/CommonHeaderV12" xmlns:ges="http://aig.us.com/ges" xmlns:httpsca="http://www.ibm.com/xmlns/prod/websphere/http/sca/6.1.0" xmlns:mq="http://www.ibm.com/xmlns/prod/websphere/mq/sca/6.0.0" xmlns:p="http://COM_GES_MF_LocationScrubbingService/bo" xmlns:p1="http://COM_GES_MF_LocationExposureService/bo" xmlns:this="http://aig.us.com/ges/ext/LocationScrubbingServiceV3" xmlns:tns="http://www.ibm.com/websphere/sibx/smo/v6.0.1" xmlns:tns1="http://aig.us.com/ges/schema" xmlns:tns2="http://aig.us.com/ges/ext/v1" xmlns:tns3="http://www.w3.org/2005/08/addressing" xmlns:tns4="http://www.w3.org/2003/05/soap-envelope" xmlns:tns_1="wsdl.http://aig.us.com/ges/services/v3/LocationScrubbingServiceV3" xmlns:wsa="http://schemas.xmlsoap.org/ws/2004/08/addressing">
        <primitive inTerminal="" name="" outTerminal=""/>
      </invocationPath>
      <predecessor xmlns:bons0="http://aig.us.com/ges/common/v3" xmlns:ch="http://aig.com/CommonHeaderV12" xmlns:ges="http://aig.us.com/ges" xmlns:httpsca="http://www.ibm.com/xmlns/prod/websphere/http/sca/6.1.0" xmlns:mq="http://www.ibm.com/xmlns/prod/websphere/mq/sca/6.0.0" xmlns:p="http://COM_GES_MF_LocationScrubbingService/bo" xmlns:p1="http://COM_GES_MF_LocationExposureService/bo" xmlns:this="http://aig.us.com/ges/ext/LocationScrubbingServiceV3" xmlns:tns="http://www.ibm.com/websphere/sibx/smo/v6.0.1" xmlns:tns1="http://aig.us.com/ges/schema" xmlns:tns2="http://aig.us.com/ges/ext/v1" xmlns:tns3="http://www.w3.org/2005/08/addressing" xmlns:tns4="http://www.w3.org/2003/05/soap-envelope" xmlns:tns_1="wsdl.http://aig.us.com/ges/services/v3/LocationScrubbingServiceV3" xmlns:wsa="http://schemas.xmlsoap.org/ws/2004/08/addressing" tns:lang=""/>
    </failInfo>
    <primitiveContext>
      <EndpointLookupContext>
        <endpointReference>
          <io3:Address>http://tempuri.org</io3:Address>
          <io3:ReferenceProperties/>
          <io3:ReferenceParameters/>
          <io3:PortType>QName</io3:PortType>
          <io3:ServiceName PortName="NCName">QName</io3:ServiceName>
        </endpointReference>
        <registryAnnotations>
          <property>
            <name>name</name>
            <value>value</value>
          </property>
          <classification>http://tempuri.org</classification>
          <relationship>
            <relationshipName>relationshipName</relationshipName>
            <targetName>targetName</targetName>
            <targetNamespace>http://tempuri.org</targetNamespace>
            <targetVersion>targetVersion</targetVersion>
          </relationship>
        </registryAnnotations>
      </EndpointLookupContext>
      <FanOutContext>
        <iteration>0</iteration>
        <occurrence xmlns:bons0="http://aig.us.com/ges/common/v3" xmlns:ch="http://aig.com/CommonHeaderV12" xmlns:ges="http://aig.us.com/ges" xmlns:httpsca="http://www.ibm.com/xmlns/prod/websphere/http/sca/6.1.0" xmlns:mq="http://www.ibm.com/xmlns/prod/websphere/mq/sca/6.0.0" xmlns:p="http://COM_GES_MF_LocationScrubbingService/bo" xmlns:p1="http://COM_GES_MF_LocationExposureService/bo" xmlns:this="http://aig.us.com/ges/ext/LocationScrubbingServiceV3" xmlns:tns="http://www.ibm.com/websphere/sibx/smo/v6.0.1" xmlns:tns1="http://aig.us.com/ges/schema" xmlns:tns2="http://aig.us.com/ges/ext/v1" xmlns:tns3="http://www.w3.org/2005/08/addressing" xmlns:tns4="http://www.w3.org/2003/05/soap-envelope" xmlns:tns_1="wsdl.http://aig.us.com/ges/services/v3/LocationScrubbingServiceV3" xmlns:wsa="http://schemas.xmlsoap.org/ws/2004/08/addressing" xsi:type="anyType"/>
      </FanOutContext>
      <WTXContext>
        <mapServerLocation>http://tempuri.org</mapServerLocation>
        <dynamicMap>0F00</dynamicMap>
        <mapInstances>
          <mapInstance>0</mapInstance>
          <auditInfo>auditInfo</auditInfo>
        </mapInstances>
      </WTXContext>
    </primitiveContext>
    <shared xmlns:bons0="http://aig.us.com/ges/common/v3" xmlns:ch="http://aig.com/CommonHeaderV12" xmlns:ges="http://aig.us.com/ges" xmlns:httpsca="http://www.ibm.com/xmlns/prod/websphere/http/sca/6.1.0" xmlns:mq="http://www.ibm.com/xmlns/prod/websphere/mq/sca/6.0.0" xmlns:p="http://COM_GES_MF_LocationScrubbingService/bo" xmlns:p1="http://COM_GES_MF_LocationExposureService/bo" xmlns:this="http://aig.us.com/ges/ext/LocationScrubbingServiceV3" xmlns:tns="http://www.ibm.com/websphere/sibx/smo/v6.0.1" xmlns:tns1="http://aig.us.com/ges/schema" xmlns:tns2="http://aig.us.com/ges/ext/v1" xmlns:tns3="http://www.w3.org/2005/08/addressing" xmlns:tns4="http://www.w3.org/2003/05/soap-envelope" xmlns:tns_1="wsdl.http://aig.us.com/ges/services/v3/LocationScrubbingServiceV3" xmlns:wsa="http://schemas.xmlsoap.org/ws/2004/08/addressing" xsi:type="anyType"/>
    <dynamicProperty isPropagated="true">
      <propertySets>
        <group>group</group>
        <properties>
          <name>name</name>
          <value>value</value>
          <type>type</type>
        </properties>
      </propertySets>
    </dynamicProperty>
    <userContext>
      <entries>
        <name>name</name>
        <value xmlns:bons0="http://aig.us.com/ges/common/v3" xmlns:ch="http://aig.com/CommonHeaderV12" xmlns:ges="http://aig.us.com/ges" xmlns:httpsca="http://www.ibm.com/xmlns/prod/websphere/http/sca/6.1.0" xmlns:mq="http://www.ibm.com/xmlns/prod/websphere/mq/sca/6.0.0" xmlns:p="http://COM_GES_MF_LocationScrubbingService/bo" xmlns:p1="http://COM_GES_MF_LocationExposureService/bo" xmlns:this="http://aig.us.com/ges/ext/LocationScrubbingServiceV3" xmlns:tns="http://www.ibm.com/websphere/sibx/smo/v6.0.1" xmlns:tns1="http://aig.us.com/ges/schema" xmlns:tns2="http://aig.us.com/ges/ext/v1" xmlns:tns3="http://www.w3.org/2005/08/addressing" xmlns:tns4="http://www.w3.org/2003/05/soap-envelope" xmlns:tns_1="wsdl.http://aig.us.com/ges/services/v3/LocationScrubbingServiceV3" xmlns:wsa="http://schemas.xmlsoap.org/ws/2004/08/addressing" xsi:type="anyType"/>
        <type>type</type>
      </entries>
    </userContext>
  </context>
  <headers>
    <SMOHeader>
      <MessageUUID>MessageUUID</MessageUUID>
      <Version>
        <Version>0</Version>
        <Release>0</Release>
        <Modification>0</Modification>
      </Version>
      <MessageType>MessageType</MessageType>
      <Operation>Operation</Operation>
      <Action>Action</Action>
      <Target bindingType="NotSet" import="" repositoryMetadata="">
        <address>http://tempuri.org</address>
      </Target>
      <AlternateTarget bindingType="NotSet" import="" repositoryMetadata="">
        <address>http://tempuri.org</address>
      </AlternateTarget>
      <SourceNode>SourceNode</SourceNode>
      <SourceBindingType>NotSet</SourceBindingType>
      <Interface>Interface</Interface>
    </SMOHeader>
    <JMSHeader>
      <JMSDestination>http://tempuri.org</JMSDestination>
      <JMSDeliveryMode>NonPersistent</JMSDeliveryMode>
      <JMSMessageID>JMSMessageID</JMSMessageID>
      <JMSTimestamp>0</JMSTimestamp>
      <JMSCorrelationID>JMSCorrelationID</JMSCorrelationID>
      <JMSReplyTo>http://tempuri.org</JMSReplyTo>
      <JMSRedelivered>true</JMSRedelivered>
      <JMSType>JMSType</JMSType>
      <JMSExpiration>0</JMSExpiration>
      <JMSPriority>0</JMSPriority>
    </JMSHeader>
    <SOAPHeader>
      <nameSpace>http://tempuri.org</nameSpace>
      <name>NCName</name>
      <prefix>NCName</prefix>
      <value xmlns:bons0="http://aig.us.com/ges/common/v3" xmlns:ch="http://aig.com/CommonHeaderV12" xmlns:ges="http://aig.us.com/ges" xmlns:httpsca="http://www.ibm.com/xmlns/prod/websphere/http/sca/6.1.0" xmlns:mq="http://www.ibm.com/xmlns/prod/websphere/mq/sca/6.0.0" xmlns:p="http://COM_GES_MF_LocationScrubbingService/bo" xmlns:p1="http://COM_GES_MF_LocationExposureService/bo" xmlns:this="http://aig.us.com/ges/ext/LocationScrubbingServiceV3" xmlns:tns="http://www.ibm.com/websphere/sibx/smo/v6.0.1" xmlns:tns1="http://aig.us.com/ges/schema" xmlns:tns2="http://aig.us.com/ges/ext/v1" xmlns:tns3="http://www.w3.org/2005/08/addressing" xmlns:tns4="http://www.w3.org/2003/05/soap-envelope" xmlns:tns_1="wsdl.http://aig.us.com/ges/services/v3/LocationScrubbingServiceV3" xmlns:wsa="http://schemas.xmlsoap.org/ws/2004/08/addressing" xsi:type="anyType"/>
    </SOAPHeader>
    <SOAPFaultInfo>
      <faultcode>QName</faultcode>
      <faultstring>faultstring</faultstring>
      <faultactor>http://tempuri.org</faultactor>
      <extendedFaultInfo>
        <Code>
          <io6:Value>{http://www.w3.org/2003/05/soap-envelope}DataEncodingUnknown</io6:Value>
          <io6:Subcode>
            <io6:Value>QName</io6:Value>
            <tns4:Subcode xmlns:tns4="http://www.w3.org/2003/05/soap-envelope" xmlns:bons0="http://aig.us.com/ges/common/v3" xmlns:ch="http://aig.com/CommonHeaderV12" xmlns:ges="http://aig.us.com/ges" xmlns:httpsca="http://www.ibm.com/xmlns/prod/websphere/http/sca/6.1.0" xmlns:mq="http://www.ibm.com/xmlns/prod/websphere/mq/sca/6.0.0" xmlns:p="http://COM_GES_MF_LocationScrubbingService/bo" xmlns:p1="http://COM_GES_MF_LocationExposureService/bo" xmlns:this="http://aig.us.com/ges/ext/LocationScrubbingServiceV3" xmlns:tns="http://www.ibm.com/websphere/sibx/smo/v6.0.1" xmlns:tns1="http://aig.us.com/ges/schema" xmlns:tns2="http://aig.us.com/ges/ext/v1" xmlns:tns3="http://www.w3.org/2005/08/addressing" xmlns:tns_1="wsdl.http://aig.us.com/ges/services/v3/LocationScrubbingServiceV3" xmlns:wsa="http://schemas.xmlsoap.org/ws/2004/08/addressing"/>
          </io6:Subcode>
        </Code>
        <Reason>
          <io6:Text xml:lang="">tns4:Text</io6:Text>
        </Reason>
        <Node>http://tempuri.org</Node>
        <Role>http://tempuri.org</Role>
      </extendedFaultInfo>
    </SOAPFaultInfo>
    <properties>
      <name>name</name>
      <value>value</value>
      <type>type</type>
    </properties>
    <MQHeader>
      <md>
        <Report>0</Report>
        <MsgType>0</MsgType>
        <Expiry>0</Expiry>
        <Feedback>0</Feedback>
        <Priority>0</Priority>
        <Persistence>0</Persistence>
        <MsgId>0F00</MsgId>
        <CorrelId>0F00</CorrelId>
        <BackoutCount>0</BackoutCount>
        <ReplyToQ>ReplyToQ</ReplyToQ>
        <ReplyToQMgr>ReplyToQMgr</ReplyToQMgr>
        <UserIdentifier>UserIdentifier</UserIdentifier>
        <AccountingToken>0F00</AccountingToken>
        <ApplIdentityData>ApplIdentityData</ApplIdentityData>
        <PutApplType>0</PutApplType>
        <PutApplName>PutApplName</PutApplName>
        <PutDate>PutDate</PutDate>
        <PutTime>PutTime</PutTime>
        <ApplOriginData>ApplOriginData</ApplOriginData>
        <GroupId>0F00</GroupId>
        <MsgSeqNumber>0</MsgSeqNumber>
        <Offset>0</Offset>
        <MsgFlags>0</MsgFlags>
        <OriginalLength>0</OriginalLength>
      </md>
      <control>
        <Encoding>0</Encoding>
        <CodedCharSetId>0</CodedCharSetId>
        <Format>Format</Format>
      </control>
      <header>
        <Encoding>0</Encoding>
        <CodedCharSetId>0</CodedCharSetId>
        <Format>Format</Format>
        <value xmlns:bons0="http://aig.us.com/ges/common/v3" xmlns:ch="http://aig.com/CommonHeaderV12" xmlns:ges="http://aig.us.com/ges" xmlns:httpsca="http://www.ibm.com/xmlns/prod/websphere/http/sca/6.1.0" xmlns:mq="http://www.ibm.com/xmlns/prod/websphere/mq/sca/6.0.0" xmlns:p="http://COM_GES_MF_LocationScrubbingService/bo" xmlns:p1="http://COM_GES_MF_LocationExposureService/bo" xmlns:this="http://aig.us.com/ges/ext/LocationScrubbingServiceV3" xmlns:tns="http://www.ibm.com/websphere/sibx/smo/v6.0.1" xmlns:tns1="http://aig.us.com/ges/schema" xmlns:tns2="http://aig.us.com/ges/ext/v1" xmlns:tns3="http://www.w3.org/2005/08/addressing" xmlns:tns4="http://www.w3.org/2003/05/soap-envelope" xmlns:tns_1="wsdl.http://aig.us.com/ges/services/v3/LocationScrubbingServiceV3" xmlns:wsa="http://schemas.xmlsoap.org/ws/2004/08/addressing" xsi:type="anyType"/>
      </header>
    </MQHeader>
    <HTTPHeader>
      <control>
        <io12:URL>http://tempuri.org</io12:URL>
        <io12:Version>1.0</io12:Version>
        <io12:Method>httpsca:Method</io12:Method>
        <io12:DynamicOverrideURL>http://tempuri.org</io12:DynamicOverrideURL>
        <io12:DynamicOverrideVersion>1.0</io12:DynamicOverrideVersion>
        <io12:DynamicOverrideMethod>httpsca:DynamicOverrideMethod</io12:DynamicOverrideMethod>
        <io12:MediaType>httpsca:MediaType</io12:MediaType>
        <io12:Charset>httpsca:Charset</io12:Charset>
        <io12:TransferEncoding>httpsca:TransferEncoding</io12:TransferEncoding>
        <io12:ContentEncoding>httpsca:ContentEncoding</io12:ContentEncoding>
        <io12:StatusCode>0</io12:StatusCode>
        <io12:ReasonPhrase>httpsca:ReasonPhrase</io12:ReasonPhrase>
        <io12:ContentLength>0</io12:ContentLength>
        <io12:ExportContextPath>httpsca:ExportContextPath</io12:ExportContextPath>
        <io12:Authentication>
          <io12:credentials>
            <io12:userId>httpsca:userId</io12:userId>
            <io12:password>httpsca:password</io12:password>
          </io12:credentials>
          <io12:authenticationType>Basic</io12:authenticationType>
        </io12:Authentication>
        <io12:SSLSettings>
          <io12:SSLVersion>SSL</io12:SSLVersion>
          <io12:SSLDebug>false</io12:SSLDebug>
          <io12:KeyStoreType>JKS</io12:KeyStoreType>
          <io12:TrustStoreType>JKS</io12:TrustStoreType>
          <io12:KeyStore>httpsca:KeyStore</io12:KeyStore>
          <io12:KeyStoreAlias>httpsca:KeyStoreAlias</io12:KeyStoreAlias>
          <io12:KeyStorePassword>httpsca:KeyStorePassword</io12:KeyStorePassword>
          <io12:TrustStore>httpsca:TrustStore</io12:TrustStore>
          <io12:TrustStorePassword>httpsca:TrustStorePassword</io12:TrustStorePassword>
          <io12:UseClientAuth>false</io12:UseClientAuth>
        </io12:SSLSettings>
        <io12:ProxySettings>
          <io12:proxyHost>httpsca:proxyHost</io12:proxyHost>
          <io12:proxyPort>0</io12:proxyPort>
          <io12:proxyType>http</io12:proxyType>
          <io12:proxyCredentials>
            <io12:userId>httpsca:userId</io12:userId>
            <io12:password>httpsca:password</io12:password>
          </io12:proxyCredentials>
          <io12:nonProxyHost>httpsca:nonProxyHost</io12:nonProxyHost>
        </io12:ProxySettings>
      </control>
      <header>
        <io12:name>httpsca:name</io12:name>
        <io12:value>httpsca:value</io12:value>
      </header>
    </HTTPHeader>
    <EISHeader>
      <EISInteractionSpec xmlns:bons0="http://aig.us.com/ges/common/v3" xmlns:ch="http://aig.com/CommonHeaderV12" xmlns:ges="http://aig.us.com/ges" xmlns:httpsca="http://www.ibm.com/xmlns/prod/websphere/http/sca/6.1.0" xmlns:mq="http://www.ibm.com/xmlns/prod/websphere/mq/sca/6.0.0" xmlns:p="http://COM_GES_MF_LocationScrubbingService/bo" xmlns:p1="http://COM_GES_MF_LocationExposureService/bo" xmlns:this="http://aig.us.com/ges/ext/LocationScrubbingServiceV3" xmlns:tns="http://www.ibm.com/websphere/sibx/smo/v6.0.1" xmlns:tns1="http://aig.us.com/ges/schema" xmlns:tns2="http://aig.us.com/ges/ext/v1" xmlns:tns3="http://www.w3.org/2005/08/addressing" xmlns:tns4="http://www.w3.org/2003/05/soap-envelope" xmlns:tns_1="wsdl.http://aig.us.com/ges/services/v3/LocationScrubbingServiceV3" xmlns:wsa="http://schemas.xmlsoap.org/ws/2004/08/addressing" xsi:type="anyType"/>
      <EISConnectionSpec xmlns:bons0="http://aig.us.com/ges/common/v3" xmlns:ch="http://aig.com/CommonHeaderV12" xmlns:ges="http://aig.us.com/ges" xmlns:httpsca="http://www.ibm.com/xmlns/prod/websphere/http/sca/6.1.0" xmlns:mq="http://www.ibm.com/xmlns/prod/websphere/mq/sca/6.0.0" xmlns:p="http://COM_GES_MF_LocationScrubbingService/bo" xmlns:p1="http://COM_GES_MF_LocationExposureService/bo" xmlns:this="http://aig.us.com/ges/ext/LocationScrubbingServiceV3" xmlns:tns="http://www.ibm.com/websphere/sibx/smo/v6.0.1" xmlns:tns1="http://aig.us.com/ges/schema" xmlns:tns2="http://aig.us.com/ges/ext/v1" xmlns:tns3="http://www.w3.org/2005/08/addressing" xmlns:tns4="http://www.w3.org/2003/05/soap-envelope" xmlns:tns_1="wsdl.http://aig.us.com/ges/services/v3/LocationScrubbingServiceV3" xmlns:wsa="http://schemas.xmlsoap.org/ws/2004/08/addressing" xsi:type="anyType"/>
    </EISHeader>
    <WSAHeader version="http://www.w3.org/2005/08/addressing">
      <io14:To>http://tempuri.org</io14:To>
      <ReferenceParameters/>
      <io14:From>
        <io14:Address>http://tempuri.org</io14:Address>
        <io14:ReferenceParameters/>
        <io14:Metadata/>
      </io14:From>
      <io14:ReplyTo>
        <io14:Address>http://tempuri.org</io14:Address>
        <io14:ReferenceParameters/>
        <io14:Metadata/>
      </io14:ReplyTo>
      <io14:FaultTo>
        <io14:Address>http://tempuri.org</io14:Address>
        <io14:ReferenceParameters/>
        <io14:Metadata/>
      </io14:FaultTo>
      <io14:Action>http://tempuri.org</io14:Action>
      <io14:MessageID>http://tempuri.org</io14:MessageID>
      <io14:RelatesTo RelationshipType="http://www.w3.org/2005/08/addressing/reply">http://tempuri.org</io14:RelatesTo>
    </WSAHeader>
  </headers>
  <body xsi:type="out:scrubLocationsRequestMsg">
    <out2:scrubLocationsRequestParameter>
      <io13:scrubLocationsProcessRequestParams>
        <io13:scrubLocationsServiceRequest>
          <io13:requestParams>
            <io13:Id name="PolicyNo">this:Id</io13:Id>
            <io13:sovId>tns1:sovId</io13:sovId>
            <io13:sovVerId>tns1:sovVersion</io13:sovVerId>
            <io13:noOfLocations>0</io13:noOfLocations>
          </io13:requestParams>
        </io13:scrubLocationsServiceRequest>
        <io13:NoOfLocationsToProcess>0</io13:NoOfLocationsToProcess>
      </io13:scrubLocationsProcessRequestParams>
    </out2:scrubLocationsRequestParameter>
    <io10:RequestHeader>
      <io10:ServiceRequestContext>
        <ServiceInvocationOriginator>ServiceInvocationOriginator</ServiceInvocationOriginator>
        <ServiceInvoker>ServiceInvoker</ServiceInvoker>
        <ServiceProvider>ServiceProvider</ServiceProvider>
        <ClientId>ClientId</ClientId>
        <UserID>UserID</UserID>
        <RequestMessageId>RequestMessageId</RequestMessageId>
        <RequestTimestamp>2001-12-31T12:00:00</RequestTimestamp>
        <InteractionProtocol>SynchronousRequestAndResponse</InteractionProtocol>
        <CallbackURI>CallbackURI</CallbackURI>
        <ServiceInvocationChainEnabled>true</ServiceInvocationChainEnabled>
      </io10:ServiceRequestContext>
    </io10:RequestHeader>
  </body>
</io7:smo>