<?xml version="1.0" encoding="UTF-8"?>
<MethodActions>
	<MethodAction>
		<Method>setLogLevel</Method>
		<ActionClass>com.aig.ges.support.apps.GESPOSTHandler
		</ActionClass>
	</MethodAction>
	<MethodAction>
		<Method>browseMessage</Method>
		<ActionClass>com.aig.ges.support.apps.GESPOSTHandler
		</ActionClass>
	</MethodAction>
	<MethodAction>
		<Method>putMessage</Method>
		<ActionClass>com.aig.ges.support.apps.GESPOSTHandler
		</ActionClass>
	</MethodAction>
	<MethodAction>
		<Method>readMessage</Method>
		<ActionClass>com.aig.ges.support.apps.GESPOSTHandler
		</ActionClass>
	</MethodAction>
	<MethodAction>
		<Method>updateCacheValues</Method>
		<ActionClass>com.aig.ges.support.apps.GESPOSTHandler
		</ActionClass>
	</MethodAction>
	<MethodAction>
		<Method>RetrieveCacheValues</Method>
		<ActionClass>com.aig.ges.support.apps.GESPOSTHandler
		</ActionClass>
	</MethodAction>
	<MethodAction>
		<Method>UpdateConfigValues</Method>
		<ActionClass>com.aig.ges.support.apps.GESPOSTHandler
		</ActionClass>
	</MethodAction>
	<MethodAction>
		<Method>CleanLogs</Method>
		<ActionClass>com.aig.ges.support.apps.GESPOSTHandler
		</ActionClass>
	</MethodAction>
	<MethodAction>
		<Method>updateEndpoint</Method>
		<ActionClass>com.aig.ges.support.apps.GESPOSTHandler
		</ActionClass>
	</MethodAction>
	<MethodAction>
		<Method>runQuery</Method>
		<ActionClass>com.aig.ges.support.apps.GESPOSTHandler
		</ActionClass>
	</MethodAction>
	<MethodAction>
		<Method>deleteLogs</Method>
		<ActionClass>com.aig.ges.support.apps.GESPOSTHandler
		</ActionClass>
	</MethodAction>
	<MethodAction>
		<Method>deleteAllLogs</Method>
		<ActionClass>com.aig.ges.support.apps.GESPOSTHandler
		</ActionClass>
	</MethodAction>
	<MethodAction>
		<Method>archiveLogs</Method>
		<ActionClass>com.aig.ges.support.apps.GESPOSTHandler
		</ActionClass>
	</MethodAction>
	<MethodAction>
		<Method>updateQueryAccess</Method>
		<ActionClass>com.aig.ges.support.apps.GESPOSTHandler
		</ActionClass>
	</MethodAction>
	<MethodAction>
		<Method>loadCache</Method>
		<ActionClass>com.aig.ges.support.apps.GESPOSTHandler
		</ActionClass>
	</MethodAction>
	<MethodAction>
		<Method>deleteMessage</Method>
		<ActionClass>com.aig.ges.support.apps.GESPOSTHandler
		</ActionClass>
	</MethodAction>
	<MethodAction>
		<Method>runTasks</Method>
		<ActionClass>com.aig.ges.support.apps.GESPOSTHandler
		</ActionClass>
	</MethodAction>
</MethodActions>
