<?xml version="1.0" encoding="UTF-8"?>
<Modules>

	<Module name="COM_GES_MF_ScrubbingFlow_v2_1_0">
		<OperationName name="scrubLocations">
			<QName>
				http://aig.us.com/ges/services/LocationScrubbingServiceV2
			</QName>
			<FaultName />
			<OutputMessageName>
				scrubLocationsResponseMsg
			</OutputMessageName>
		</OperationName>
	</Module>

	<Module name="COM_GES_MF_CommonService_v2_1_0">
		<OperationName name="getLocationsFromGES">
			<QName>
				http://aig.us.com/ges/services/GESCommonServiceV2
			</QName>
			<FaultName>
				getLocationsFromGESFault
			</FaultName>
			<OutputMessageName>
				getLocationsFromGESResponseMsg
			</OutputMessageName>
		</OperationName>
		<OperationName name="updateLocationInGES">
			<QName>
				http://aig.us.com/ges/services/GESCommonServiceV2
			</QName>
			<FaultName>
				updateLocationInGESFault
			</FaultName>
			<OutputMessageName>
				updateLocationInGESResponseMsg
			</OutputMessageName>
		</OperationName>

		<!--  IS A ONE WAY OPERATION  -->
		<OperationName name="sendMessage">
			<QName>
				http://aig.us.com/ges/services/GESCommonServiceV2
			</QName>

		</OperationName>
		<!--  IS A ONE WAY OPERATION  -->
		<OperationName name="getMessage">
			<QName>
				http://aig.us.com/ges/services/GESCommonServiceV2
			</QName>

		</OperationName>
		<OperationName name="filterRecords">
			<QName>
				http://aig.us.com/ges/services/GESCommonServiceV2
			</QName>
			<FaultName>
				filterRecordsFault
			</FaultName>
			<OutputMessageName>
				filterRecordsResponseMsg
			</OutputMessageName>
		</OperationName>
		<OperationName name="filerRecordsByMatchKey">
			<QName>
				http://aig.us.com/ges/services/GESCommonServiceV2
			</QName>
			<FaultName>
				filerRecordsByMatchKeyFault
			</FaultName>
			<OutputMessageName>
				filerRecordsByMatchKeyResponseMsg
			</OutputMessageName>
		</OperationName>
	</Module>

	<Module name="COM_GES_BP_LocationScrubbingProcess_v2_1_0">
		<OperationName name="scrubLocations">
			<QName>
				http://aig.us.com/ges/services/LocationScrubbingProcessV2
			</QName>
			<FaultName>
				scrubLocationsFault
			</FaultName>
			<OutputMessageName>
				scrubLocationsResponseMsg
			</OutputMessageName>
		</OperationName>
	</Module>
	
	<Module name="COM_GES_MF_LocationService_v2_1_0">
		<OperationName name="scrubLocations">
			<QName>
				http://aig.us.com/ges/services/LocationScrubbingProcessV2
			</QName>
			<FaultName>
				scrubLocationsFault
			</FaultName>
			<OutputMessageName>
				scrubLocationsResponseMsg
			</OutputMessageName>
		</OperationName>
	</Module>
	

</Modules>
