<?xml version="1.0" encoding="UTF-8"?>
<types:Configurations xmlns:types="http://aig.us.com/ges/lookup/gbo/GBOTypes">
	<types:Configuration>
		<types:Property ConfigNm="LAT/LONG_SOURCE">
			<types:ConfigValue>GRASP</types:ConfigValue>
		</types:Property>
		<types:Property ConfigNm="CONDITION">
			<types:ConfigValue/>
		</types:Property>
		<types:Property ConfigNm="PRIORITY">
			<types:ConfigValue>1</types:ConfigValue>
		</types:Property>
	</types:Configuration>
	<types:Configuration>
		<types:Property ConfigNm="LAT/LONG_SOURCE">
			<types:ConfigValue>CLIENT PROVIDED</types:ConfigValue>
		</types:Property>
		<types:Property ConfigNm="CONDITION">
			<types:ConfigValue/>	
		</types:Property>
		<types:Property ConfigNm="PRIORITY">
			<types:ConfigValue>2</types:ConfigValue>
		</types:Property>
	</types:Configuration>
	<types:Configuration>
		<types:Property ConfigNm="LAT/LONG_SOURCE">
			<types:ConfigValue>DESKTOP COE ENGINEER</types:ConfigValue>
		</types:Property>
		<types:Property ConfigNm="CONDITION">
			<types:ConfigValue/>
		</types:Property>
		<types:Property ConfigNm="PRIORITY">
			<types:ConfigValue>3</types:ConfigValue>
		</types:Property>
	</types:Configuration>
	<types:Configuration>
		<types:Property ConfigNm="LAT/LONG_SOURCE">
			<types:ConfigValue>DESKTOP DA/CAT MODELER</types:ConfigValue>
		</types:Property>
		<types:Property ConfigNm="CONDITION">
			<types:ConfigValue/>
		</types:Property>
		<types:Property ConfigNm="PRIORITY">
			<types:ConfigValue>4</types:ConfigValue>
		</types:Property>
	</types:Configuration>
	<types:Configuration>
		<types:Property ConfigNm="LAT/LONG_SOURCE">
			<types:ConfigValue>PBBI</types:ConfigValue>
		</types:Property>
		<types:Property ConfigNm="CONDITION">
			<types:ConfigValue>$PBCrossRefInfo/ges:geoResltnLvlId &gt; 0</types:ConfigValue>
		</types:Property>
		<types:Property ConfigNm="PRIORITY">
			<types:ConfigValue>5</types:ConfigValue>
		</types:Property>
	</types:Configuration>
	<types:Configuration>
		<types:Property ConfigNm="LAT/LONG_SOURCE">
			<types:ConfigValue>CRESTA</types:ConfigValue>
		</types:Property>
		<types:Property ConfigNm="CONDITION">
			<types:ConfigValue/>
		</types:Property>
		<types:Property ConfigNm="PRIORITY">
			<types:ConfigValue>6</types:ConfigValue>
		</types:Property>
	</types:Configuration>
	<types:Configuration>
		<types:Property ConfigNm="LAT/LONG_SOURCE">
			<types:ConfigValue>PBBI</types:ConfigValue>
		</types:Property>
		<types:Property ConfigNm="CONDITION">
			<types:ConfigValue>$PBCrossRefInfo/ges:geoResltnLvlId = 0</types:ConfigValue>
		</types:Property>
		<types:Property ConfigNm="PRIORITY">
			<types:ConfigValue>7</types:ConfigValue>
		</types:Property>
	</types:Configuration>
</types:Configurations>