<io16:smo xmlns:io16="http://www.ibm.com/websphere/sibx/smo/v6.0.1" xmlns:ges="http://aig.us.com/ges" xmlns:tns="http://www.pb.com/spectrum/services/MatchGlobalLocationService" xmlns:io29="http://www.ibm.com/xmlns/prod/websphere/mdm/workbasket/schema" xmlns:io28="http://www.w3.org/2005/08/addressing" xmlns:io27="http://www.ibm.com/xmlns/prod/websphere/mdm/termcondition/schema" xmlns:io25="http://www.ibm.com/xmlns/prod/websphere/http/sca/6.1.0" xmlns:io26="http://aig.us.com/ges/schema" xmlns:io24="http://www.ibm.com/xmlns/prod/websphere/wcc/adv/schema" xmlns:io23="http://www.ibm.com/xmlns/prod/websphere/wcc/hierarchy/schema" xmlns:io22="http://aig.com/CommonHeaderV12" xmlns:io21="http://www.ibm.com/xmlns/prod/websphere/wcc/billing/schema" xmlns:io20="http://www.ibm.com/xmlns/prod/websphere/wcc/common/intf/schema" xmlns:out2="wsdl.http://aig.us.com/ges/services/LocationServiceV2" xmlns:io19="http://aig.us.com/ges/common/v3" xmlns:xsi="http://www.w3.org/2001/XMLSchema-instance" xmlns:io18="http://GES_MF_LocationService/bo" xmlns:io17="http://www.ibm.com/xmlns/prod/websphere/wcc/party/schema" xmlns:io15="http://www.w3.org/2003/05/soap-envelope" xmlns:out="http://aig.us.com/ges/services/LocationServiceV2" xmlns:io14="http://www.ibm.com/xmlns/prod/websphere/wcc/financial/schema" xmlns:io13="http://businessproxy.mdm.aig.com/aigmdmbusinessproxy/schema" xmlns:xsd4xsd="http://www.w3.org/2001/XMLSchema" xmlns:io12="http://GES_Lib_Common/bo" xmlns:io11="http://aig.us.com/ges" xmlns:io9="http://GES_MF_LocationService" xmlns:io8="http://schemas.xmlsoap.org/ws/2004/08/addressing" xmlns:io10="http://www.ibm.com/xmlns/prod/websphere/wcc/business/schema" xmlns:io7="http://www.ibm.com/xmlns/prod/websphere/mq/sca/6.0.0" xmlns:io6="http://www.ibm.com/xmlns/prod/websphere/mdm/task/schema" xmlns:io5="http://additions.mdm.aig.com/aigmdmadditions/schema" xmlns:io4="http://www.ibm.com/xmlns/prod/websphere/wcc/common/schema" xmlns:io3="http://www.ibm.com/xmlns/prod/websphere/wcc/partybiz/schema" xmlns:io2="http://GES_Lib_Common" xmlns:io="http://aig.us.com/ges/ext/v1" xmlns:in2="wsdl.http://spectrum.pb.com/" xmlns:in="http://www.pb.com/spectrum/services/MatchGlobalLocationService"><context><correlation xsi:type="io9:LocationServiceCorrelationContext"><matchLocationsRequest><io26:originalRequestLocation><io26:location><io26:sovLocation><io11:version>16039</io11:version><io11:sovLocId>7041534</io11:sovLocId><ges:agreementRequestId xmlns:adv="http://www.ibm.com/xmlns/prod/websphere/wcc/adv/schema" xmlns:aigmdmadditions="http://additions.mdm.aig.com/aigmdmadditions/schema" xmlns:aigmdmbusinessproxy="http://businessproxy.mdm.aig.com/aigmdmbusinessproxy/schema" xmlns:billing="http://www.ibm.com/xmlns/prod/websphere/wcc/billing/schema" xmlns:bons0="http://aig.us.com/ges/common/v3" xmlns:business="http://www.ibm.com/xmlns/prod/websphere/wcc/business/schema" xmlns:ch="http://aig.com/CommonHeaderV12" xmlns:common="http://www.ibm.com/xmlns/prod/websphere/wcc/common/schema" xmlns:common-intf="http://www.ibm.com/xmlns/prod/websphere/wcc/common/intf/schema" xmlns:financial="http://www.ibm.com/xmlns/prod/websphere/wcc/financial/schema" xmlns:hierarchy="http://www.ibm.com/xmlns/prod/websphere/wcc/hierarchy/schema" xmlns:httpsca="http://www.ibm.com/xmlns/prod/websphere/http/sca/6.1.0" xmlns:mq="http://www.ibm.com/xmlns/prod/websphere/mq/sca/6.0.0" xmlns:p="http://ws-i.org/profiles/basic/1.1/xsd" xmlns:p1="http://GES_Lib_Common" xmlns:p2="http://GES_MF_LocationService" xmlns:p3="http://GES_Lib_Common/bo" xmlns:party="http://www.ibm.com/xmlns/prod/websphere/wcc/party/schema" xmlns:partybiz="http://www.ibm.com/xmlns/prod/websphere/wcc/partybiz/schema" xmlns:task="http://www.ibm.com/xmlns/prod/websphere/mdm/task/schema" xmlns:termcondition="http://www.ibm.com/xmlns/prod/websphere/mdm/termcondition/schema" xmlns:tns="http://www.ibm.com/websphere/sibx/smo/v6.0.1" xmlns:tns1="http://GES_MF_LocationService/bo" xmlns:tns2="http://aig.us.com/ges/schema" xmlns:tns3="http://aig.us.com/ges/ext/v1" xmlns:tns4="http://www.pb.com/spectrum/services/MatchGlobalLocationService" xmlns:tns5="http://www.w3.org/2005/08/addressing" xmlns:tns6="http://www.w3.org/2003/05/soap-envelope" xmlns:tns_1="wsdl.http://spectrum.pb.com/" xmlns:workbasket="http://www.ibm.com/xmlns/prod/websphere/mdm/workbasket/schema" xmlns:wsa="http://schemas.xmlsoap.org/ws/2004/08/addressing" xmlns:bo="http://GES_Lib_Common/bo" xmlns:bo_1="http://GES_MF_LocationService/bo" xmlns:ge="http://GES_MF_LocationService" xmlns:ht="http://www.ibm.com/xmlns/prod/websphere/http/sca/6.1.0" xmlns:sc="http://aig.us.com/ges/schema" xmlns:se="http://www.pb.com/spectrum/services/MatchGlobalLocationService" xmlns:sp="wsdl.http://spectrum.pb.com/" xmlns:v12="http://aig.com/CommonHeaderV12" xmlns:v3="http://aig.us.com/ges/common/v3" name="Opportunity Number">2073</ges:agreementRequestId><ges:structure xmlns:adv="http://www.ibm.com/xmlns/prod/websphere/wcc/adv/schema" xmlns:aigmdmadditions="http://additions.mdm.aig.com/aigmdmadditions/schema" xmlns:aigmdmbusinessproxy="http://businessproxy.mdm.aig.com/aigmdmbusinessproxy/schema" xmlns:billing="http://www.ibm.com/xmlns/prod/websphere/wcc/billing/schema" xmlns:bons0="http://aig.us.com/ges/common/v3" xmlns:business="http://www.ibm.com/xmlns/prod/websphere/wcc/business/schema" xmlns:ch="http://aig.com/CommonHeaderV12" xmlns:common="http://www.ibm.com/xmlns/prod/websphere/wcc/common/schema" xmlns:common-intf="http://www.ibm.com/xmlns/prod/websphere/wcc/common/intf/schema" xmlns:financial="http://www.ibm.com/xmlns/prod/websphere/wcc/financial/schema" xmlns:hierarchy="http://www.ibm.com/xmlns/prod/websphere/wcc/hierarchy/schema" xmlns:httpsca="http://www.ibm.com/xmlns/prod/websphere/http/sca/6.1.0" xmlns:mq="http://www.ibm.com/xmlns/prod/websphere/mq/sca/6.0.0" xmlns:p="http://ws-i.org/profiles/basic/1.1/xsd" xmlns:p1="http://GES_Lib_Common" xmlns:p2="http://GES_MF_LocationService" xmlns:p3="http://GES_Lib_Common/bo" xmlns:party="http://www.ibm.com/xmlns/prod/websphere/wcc/party/schema" xmlns:partybiz="http://www.ibm.com/xmlns/prod/websphere/wcc/partybiz/schema" xmlns:task="http://www.ibm.com/xmlns/prod/websphere/mdm/task/schema" xmlns:termcondition="http://www.ibm.com/xmlns/prod/websphere/mdm/termcondition/schema" xmlns:tns="http://www.ibm.com/websphere/sibx/smo/v6.0.1" xmlns:tns1="http://GES_MF_LocationService/bo" xmlns:tns2="http://aig.us.com/ges/schema" xmlns:tns3="http://aig.us.com/ges/ext/v1" xmlns:tns4="http://www.pb.com/spectrum/services/MatchGlobalLocationService" xmlns:tns5="http://www.w3.org/2005/08/addressing" xmlns:tns6="http://www.w3.org/2003/05/soap-envelope" xmlns:tns_1="wsdl.http://spectrum.pb.com/" xmlns:workbasket="http://www.ibm.com/xmlns/prod/websphere/mdm/workbasket/schema" xmlns:wsa="http://schemas.xmlsoap.org/ws/2004/08/addressing" xmlns:bo="http://GES_Lib_Common/bo" xmlns:bo_1="http://GES_MF_LocationService/bo" xmlns:ge="http://GES_MF_LocationService" xmlns:ht="http://www.ibm.com/xmlns/prod/websphere/http/sca/6.1.0" xmlns:sc="http://aig.us.com/ges/schema" xmlns:se="http://www.pb.com/spectrum/services/MatchGlobalLocationService" xmlns:sp="wsdl.http://spectrum.pb.com/" xmlns:v12="http://aig.com/CommonHeaderV12" xmlns:v3="http://aig.us.com/ges/common/v3">
								<ges:physObjectId>1884700</ges:physObjectId>
								<ges:constructionType>
									<ges:constrnTypCd>6</ges:constrnTypCd>
									<ges:constrnTypDs>UNKNOWN</ges:constrnTypDs>
									<ges:constrnTypId>850</ges:constrnTypId>
									<ges:clsfctnScheme>RMS IND</ges:clsfctnScheme>
								</ges:constructionType>
								<ges:occupationType>
									<ges:ocptnTypCd>20</ges:ocptnTypCd>
									<ges:ocptnTypDs>Wholesale Trade</ges:ocptnTypDs>
									<ges:ocptnTypId>39</ges:ocptnTypId>
									<ges:clsfctnScheme>ATC</ges:clsfctnScheme>
								</ges:occupationType>
								<ges:name>SS</ges:name>
								<ges:flrAr>100000</ges:flrAr>
								<ges:flrArUom>Square Feet</ges:flrArUom>
								<ges:bltYr>2000</ges:bltYr>
								<ges:noOfStories>10</ges:noOfStories>
								<ges:creatUsrId>GRASP</ges:creatUsrId>
								<ges:siteNm>SS</ges:siteNm>
								<ges:coNmBusUnt>Eq4</ges:coNmBusUnt>
								<ges:prmryBldgIn>Y</ges:prmryBldgIn>
								<ges:currency>
									<ges:crncyCd>USD</ges:crncyCd>
									<ges:crncyDs>UNITED STATES DOLLAR</ges:crncyDs>
								</ges:currency>
								<ges:structureSecModifier>
									<ges:StructureSecModifier>
										<ges:name name="Engineering Override Hazard Grade">HG4</ges:name>
										<ges:cdGrpLabel>RANGE VALUES</ges:cdGrpLabel>
									</ges:StructureSecModifier>
									<ges:StructureSecModifier>
										<ges:name name="Predominant Construction Class">PCC1</ges:name>
										<ges:cdGrpLabel>RANGE VALUES</ges:cdGrpLabel>
									</ges:StructureSecModifier>
									<ges:StructureSecModifier>
										<ges:name name="Field/Desktop Assessed?">393</ges:name>
										<ges:cdGrpLabel>RANGE VALUES</ges:cdGrpLabel>
									</ges:StructureSecModifier>
									<ges:StructureSecModifier>
										<ges:name name="Terrorism Occupancy">Commercial</ges:name>
										<ges:cdGrpLabel>FREETEXT</ges:cdGrpLabel>
									</ges:StructureSecModifier>
								</ges:structureSecModifier>
								<ges:sic3DCd>346</ges:sic3DCd>
								<ges:sic4DCd>3469</ges:sic4DCd>
								<ges:sicGroup>34</ges:sicGroup>
							</ges:structure><ges:physicalObject xmlns:adv="http://www.ibm.com/xmlns/prod/websphere/wcc/adv/schema" xmlns:aigmdmadditions="http://additions.mdm.aig.com/aigmdmadditions/schema" xmlns:aigmdmbusinessproxy="http://businessproxy.mdm.aig.com/aigmdmbusinessproxy/schema" xmlns:billing="http://www.ibm.com/xmlns/prod/websphere/wcc/billing/schema" xmlns:bons0="http://aig.us.com/ges/common/v3" xmlns:business="http://www.ibm.com/xmlns/prod/websphere/wcc/business/schema" xmlns:ch="http://aig.com/CommonHeaderV12" xmlns:common="http://www.ibm.com/xmlns/prod/websphere/wcc/common/schema" xmlns:common-intf="http://www.ibm.com/xmlns/prod/websphere/wcc/common/intf/schema" xmlns:financial="http://www.ibm.com/xmlns/prod/websphere/wcc/financial/schema" xmlns:hierarchy="http://www.ibm.com/xmlns/prod/websphere/wcc/hierarchy/schema" xmlns:httpsca="http://www.ibm.com/xmlns/prod/websphere/http/sca/6.1.0" xmlns:mq="http://www.ibm.com/xmlns/prod/websphere/mq/sca/6.0.0" xmlns:p="http://ws-i.org/profiles/basic/1.1/xsd" xmlns:p1="http://GES_Lib_Common" xmlns:p2="http://GES_MF_LocationService" xmlns:p3="http://GES_Lib_Common/bo" xmlns:party="http://www.ibm.com/xmlns/prod/websphere/wcc/party/schema" xmlns:partybiz="http://www.ibm.com/xmlns/prod/websphere/wcc/partybiz/schema" xmlns:task="http://www.ibm.com/xmlns/prod/websphere/mdm/task/schema" xmlns:termcondition="http://www.ibm.com/xmlns/prod/websphere/mdm/termcondition/schema" xmlns:tns="http://www.ibm.com/websphere/sibx/smo/v6.0.1" xmlns:tns1="http://GES_MF_LocationService/bo" xmlns:tns2="http://aig.us.com/ges/schema" xmlns:tns3="http://aig.us.com/ges/ext/v1" xmlns:tns4="http://www.pb.com/spectrum/services/MatchGlobalLocationService" xmlns:tns5="http://www.w3.org/2005/08/addressing" xmlns:tns6="http://www.w3.org/2003/05/soap-envelope" xmlns:tns_1="wsdl.http://spectrum.pb.com/" xmlns:workbasket="http://www.ibm.com/xmlns/prod/websphere/mdm/workbasket/schema" xmlns:wsa="http://schemas.xmlsoap.org/ws/2004/08/addressing" xmlns:bo="http://GES_Lib_Common/bo" xmlns:bo_1="http://GES_MF_LocationService/bo" xmlns:ge="http://GES_MF_LocationService" xmlns:ht="http://www.ibm.com/xmlns/prod/websphere/http/sca/6.1.0" xmlns:sc="http://aig.us.com/ges/schema" xmlns:se="http://www.pb.com/spectrum/services/MatchGlobalLocationService" xmlns:sp="wsdl.http://spectrum.pb.com/" xmlns:v12="http://aig.com/CommonHeaderV12" xmlns:v3="http://aig.us.com/ges/common/v3"/><io11:actvIn>Y</io11:actvIn><io11:geographicArea><io11:ggrphcArId>47336393</io11:ggrphcArId><io11:ctyNm>Baranovichi</io11:ctyNm><io11:addr>Proletarskaja - UI 46 225320 Area Brest</io11:addr><io11:postalCd>211851</io11:postalCd><io11:dstrctNm/><io11:cntyNm>Postavskij</io11:cntyNm><ges:lattdInDegrs xmlns:adv="http://www.ibm.com/xmlns/prod/websphere/wcc/adv/schema" xmlns:aigmdmadditions="http://additions.mdm.aig.com/aigmdmadditions/schema" xmlns:aigmdmbusinessproxy="http://businessproxy.mdm.aig.com/aigmdmbusinessproxy/schema" xmlns:billing="http://www.ibm.com/xmlns/prod/websphere/wcc/billing/schema" xmlns:bons0="http://aig.us.com/ges/common/v3" xmlns:business="http://www.ibm.com/xmlns/prod/websphere/wcc/business/schema" xmlns:ch="http://aig.com/CommonHeaderV12" xmlns:common="http://www.ibm.com/xmlns/prod/websphere/wcc/common/schema" xmlns:common-intf="http://www.ibm.com/xmlns/prod/websphere/wcc/common/intf/schema" xmlns:financial="http://www.ibm.com/xmlns/prod/websphere/wcc/financial/schema" xmlns:hierarchy="http://www.ibm.com/xmlns/prod/websphere/wcc/hierarchy/schema" xmlns:httpsca="http://www.ibm.com/xmlns/prod/websphere/http/sca/6.1.0" xmlns:mq="http://www.ibm.com/xmlns/prod/websphere/mq/sca/6.0.0" xmlns:p="http://ws-i.org/profiles/basic/1.1/xsd" xmlns:p1="http://GES_Lib_Common" xmlns:p2="http://GES_MF_LocationService" xmlns:p3="http://GES_Lib_Common/bo" xmlns:party="http://www.ibm.com/xmlns/prod/websphere/wcc/party/schema" xmlns:partybiz="http://www.ibm.com/xmlns/prod/websphere/wcc/partybiz/schema" xmlns:task="http://www.ibm.com/xmlns/prod/websphere/mdm/task/schema" xmlns:termcondition="http://www.ibm.com/xmlns/prod/websphere/mdm/termcondition/schema" xmlns:tns="http://www.ibm.com/websphere/sibx/smo/v6.0.1" xmlns:tns1="http://GES_MF_LocationService/bo" xmlns:tns2="http://aig.us.com/ges/schema" xmlns:tns3="http://aig.us.com/ges/ext/v1" xmlns:tns4="http://www.pb.com/spectrum/services/MatchGlobalLocationService" xmlns:tns5="http://www.w3.org/2005/08/addressing" xmlns:tns6="http://www.w3.org/2003/05/soap-envelope" xmlns:tns_1="wsdl.http://spectrum.pb.com/" xmlns:workbasket="http://www.ibm.com/xmlns/prod/websphere/mdm/workbasket/schema" xmlns:wsa="http://schemas.xmlsoap.org/ws/2004/08/addressing" xmlns:bo="http://GES_Lib_Common/bo" xmlns:bo_1="http://GES_MF_LocationService/bo" xmlns:ge="http://GES_MF_LocationService" xmlns:ht="http://www.ibm.com/xmlns/prod/websphere/http/sca/6.1.0" xmlns:sc="http://aig.us.com/ges/schema" xmlns:se="http://www.pb.com/spectrum/services/MatchGlobalLocationService" xmlns:sp="wsdl.http://spectrum.pb.com/" xmlns:v12="http://aig.com/CommonHeaderV12" xmlns:v3="http://aig.us.com/ges/common/v3" Code="PBBI">
									<ges:Value>55.524640</ges:Value>
								</ges:lattdInDegrs><ges:lngtdInDegrs xmlns:adv="http://www.ibm.com/xmlns/prod/websphere/wcc/adv/schema" xmlns:aigmdmadditions="http://additions.mdm.aig.com/aigmdmadditions/schema" xmlns:aigmdmbusinessproxy="http://businessproxy.mdm.aig.com/aigmdmbusinessproxy/schema" xmlns:billing="http://www.ibm.com/xmlns/prod/websphere/wcc/billing/schema" xmlns:bons0="http://aig.us.com/ges/common/v3" xmlns:business="http://www.ibm.com/xmlns/prod/websphere/wcc/business/schema" xmlns:ch="http://aig.com/CommonHeaderV12" xmlns:common="http://www.ibm.com/xmlns/prod/websphere/wcc/common/schema" xmlns:common-intf="http://www.ibm.com/xmlns/prod/websphere/wcc/common/intf/schema" xmlns:financial="http://www.ibm.com/xmlns/prod/websphere/wcc/financial/schema" xmlns:hierarchy="http://www.ibm.com/xmlns/prod/websphere/wcc/hierarchy/schema" xmlns:httpsca="http://www.ibm.com/xmlns/prod/websphere/http/sca/6.1.0" xmlns:mq="http://www.ibm.com/xmlns/prod/websphere/mq/sca/6.0.0" xmlns:p="http://ws-i.org/profiles/basic/1.1/xsd" xmlns:p1="http://GES_Lib_Common" xmlns:p2="http://GES_MF_LocationService" xmlns:p3="http://GES_Lib_Common/bo" xmlns:party="http://www.ibm.com/xmlns/prod/websphere/wcc/party/schema" xmlns:partybiz="http://www.ibm.com/xmlns/prod/websphere/wcc/partybiz/schema" xmlns:task="http://www.ibm.com/xmlns/prod/websphere/mdm/task/schema" xmlns:termcondition="http://www.ibm.com/xmlns/prod/websphere/mdm/termcondition/schema" xmlns:tns="http://www.ibm.com/websphere/sibx/smo/v6.0.1" xmlns:tns1="http://GES_MF_LocationService/bo" xmlns:tns2="http://aig.us.com/ges/schema" xmlns:tns3="http://aig.us.com/ges/ext/v1" xmlns:tns4="http://www.pb.com/spectrum/services/MatchGlobalLocationService" xmlns:tns5="http://www.w3.org/2005/08/addressing" xmlns:tns6="http://www.w3.org/2003/05/soap-envelope" xmlns:tns_1="wsdl.http://spectrum.pb.com/" xmlns:workbasket="http://www.ibm.com/xmlns/prod/websphere/mdm/workbasket/schema" xmlns:wsa="http://schemas.xmlsoap.org/ws/2004/08/addressing" xmlns:bo="http://GES_Lib_Common/bo" xmlns:bo_1="http://GES_MF_LocationService/bo" xmlns:ge="http://GES_MF_LocationService" xmlns:ht="http://www.ibm.com/xmlns/prod/websphere/http/sca/6.1.0" xmlns:sc="http://aig.us.com/ges/schema" xmlns:se="http://www.pb.com/spectrum/services/MatchGlobalLocationService" xmlns:sp="wsdl.http://spectrum.pb.com/" xmlns:v12="http://aig.com/CommonHeaderV12" xmlns:v3="http://aig.us.com/ges/common/v3">
									<ges:Value>28.841350</ges:Value>
								</ges:lngtdInDegrs><io11:cntryNm>Uruguay</io11:cntryNm><io11:isAddrStndrdizedIn>N</io11:isAddrStndrdizedIn><io11:locPrecision>Centroid</io11:locPrecision></io11:geographicArea><io11:autoAugmentIn/><io11:esbCrossReferenceInfo><io11:prcsngStatCd>COMPLETED</io11:prcsngStatCd><io11:sovLocId>7041534</io11:sovLocId></io11:esbCrossReferenceInfo><io11:mdmCrossReferenceInfo><io11:mdmContId>187644258030933746</io11:mdmContId><io11:mdmContCmpntId>304425973070357639</io11:mdmContCmpntId><io11:mdmHoldgId>979442597306798217</io11:mdmHoldgId><io11:mdmAddrId>229244259730658894</io11:mdmAddrId><io11:sovLocId>7041534</io11:sovLocId></io11:mdmCrossReferenceInfo><io11:pbCrossReferenceInfo><io11:mtchky>P643B651URY</io11:mtchky></io11:pbCrossReferenceInfo><io11:isRequestForUpdate>true</io11:isRequestForUpdate></io26:sovLocation></io26:location></io26:originalRequestLocation><io26:matchLocationsRequest><io26:location><io26:sovLocation><io11:version>16039</io11:version><io11:sovLocId>7041534</io11:sovLocId><ges:agreementRequestId xmlns:adv="http://www.ibm.com/xmlns/prod/websphere/wcc/adv/schema" xmlns:aigmdmadditions="http://additions.mdm.aig.com/aigmdmadditions/schema" xmlns:aigmdmbusinessproxy="http://businessproxy.mdm.aig.com/aigmdmbusinessproxy/schema" xmlns:billing="http://www.ibm.com/xmlns/prod/websphere/wcc/billing/schema" xmlns:bons0="http://aig.us.com/ges/common/v3" xmlns:business="http://www.ibm.com/xmlns/prod/websphere/wcc/business/schema" xmlns:ch="http://aig.com/CommonHeaderV12" xmlns:common="http://www.ibm.com/xmlns/prod/websphere/wcc/common/schema" xmlns:common-intf="http://www.ibm.com/xmlns/prod/websphere/wcc/common/intf/schema" xmlns:financial="http://www.ibm.com/xmlns/prod/websphere/wcc/financial/schema" xmlns:hierarchy="http://www.ibm.com/xmlns/prod/websphere/wcc/hierarchy/schema" xmlns:httpsca="http://www.ibm.com/xmlns/prod/websphere/http/sca/6.1.0" xmlns:mq="http://www.ibm.com/xmlns/prod/websphere/mq/sca/6.0.0" xmlns:p="http://ws-i.org/profiles/basic/1.1/xsd" xmlns:p1="http://GES_Lib_Common" xmlns:p2="http://GES_MF_LocationService" xmlns:p3="http://GES_Lib_Common/bo" xmlns:party="http://www.ibm.com/xmlns/prod/websphere/wcc/party/schema" xmlns:partybiz="http://www.ibm.com/xmlns/prod/websphere/wcc/partybiz/schema" xmlns:task="http://www.ibm.com/xmlns/prod/websphere/mdm/task/schema" xmlns:termcondition="http://www.ibm.com/xmlns/prod/websphere/mdm/termcondition/schema" xmlns:tns="http://www.ibm.com/websphere/sibx/smo/v6.0.1" xmlns:tns1="http://GES_MF_LocationService/bo" xmlns:tns2="http://aig.us.com/ges/schema" xmlns:tns3="http://aig.us.com/ges/ext/v1" xmlns:tns4="http://www.pb.com/spectrum/services/MatchGlobalLocationService" xmlns:tns5="http://www.w3.org/2005/08/addressing" xmlns:tns6="http://www.w3.org/2003/05/soap-envelope" xmlns:tns_1="wsdl.http://spectrum.pb.com/" xmlns:workbasket="http://www.ibm.com/xmlns/prod/websphere/mdm/workbasket/schema" xmlns:wsa="http://schemas.xmlsoap.org/ws/2004/08/addressing" xmlns:bo="http://GES_Lib_Common/bo" xmlns:bo_1="http://GES_MF_LocationService/bo" xmlns:ge="http://GES_MF_LocationService" xmlns:ht="http://www.ibm.com/xmlns/prod/websphere/http/sca/6.1.0" xmlns:sc="http://aig.us.com/ges/schema" xmlns:se="http://www.pb.com/spectrum/services/MatchGlobalLocationService" xmlns:sp="wsdl.http://spectrum.pb.com/" xmlns:v12="http://aig.com/CommonHeaderV12" xmlns:v3="http://aig.us.com/ges/common/v3" name="Opportunity Number">2073</ges:agreementRequestId><ges:structure xmlns:adv="http://www.ibm.com/xmlns/prod/websphere/wcc/adv/schema" xmlns:aigmdmadditions="http://additions.mdm.aig.com/aigmdmadditions/schema" xmlns:aigmdmbusinessproxy="http://businessproxy.mdm.aig.com/aigmdmbusinessproxy/schema" xmlns:billing="http://www.ibm.com/xmlns/prod/websphere/wcc/billing/schema" xmlns:bons0="http://aig.us.com/ges/common/v3" xmlns:business="http://www.ibm.com/xmlns/prod/websphere/wcc/business/schema" xmlns:ch="http://aig.com/CommonHeaderV12" xmlns:common="http://www.ibm.com/xmlns/prod/websphere/wcc/common/schema" xmlns:common-intf="http://www.ibm.com/xmlns/prod/websphere/wcc/common/intf/schema" xmlns:financial="http://www.ibm.com/xmlns/prod/websphere/wcc/financial/schema" xmlns:hierarchy="http://www.ibm.com/xmlns/prod/websphere/wcc/hierarchy/schema" xmlns:httpsca="http://www.ibm.com/xmlns/prod/websphere/http/sca/6.1.0" xmlns:mq="http://www.ibm.com/xmlns/prod/websphere/mq/sca/6.0.0" xmlns:p="http://ws-i.org/profiles/basic/1.1/xsd" xmlns:p1="http://GES_Lib_Common" xmlns:p2="http://GES_MF_LocationService" xmlns:p3="http://GES_Lib_Common/bo" xmlns:party="http://www.ibm.com/xmlns/prod/websphere/wcc/party/schema" xmlns:partybiz="http://www.ibm.com/xmlns/prod/websphere/wcc/partybiz/schema" xmlns:task="http://www.ibm.com/xmlns/prod/websphere/mdm/task/schema" xmlns:termcondition="http://www.ibm.com/xmlns/prod/websphere/mdm/termcondition/schema" xmlns:tns="http://www.ibm.com/websphere/sibx/smo/v6.0.1" xmlns:tns1="http://GES_MF_LocationService/bo" xmlns:tns2="http://aig.us.com/ges/schema" xmlns:tns3="http://aig.us.com/ges/ext/v1" xmlns:tns4="http://www.pb.com/spectrum/services/MatchGlobalLocationService" xmlns:tns5="http://www.w3.org/2005/08/addressing" xmlns:tns6="http://www.w3.org/2003/05/soap-envelope" xmlns:tns_1="wsdl.http://spectrum.pb.com/" xmlns:workbasket="http://www.ibm.com/xmlns/prod/websphere/mdm/workbasket/schema" xmlns:wsa="http://schemas.xmlsoap.org/ws/2004/08/addressing" xmlns:bo="http://GES_Lib_Common/bo" xmlns:bo_1="http://GES_MF_LocationService/bo" xmlns:ge="http://GES_MF_LocationService" xmlns:ht="http://www.ibm.com/xmlns/prod/websphere/http/sca/6.1.0" xmlns:sc="http://aig.us.com/ges/schema" xmlns:se="http://www.pb.com/spectrum/services/MatchGlobalLocationService" xmlns:sp="wsdl.http://spectrum.pb.com/" xmlns:v12="http://aig.com/CommonHeaderV12" xmlns:v3="http://aig.us.com/ges/common/v3">
								<ges:physObjectId>1884700</ges:physObjectId>
								<ges:constructionType>
									<ges:constrnTypCd>6</ges:constrnTypCd>
									<ges:constrnTypDs>UNKNOWN</ges:constrnTypDs>
									<ges:constrnTypId>850</ges:constrnTypId>
									<ges:clsfctnScheme>RMS IND</ges:clsfctnScheme>
								</ges:constructionType>
								<ges:occupationType>
									<ges:ocptnTypCd>20</ges:ocptnTypCd>
									<ges:ocptnTypDs>Wholesale Trade</ges:ocptnTypDs>
									<ges:ocptnTypId>39</ges:ocptnTypId>
									<ges:clsfctnScheme>ATC</ges:clsfctnScheme>
								</ges:occupationType>
								<ges:name>SS</ges:name>
								<ges:flrAr>100000</ges:flrAr>
								<ges:flrArUom>Square Feet</ges:flrArUom>
								<ges:bltYr>2001</ges:bltYr>
								<ges:noOfStories>15</ges:noOfStories>
								<ges:creatUsrId>GRASP</ges:creatUsrId>
								<ges:siteNm>SS</ges:siteNm>
								<ges:coNmBusUnt>Eq4</ges:coNmBusUnt>
								<ges:prmryBldgIn>Y</ges:prmryBldgIn>
								<ges:currency>
									<ges:crncyCd>USD</ges:crncyCd>
									<ges:crncyDs>UNITED STATES DOLLAR</ges:crncyDs>
								</ges:currency>
								<ges:structureSecModifier>
									<ges:StructureSecModifier>
										<ges:name name="Engineering Override Hazard Grade">HG4</ges:name>
										<ges:cdGrpLabel>RANGE VALUES</ges:cdGrpLabel>
									</ges:StructureSecModifier>
									<ges:StructureSecModifier>
										<ges:name name="Predominant Construction Class">PCC1</ges:name>
										<ges:cdGrpLabel>RANGE VALUES</ges:cdGrpLabel>
									</ges:StructureSecModifier>
									<ges:StructureSecModifier>
										<ges:name name="Field/Desktop Assessed?">393</ges:name>
										<ges:cdGrpLabel>RANGE VALUES</ges:cdGrpLabel>
									</ges:StructureSecModifier>
									<ges:StructureSecModifier>
										<ges:name name="Terrorism Occupancy">Commercial</ges:name>
										<ges:cdGrpLabel>FREETEXT</ges:cdGrpLabel>
									</ges:StructureSecModifier>
								</ges:structureSecModifier>
								<ges:sic3DCd>346</ges:sic3DCd>
								<ges:sic4DCd>3469</ges:sic4DCd>
								<ges:sicGroup>34</ges:sicGroup>
							</ges:structure><ges:physicalObject xmlns:adv="http://www.ibm.com/xmlns/prod/websphere/wcc/adv/schema" xmlns:aigmdmadditions="http://additions.mdm.aig.com/aigmdmadditions/schema" xmlns:aigmdmbusinessproxy="http://businessproxy.mdm.aig.com/aigmdmbusinessproxy/schema" xmlns:billing="http://www.ibm.com/xmlns/prod/websphere/wcc/billing/schema" xmlns:bons0="http://aig.us.com/ges/common/v3" xmlns:business="http://www.ibm.com/xmlns/prod/websphere/wcc/business/schema" xmlns:ch="http://aig.com/CommonHeaderV12" xmlns:common="http://www.ibm.com/xmlns/prod/websphere/wcc/common/schema" xmlns:common-intf="http://www.ibm.com/xmlns/prod/websphere/wcc/common/intf/schema" xmlns:financial="http://www.ibm.com/xmlns/prod/websphere/wcc/financial/schema" xmlns:hierarchy="http://www.ibm.com/xmlns/prod/websphere/wcc/hierarchy/schema" xmlns:httpsca="http://www.ibm.com/xmlns/prod/websphere/http/sca/6.1.0" xmlns:mq="http://www.ibm.com/xmlns/prod/websphere/mq/sca/6.0.0" xmlns:p="http://ws-i.org/profiles/basic/1.1/xsd" xmlns:p1="http://GES_Lib_Common" xmlns:p2="http://GES_MF_LocationService" xmlns:p3="http://GES_Lib_Common/bo" xmlns:party="http://www.ibm.com/xmlns/prod/websphere/wcc/party/schema" xmlns:partybiz="http://www.ibm.com/xmlns/prod/websphere/wcc/partybiz/schema" xmlns:task="http://www.ibm.com/xmlns/prod/websphere/mdm/task/schema" xmlns:termcondition="http://www.ibm.com/xmlns/prod/websphere/mdm/termcondition/schema" xmlns:tns="http://www.ibm.com/websphere/sibx/smo/v6.0.1" xmlns:tns1="http://GES_MF_LocationService/bo" xmlns:tns2="http://aig.us.com/ges/schema" xmlns:tns3="http://aig.us.com/ges/ext/v1" xmlns:tns4="http://www.pb.com/spectrum/services/MatchGlobalLocationService" xmlns:tns5="http://www.w3.org/2005/08/addressing" xmlns:tns6="http://www.w3.org/2003/05/soap-envelope" xmlns:tns_1="wsdl.http://spectrum.pb.com/" xmlns:workbasket="http://www.ibm.com/xmlns/prod/websphere/mdm/workbasket/schema" xmlns:wsa="http://schemas.xmlsoap.org/ws/2004/08/addressing" xmlns:bo="http://GES_Lib_Common/bo" xmlns:bo_1="http://GES_MF_LocationService/bo" xmlns:ge="http://GES_MF_LocationService" xmlns:ht="http://www.ibm.com/xmlns/prod/websphere/http/sca/6.1.0" xmlns:sc="http://aig.us.com/ges/schema" xmlns:se="http://www.pb.com/spectrum/services/MatchGlobalLocationService" xmlns:sp="wsdl.http://spectrum.pb.com/" xmlns:v12="http://aig.com/CommonHeaderV12" xmlns:v3="http://aig.us.com/ges/common/v3"/><io11:actvIn>Y</io11:actvIn><io11:geographicArea><io11:ggrphcArId>47336393</io11:ggrphcArId><io11:ctyNm>Baranovichi</io11:ctyNm><io11:addr>Proletarskaja - UI 46 225320 Area Brest</io11:addr><io11:postalCd>211851</io11:postalCd><io11:dstrctNm/><io11:cntyNm>Postavskij</io11:cntyNm><ges:lattdInDegrs xmlns:adv="http://www.ibm.com/xmlns/prod/websphere/wcc/adv/schema" xmlns:aigmdmadditions="http://additions.mdm.aig.com/aigmdmadditions/schema" xmlns:aigmdmbusinessproxy="http://businessproxy.mdm.aig.com/aigmdmbusinessproxy/schema" xmlns:billing="http://www.ibm.com/xmlns/prod/websphere/wcc/billing/schema" xmlns:bons0="http://aig.us.com/ges/common/v3" xmlns:business="http://www.ibm.com/xmlns/prod/websphere/wcc/business/schema" xmlns:ch="http://aig.com/CommonHeaderV12" xmlns:common="http://www.ibm.com/xmlns/prod/websphere/wcc/common/schema" xmlns:common-intf="http://www.ibm.com/xmlns/prod/websphere/wcc/common/intf/schema" xmlns:financial="http://www.ibm.com/xmlns/prod/websphere/wcc/financial/schema" xmlns:hierarchy="http://www.ibm.com/xmlns/prod/websphere/wcc/hierarchy/schema" xmlns:httpsca="http://www.ibm.com/xmlns/prod/websphere/http/sca/6.1.0" xmlns:mq="http://www.ibm.com/xmlns/prod/websphere/mq/sca/6.0.0" xmlns:p="http://ws-i.org/profiles/basic/1.1/xsd" xmlns:p1="http://GES_Lib_Common" xmlns:p2="http://GES_MF_LocationService" xmlns:p3="http://GES_Lib_Common/bo" xmlns:party="http://www.ibm.com/xmlns/prod/websphere/wcc/party/schema" xmlns:partybiz="http://www.ibm.com/xmlns/prod/websphere/wcc/partybiz/schema" xmlns:task="http://www.ibm.com/xmlns/prod/websphere/mdm/task/schema" xmlns:termcondition="http://www.ibm.com/xmlns/prod/websphere/mdm/termcondition/schema" xmlns:tns="http://www.ibm.com/websphere/sibx/smo/v6.0.1" xmlns:tns1="http://GES_MF_LocationService/bo" xmlns:tns2="http://aig.us.com/ges/schema" xmlns:tns3="http://aig.us.com/ges/ext/v1" xmlns:tns4="http://www.pb.com/spectrum/services/MatchGlobalLocationService" xmlns:tns5="http://www.w3.org/2005/08/addressing" xmlns:tns6="http://www.w3.org/2003/05/soap-envelope" xmlns:tns_1="wsdl.http://spectrum.pb.com/" xmlns:workbasket="http://www.ibm.com/xmlns/prod/websphere/mdm/workbasket/schema" xmlns:wsa="http://schemas.xmlsoap.org/ws/2004/08/addressing" xmlns:bo="http://GES_Lib_Common/bo" xmlns:bo_1="http://GES_MF_LocationService/bo" xmlns:ge="http://GES_MF_LocationService" xmlns:ht="http://www.ibm.com/xmlns/prod/websphere/http/sca/6.1.0" xmlns:sc="http://aig.us.com/ges/schema" xmlns:se="http://www.pb.com/spectrum/services/MatchGlobalLocationService" xmlns:sp="wsdl.http://spectrum.pb.com/" xmlns:v12="http://aig.com/CommonHeaderV12" xmlns:v3="http://aig.us.com/ges/common/v3" Code="PBBI">
									<ges:Value>55.524640</ges:Value>
								</ges:lattdInDegrs><ges:lngtdInDegrs xmlns:adv="http://www.ibm.com/xmlns/prod/websphere/wcc/adv/schema" xmlns:aigmdmadditions="http://additions.mdm.aig.com/aigmdmadditions/schema" xmlns:aigmdmbusinessproxy="http://businessproxy.mdm.aig.com/aigmdmbusinessproxy/schema" xmlns:billing="http://www.ibm.com/xmlns/prod/websphere/wcc/billing/schema" xmlns:bons0="http://aig.us.com/ges/common/v3" xmlns:business="http://www.ibm.com/xmlns/prod/websphere/wcc/business/schema" xmlns:ch="http://aig.com/CommonHeaderV12" xmlns:common="http://www.ibm.com/xmlns/prod/websphere/wcc/common/schema" xmlns:common-intf="http://www.ibm.com/xmlns/prod/websphere/wcc/common/intf/schema" xmlns:financial="http://www.ibm.com/xmlns/prod/websphere/wcc/financial/schema" xmlns:hierarchy="http://www.ibm.com/xmlns/prod/websphere/wcc/hierarchy/schema" xmlns:httpsca="http://www.ibm.com/xmlns/prod/websphere/http/sca/6.1.0" xmlns:mq="http://www.ibm.com/xmlns/prod/websphere/mq/sca/6.0.0" xmlns:p="http://ws-i.org/profiles/basic/1.1/xsd" xmlns:p1="http://GES_Lib_Common" xmlns:p2="http://GES_MF_LocationService" xmlns:p3="http://GES_Lib_Common/bo" xmlns:party="http://www.ibm.com/xmlns/prod/websphere/wcc/party/schema" xmlns:partybiz="http://www.ibm.com/xmlns/prod/websphere/wcc/partybiz/schema" xmlns:task="http://www.ibm.com/xmlns/prod/websphere/mdm/task/schema" xmlns:termcondition="http://www.ibm.com/xmlns/prod/websphere/mdm/termcondition/schema" xmlns:tns="http://www.ibm.com/websphere/sibx/smo/v6.0.1" xmlns:tns1="http://GES_MF_LocationService/bo" xmlns:tns2="http://aig.us.com/ges/schema" xmlns:tns3="http://aig.us.com/ges/ext/v1" xmlns:tns4="http://www.pb.com/spectrum/services/MatchGlobalLocationService" xmlns:tns5="http://www.w3.org/2005/08/addressing" xmlns:tns6="http://www.w3.org/2003/05/soap-envelope" xmlns:tns_1="wsdl.http://spectrum.pb.com/" xmlns:workbasket="http://www.ibm.com/xmlns/prod/websphere/mdm/workbasket/schema" xmlns:wsa="http://schemas.xmlsoap.org/ws/2004/08/addressing" xmlns:bo="http://GES_Lib_Common/bo" xmlns:bo_1="http://GES_MF_LocationService/bo" xmlns:ge="http://GES_MF_LocationService" xmlns:ht="http://www.ibm.com/xmlns/prod/websphere/http/sca/6.1.0" xmlns:sc="http://aig.us.com/ges/schema" xmlns:se="http://www.pb.com/spectrum/services/MatchGlobalLocationService" xmlns:sp="wsdl.http://spectrum.pb.com/" xmlns:v12="http://aig.com/CommonHeaderV12" xmlns:v3="http://aig.us.com/ges/common/v3">
									<ges:Value>28.841350</ges:Value>
								</ges:lngtdInDegrs><io11:cntryNm>Uruguay</io11:cntryNm><io11:isAddrStndrdizedIn>N</io11:isAddrStndrdizedIn><io11:locPrecision>Centroid</io11:locPrecision></io11:geographicArea><io11:autoAugmentIn/><io11:esbCrossReferenceInfo><io11:prcsngStatCd>COMPLETED</io11:prcsngStatCd><io11:sovLocId>7041534</io11:sovLocId></io11:esbCrossReferenceInfo><io11:mdmCrossReferenceInfo><io11:mdmContId>187644258030933746</io11:mdmContId><io11:mdmContCmpntId>304425973070357639</io11:mdmContCmpntId><io11:mdmHoldgId>979442597306798217</io11:mdmHoldgId><io11:mdmAddrId>229244259730658894</io11:mdmAddrId><io11:sovLocId>7041534</io11:sovLocId></io11:mdmCrossReferenceInfo><io11:pbCrossReferenceInfo><io11:mtchky>P643B651URY</io11:mtchky></io11:pbCrossReferenceInfo><io11:isRequestForUpdate>true</io11:isRequestForUpdate></io26:sovLocation></io26:location><io26:location><io26:sovLocation><io11:version>16039</io11:version><io11:sovLocId>7041534</io11:sovLocId><io11:distanceFrom>15</io11:distanceFrom><ges:agreementRequestId xmlns:adv="http://www.ibm.com/xmlns/prod/websphere/wcc/adv/schema" xmlns:aigmdmadditions="http://additions.mdm.aig.com/aigmdmadditions/schema" xmlns:aigmdmbusinessproxy="http://businessproxy.mdm.aig.com/aigmdmbusinessproxy/schema" xmlns:billing="http://www.ibm.com/xmlns/prod/websphere/wcc/billing/schema" xmlns:bons0="http://aig.us.com/ges/common/v3" xmlns:business="http://www.ibm.com/xmlns/prod/websphere/wcc/business/schema" xmlns:ch="http://aig.com/CommonHeaderV12" xmlns:common="http://www.ibm.com/xmlns/prod/websphere/wcc/common/schema" xmlns:common-intf="http://www.ibm.com/xmlns/prod/websphere/wcc/common/intf/schema" xmlns:financial="http://www.ibm.com/xmlns/prod/websphere/wcc/financial/schema" xmlns:hierarchy="http://www.ibm.com/xmlns/prod/websphere/wcc/hierarchy/schema" xmlns:httpsca="http://www.ibm.com/xmlns/prod/websphere/http/sca/6.1.0" xmlns:mq="http://www.ibm.com/xmlns/prod/websphere/mq/sca/6.0.0" xmlns:p="http://ws-i.org/profiles/basic/1.1/xsd" xmlns:p1="http://GES_Lib_Common" xmlns:p2="http://GES_MF_LocationService" xmlns:p3="http://GES_Lib_Common/bo" xmlns:party="http://www.ibm.com/xmlns/prod/websphere/wcc/party/schema" xmlns:partybiz="http://www.ibm.com/xmlns/prod/websphere/wcc/partybiz/schema" xmlns:task="http://www.ibm.com/xmlns/prod/websphere/mdm/task/schema" xmlns:termcondition="http://www.ibm.com/xmlns/prod/websphere/mdm/termcondition/schema" xmlns:tns="http://www.ibm.com/websphere/sibx/smo/v6.0.1" xmlns:tns1="http://GES_MF_LocationService/bo" xmlns:tns2="http://aig.us.com/ges/schema" xmlns:tns3="http://aig.us.com/ges/ext/v1" xmlns:tns4="http://www.pb.com/spectrum/services/MatchGlobalLocationService" xmlns:tns5="http://www.w3.org/2005/08/addressing" xmlns:tns6="http://www.w3.org/2003/05/soap-envelope" xmlns:tns_1="wsdl.http://spectrum.pb.com/" xmlns:workbasket="http://www.ibm.com/xmlns/prod/websphere/mdm/workbasket/schema" xmlns:wsa="http://schemas.xmlsoap.org/ws/2004/08/addressing" xmlns:bo="http://GES_Lib_Common/bo" xmlns:bo_1="http://GES_MF_LocationService/bo" xmlns:ge="http://GES_MF_LocationService" xmlns:ht="http://www.ibm.com/xmlns/prod/websphere/http/sca/6.1.0" xmlns:sc="http://aig.us.com/ges/schema" xmlns:se="http://www.pb.com/spectrum/services/MatchGlobalLocationService" xmlns:sp="wsdl.http://spectrum.pb.com/" xmlns:v12="http://aig.com/CommonHeaderV12" xmlns:v3="http://aig.us.com/ges/common/v3" name="Opportunity Number">2073</ges:agreementRequestId><ges:structure xmlns:adv="http://www.ibm.com/xmlns/prod/websphere/wcc/adv/schema" xmlns:aigmdmadditions="http://additions.mdm.aig.com/aigmdmadditions/schema" xmlns:aigmdmbusinessproxy="http://businessproxy.mdm.aig.com/aigmdmbusinessproxy/schema" xmlns:billing="http://www.ibm.com/xmlns/prod/websphere/wcc/billing/schema" xmlns:bons0="http://aig.us.com/ges/common/v3" xmlns:business="http://www.ibm.com/xmlns/prod/websphere/wcc/business/schema" xmlns:ch="http://aig.com/CommonHeaderV12" xmlns:common="http://www.ibm.com/xmlns/prod/websphere/wcc/common/schema" xmlns:common-intf="http://www.ibm.com/xmlns/prod/websphere/wcc/common/intf/schema" xmlns:financial="http://www.ibm.com/xmlns/prod/websphere/wcc/financial/schema" xmlns:hierarchy="http://www.ibm.com/xmlns/prod/websphere/wcc/hierarchy/schema" xmlns:httpsca="http://www.ibm.com/xmlns/prod/websphere/http/sca/6.1.0" xmlns:mq="http://www.ibm.com/xmlns/prod/websphere/mq/sca/6.0.0" xmlns:p="http://ws-i.org/profiles/basic/1.1/xsd" xmlns:p1="http://GES_Lib_Common" xmlns:p2="http://GES_MF_LocationService" xmlns:p3="http://GES_Lib_Common/bo" xmlns:party="http://www.ibm.com/xmlns/prod/websphere/wcc/party/schema" xmlns:partybiz="http://www.ibm.com/xmlns/prod/websphere/wcc/partybiz/schema" xmlns:task="http://www.ibm.com/xmlns/prod/websphere/mdm/task/schema" xmlns:termcondition="http://www.ibm.com/xmlns/prod/websphere/mdm/termcondition/schema" xmlns:tns="http://www.ibm.com/websphere/sibx/smo/v6.0.1" xmlns:tns1="http://GES_MF_LocationService/bo" xmlns:tns2="http://aig.us.com/ges/schema" xmlns:tns3="http://aig.us.com/ges/ext/v1" xmlns:tns4="http://www.pb.com/spectrum/services/MatchGlobalLocationService" xmlns:tns5="http://www.w3.org/2005/08/addressing" xmlns:tns6="http://www.w3.org/2003/05/soap-envelope" xmlns:tns_1="wsdl.http://spectrum.pb.com/" xmlns:workbasket="http://www.ibm.com/xmlns/prod/websphere/mdm/workbasket/schema" xmlns:wsa="http://schemas.xmlsoap.org/ws/2004/08/addressing" xmlns:bo="http://GES_Lib_Common/bo" xmlns:bo_1="http://GES_MF_LocationService/bo" xmlns:ge="http://GES_MF_LocationService" xmlns:ht="http://www.ibm.com/xmlns/prod/websphere/http/sca/6.1.0" xmlns:sc="http://aig.us.com/ges/schema" xmlns:se="http://www.pb.com/spectrum/services/MatchGlobalLocationService" xmlns:sp="wsdl.http://spectrum.pb.com/" xmlns:v12="http://aig.com/CommonHeaderV12" xmlns:v3="http://aig.us.com/ges/common/v3">
								<ges:physObjectId>1884700</ges:physObjectId>
								<ges:constructionType>
									<ges:constrnTypCd>6</ges:constrnTypCd>
									<ges:constrnTypDs>UNKNOWN</ges:constrnTypDs>
									<ges:constrnTypId>850</ges:constrnTypId>
									<ges:clsfctnScheme>RMS IND</ges:clsfctnScheme>
								</ges:constructionType>
								<ges:occupationType>
									<ges:ocptnTypCd>20</ges:ocptnTypCd>
									<ges:ocptnTypDs>Wholesale Trade</ges:ocptnTypDs>
									<ges:ocptnTypId>39</ges:ocptnTypId>
									<ges:clsfctnScheme>ATC</ges:clsfctnScheme>
								</ges:occupationType>
								<ges:name>SS</ges:name>
								<ges:flrAr>100000</ges:flrAr>
								<ges:flrArUom>Square Feet</ges:flrArUom>
								<ges:bltYr>2010</ges:bltYr>
								<ges:noOfStories>20</ges:noOfStories>
								<ges:creatUsrId>GRASP</ges:creatUsrId>
								<ges:siteNm>SS</ges:siteNm>
								<ges:coNmBusUnt>Eq4</ges:coNmBusUnt>
								<ges:prmryBldgIn>Y</ges:prmryBldgIn>
								<ges:currency>
									<ges:crncyCd>USD</ges:crncyCd>
									<ges:crncyDs>UNITED STATES DOLLAR</ges:crncyDs>
								</ges:currency>
								<ges:structureSecModifier>
									<ges:StructureSecModifier>
										<ges:name name="Engineering Override Hazard Grade">HG4</ges:name>
										<ges:cdGrpLabel>RANGE VALUES</ges:cdGrpLabel>
									</ges:StructureSecModifier>
									<ges:StructureSecModifier>
										<ges:name name="Predominant Construction Class">PCC1</ges:name>
										<ges:cdGrpLabel>RANGE VALUES</ges:cdGrpLabel>
									</ges:StructureSecModifier>
									<ges:StructureSecModifier>
										<ges:name name="Field/Desktop Assessed?">393</ges:name>
										<ges:cdGrpLabel>RANGE VALUES</ges:cdGrpLabel>
									</ges:StructureSecModifier>
									<ges:StructureSecModifier>
										<ges:name name="Terrorism Occupancy">Commercial</ges:name>
										<ges:cdGrpLabel>FREETEXT</ges:cdGrpLabel>
									</ges:StructureSecModifier>
								</ges:structureSecModifier>
								<ges:sic3DCd>346</ges:sic3DCd>
								<ges:sic4DCd>3469</ges:sic4DCd>
								<ges:sicGroup>34</ges:sicGroup>
							</ges:structure><ges:physicalObject xmlns:adv="http://www.ibm.com/xmlns/prod/websphere/wcc/adv/schema" xmlns:aigmdmadditions="http://additions.mdm.aig.com/aigmdmadditions/schema" xmlns:aigmdmbusinessproxy="http://businessproxy.mdm.aig.com/aigmdmbusinessproxy/schema" xmlns:billing="http://www.ibm.com/xmlns/prod/websphere/wcc/billing/schema" xmlns:bons0="http://aig.us.com/ges/common/v3" xmlns:business="http://www.ibm.com/xmlns/prod/websphere/wcc/business/schema" xmlns:ch="http://aig.com/CommonHeaderV12" xmlns:common="http://www.ibm.com/xmlns/prod/websphere/wcc/common/schema" xmlns:common-intf="http://www.ibm.com/xmlns/prod/websphere/wcc/common/intf/schema" xmlns:financial="http://www.ibm.com/xmlns/prod/websphere/wcc/financial/schema" xmlns:hierarchy="http://www.ibm.com/xmlns/prod/websphere/wcc/hierarchy/schema" xmlns:httpsca="http://www.ibm.com/xmlns/prod/websphere/http/sca/6.1.0" xmlns:mq="http://www.ibm.com/xmlns/prod/websphere/mq/sca/6.0.0" xmlns:p="http://ws-i.org/profiles/basic/1.1/xsd" xmlns:p1="http://GES_Lib_Common" xmlns:p2="http://GES_MF_LocationService" xmlns:p3="http://GES_Lib_Common/bo" xmlns:party="http://www.ibm.com/xmlns/prod/websphere/wcc/party/schema" xmlns:partybiz="http://www.ibm.com/xmlns/prod/websphere/wcc/partybiz/schema" xmlns:task="http://www.ibm.com/xmlns/prod/websphere/mdm/task/schema" xmlns:termcondition="http://www.ibm.com/xmlns/prod/websphere/mdm/termcondition/schema" xmlns:tns="http://www.ibm.com/websphere/sibx/smo/v6.0.1" xmlns:tns1="http://GES_MF_LocationService/bo" xmlns:tns2="http://aig.us.com/ges/schema" xmlns:tns3="http://aig.us.com/ges/ext/v1" xmlns:tns4="http://www.pb.com/spectrum/services/MatchGlobalLocationService" xmlns:tns5="http://www.w3.org/2005/08/addressing" xmlns:tns6="http://www.w3.org/2003/05/soap-envelope" xmlns:tns_1="wsdl.http://spectrum.pb.com/" xmlns:workbasket="http://www.ibm.com/xmlns/prod/websphere/mdm/workbasket/schema" xmlns:wsa="http://schemas.xmlsoap.org/ws/2004/08/addressing" xmlns:bo="http://GES_Lib_Common/bo" xmlns:bo_1="http://GES_MF_LocationService/bo" xmlns:ge="http://GES_MF_LocationService" xmlns:ht="http://www.ibm.com/xmlns/prod/websphere/http/sca/6.1.0" xmlns:sc="http://aig.us.com/ges/schema" xmlns:se="http://www.pb.com/spectrum/services/MatchGlobalLocationService" xmlns:sp="wsdl.http://spectrum.pb.com/" xmlns:v12="http://aig.com/CommonHeaderV12" xmlns:v3="http://aig.us.com/ges/common/v3"/><io11:actvIn>Y</io11:actvIn><io11:geographicArea><io11:ggrphcArId>47336393</io11:ggrphcArId><io11:ctyNm>Baranovichi</io11:ctyNm><io11:addr>Proletarskaja - UI 46 225320 Area Brest</io11:addr><io11:postalCd>211851</io11:postalCd><io11:dstrctNm/><io11:cntyNm>Postavskij</io11:cntyNm><ges:lattdInDegrs xmlns:adv="http://www.ibm.com/xmlns/prod/websphere/wcc/adv/schema" xmlns:aigmdmadditions="http://additions.mdm.aig.com/aigmdmadditions/schema" xmlns:aigmdmbusinessproxy="http://businessproxy.mdm.aig.com/aigmdmbusinessproxy/schema" xmlns:billing="http://www.ibm.com/xmlns/prod/websphere/wcc/billing/schema" xmlns:bons0="http://aig.us.com/ges/common/v3" xmlns:business="http://www.ibm.com/xmlns/prod/websphere/wcc/business/schema" xmlns:ch="http://aig.com/CommonHeaderV12" xmlns:common="http://www.ibm.com/xmlns/prod/websphere/wcc/common/schema" xmlns:common-intf="http://www.ibm.com/xmlns/prod/websphere/wcc/common/intf/schema" xmlns:financial="http://www.ibm.com/xmlns/prod/websphere/wcc/financial/schema" xmlns:hierarchy="http://www.ibm.com/xmlns/prod/websphere/wcc/hierarchy/schema" xmlns:httpsca="http://www.ibm.com/xmlns/prod/websphere/http/sca/6.1.0" xmlns:mq="http://www.ibm.com/xmlns/prod/websphere/mq/sca/6.0.0" xmlns:p="http://ws-i.org/profiles/basic/1.1/xsd" xmlns:p1="http://GES_Lib_Common" xmlns:p2="http://GES_MF_LocationService" xmlns:p3="http://GES_Lib_Common/bo" xmlns:party="http://www.ibm.com/xmlns/prod/websphere/wcc/party/schema" xmlns:partybiz="http://www.ibm.com/xmlns/prod/websphere/wcc/partybiz/schema" xmlns:task="http://www.ibm.com/xmlns/prod/websphere/mdm/task/schema" xmlns:termcondition="http://www.ibm.com/xmlns/prod/websphere/mdm/termcondition/schema" xmlns:tns="http://www.ibm.com/websphere/sibx/smo/v6.0.1" xmlns:tns1="http://GES_MF_LocationService/bo" xmlns:tns2="http://aig.us.com/ges/schema" xmlns:tns3="http://aig.us.com/ges/ext/v1" xmlns:tns4="http://www.pb.com/spectrum/services/MatchGlobalLocationService" xmlns:tns5="http://www.w3.org/2005/08/addressing" xmlns:tns6="http://www.w3.org/2003/05/soap-envelope" xmlns:tns_1="wsdl.http://spectrum.pb.com/" xmlns:workbasket="http://www.ibm.com/xmlns/prod/websphere/mdm/workbasket/schema" xmlns:wsa="http://schemas.xmlsoap.org/ws/2004/08/addressing" xmlns:bo="http://GES_Lib_Common/bo" xmlns:bo_1="http://GES_MF_LocationService/bo" xmlns:ge="http://GES_MF_LocationService" xmlns:ht="http://www.ibm.com/xmlns/prod/websphere/http/sca/6.1.0" xmlns:sc="http://aig.us.com/ges/schema" xmlns:se="http://www.pb.com/spectrum/services/MatchGlobalLocationService" xmlns:sp="wsdl.http://spectrum.pb.com/" xmlns:v12="http://aig.com/CommonHeaderV12" xmlns:v3="http://aig.us.com/ges/common/v3" Code="PBBI">
									<ges:Value>55.524640</ges:Value>
								</ges:lattdInDegrs><ges:lngtdInDegrs xmlns:adv="http://www.ibm.com/xmlns/prod/websphere/wcc/adv/schema" xmlns:aigmdmadditions="http://additions.mdm.aig.com/aigmdmadditions/schema" xmlns:aigmdmbusinessproxy="http://businessproxy.mdm.aig.com/aigmdmbusinessproxy/schema" xmlns:billing="http://www.ibm.com/xmlns/prod/websphere/wcc/billing/schema" xmlns:bons0="http://aig.us.com/ges/common/v3" xmlns:business="http://www.ibm.com/xmlns/prod/websphere/wcc/business/schema" xmlns:ch="http://aig.com/CommonHeaderV12" xmlns:common="http://www.ibm.com/xmlns/prod/websphere/wcc/common/schema" xmlns:common-intf="http://www.ibm.com/xmlns/prod/websphere/wcc/common/intf/schema" xmlns:financial="http://www.ibm.com/xmlns/prod/websphere/wcc/financial/schema" xmlns:hierarchy="http://www.ibm.com/xmlns/prod/websphere/wcc/hierarchy/schema" xmlns:httpsca="http://www.ibm.com/xmlns/prod/websphere/http/sca/6.1.0" xmlns:mq="http://www.ibm.com/xmlns/prod/websphere/mq/sca/6.0.0" xmlns:p="http://ws-i.org/profiles/basic/1.1/xsd" xmlns:p1="http://GES_Lib_Common" xmlns:p2="http://GES_MF_LocationService" xmlns:p3="http://GES_Lib_Common/bo" xmlns:party="http://www.ibm.com/xmlns/prod/websphere/wcc/party/schema" xmlns:partybiz="http://www.ibm.com/xmlns/prod/websphere/wcc/partybiz/schema" xmlns:task="http://www.ibm.com/xmlns/prod/websphere/mdm/task/schema" xmlns:termcondition="http://www.ibm.com/xmlns/prod/websphere/mdm/termcondition/schema" xmlns:tns="http://www.ibm.com/websphere/sibx/smo/v6.0.1" xmlns:tns1="http://GES_MF_LocationService/bo" xmlns:tns2="http://aig.us.com/ges/schema" xmlns:tns3="http://aig.us.com/ges/ext/v1" xmlns:tns4="http://www.pb.com/spectrum/services/MatchGlobalLocationService" xmlns:tns5="http://www.w3.org/2005/08/addressing" xmlns:tns6="http://www.w3.org/2003/05/soap-envelope" xmlns:tns_1="wsdl.http://spectrum.pb.com/" xmlns:workbasket="http://www.ibm.com/xmlns/prod/websphere/mdm/workbasket/schema" xmlns:wsa="http://schemas.xmlsoap.org/ws/2004/08/addressing" xmlns:bo="http://GES_Lib_Common/bo" xmlns:bo_1="http://GES_MF_LocationService/bo" xmlns:ge="http://GES_MF_LocationService" xmlns:ht="http://www.ibm.com/xmlns/prod/websphere/http/sca/6.1.0" xmlns:sc="http://aig.us.com/ges/schema" xmlns:se="http://www.pb.com/spectrum/services/MatchGlobalLocationService" xmlns:sp="wsdl.http://spectrum.pb.com/" xmlns:v12="http://aig.com/CommonHeaderV12" xmlns:v3="http://aig.us.com/ges/common/v3">
									<ges:Value>28.841350</ges:Value>
								</ges:lngtdInDegrs><io11:cntryNm>Uruguay</io11:cntryNm><io11:isAddrStndrdizedIn>N</io11:isAddrStndrdizedIn><io11:locPrecision>Centroid</io11:locPrecision></io11:geographicArea><io11:autoAugmentIn/><io11:esbCrossReferenceInfo><io11:prcsngStatCd>COMPLETED</io11:prcsngStatCd><io11:sovLocId>7041534</io11:sovLocId></io11:esbCrossReferenceInfo><io11:mdmCrossReferenceInfo><io11:mdmContId>187644258030933746</io11:mdmContId><io11:mdmContCmpntId>304425973070357639</io11:mdmContCmpntId><io11:mdmHoldgId>979442597306798217</io11:mdmHoldgId><io11:mdmAddrId>229244259730658894</io11:mdmAddrId><io11:sovLocId>7041534</io11:sovLocId></io11:mdmCrossReferenceInfo><io11:pbCrossReferenceInfo><io11:mtchky>P643B651URY</io11:mtchky></io11:pbCrossReferenceInfo><io11:isRequestForUpdate>true</io11:isRequestForUpdate></io26:sovLocation></io26:location><io26:location><io26:sovLocation><io11:version>16039</io11:version><io11:sovLocId>7041534</io11:sovLocId><io11:distanceFrom>20</io11:distanceFrom><ges:agreementRequestId xmlns:adv="http://www.ibm.com/xmlns/prod/websphere/wcc/adv/schema" xmlns:aigmdmadditions="http://additions.mdm.aig.com/aigmdmadditions/schema" xmlns:aigmdmbusinessproxy="http://businessproxy.mdm.aig.com/aigmdmbusinessproxy/schema" xmlns:billing="http://www.ibm.com/xmlns/prod/websphere/wcc/billing/schema" xmlns:bons0="http://aig.us.com/ges/common/v3" xmlns:business="http://www.ibm.com/xmlns/prod/websphere/wcc/business/schema" xmlns:ch="http://aig.com/CommonHeaderV12" xmlns:common="http://www.ibm.com/xmlns/prod/websphere/wcc/common/schema" xmlns:common-intf="http://www.ibm.com/xmlns/prod/websphere/wcc/common/intf/schema" xmlns:financial="http://www.ibm.com/xmlns/prod/websphere/wcc/financial/schema" xmlns:hierarchy="http://www.ibm.com/xmlns/prod/websphere/wcc/hierarchy/schema" xmlns:httpsca="http://www.ibm.com/xmlns/prod/websphere/http/sca/6.1.0" xmlns:mq="http://www.ibm.com/xmlns/prod/websphere/mq/sca/6.0.0" xmlns:p="http://ws-i.org/profiles/basic/1.1/xsd" xmlns:p1="http://GES_Lib_Common" xmlns:p2="http://GES_MF_LocationService" xmlns:p3="http://GES_Lib_Common/bo" xmlns:party="http://www.ibm.com/xmlns/prod/websphere/wcc/party/schema" xmlns:partybiz="http://www.ibm.com/xmlns/prod/websphere/wcc/partybiz/schema" xmlns:task="http://www.ibm.com/xmlns/prod/websphere/mdm/task/schema" xmlns:termcondition="http://www.ibm.com/xmlns/prod/websphere/mdm/termcondition/schema" xmlns:tns="http://www.ibm.com/websphere/sibx/smo/v6.0.1" xmlns:tns1="http://GES_MF_LocationService/bo" xmlns:tns2="http://aig.us.com/ges/schema" xmlns:tns3="http://aig.us.com/ges/ext/v1" xmlns:tns4="http://www.pb.com/spectrum/services/MatchGlobalLocationService" xmlns:tns5="http://www.w3.org/2005/08/addressing" xmlns:tns6="http://www.w3.org/2003/05/soap-envelope" xmlns:tns_1="wsdl.http://spectrum.pb.com/" xmlns:workbasket="http://www.ibm.com/xmlns/prod/websphere/mdm/workbasket/schema" xmlns:wsa="http://schemas.xmlsoap.org/ws/2004/08/addressing" xmlns:bo="http://GES_Lib_Common/bo" xmlns:bo_1="http://GES_MF_LocationService/bo" xmlns:ge="http://GES_MF_LocationService" xmlns:ht="http://www.ibm.com/xmlns/prod/websphere/http/sca/6.1.0" xmlns:sc="http://aig.us.com/ges/schema" xmlns:se="http://www.pb.com/spectrum/services/MatchGlobalLocationService" xmlns:sp="wsdl.http://spectrum.pb.com/" xmlns:v12="http://aig.com/CommonHeaderV12" xmlns:v3="http://aig.us.com/ges/common/v3" name="Opportunity Number">2073</ges:agreementRequestId><ges:structure xmlns:adv="http://www.ibm.com/xmlns/prod/websphere/wcc/adv/schema" xmlns:aigmdmadditions="http://additions.mdm.aig.com/aigmdmadditions/schema" xmlns:aigmdmbusinessproxy="http://businessproxy.mdm.aig.com/aigmdmbusinessproxy/schema" xmlns:billing="http://www.ibm.com/xmlns/prod/websphere/wcc/billing/schema" xmlns:bons0="http://aig.us.com/ges/common/v3" xmlns:business="http://www.ibm.com/xmlns/prod/websphere/wcc/business/schema" xmlns:ch="http://aig.com/CommonHeaderV12" xmlns:common="http://www.ibm.com/xmlns/prod/websphere/wcc/common/schema" xmlns:common-intf="http://www.ibm.com/xmlns/prod/websphere/wcc/common/intf/schema" xmlns:financial="http://www.ibm.com/xmlns/prod/websphere/wcc/financial/schema" xmlns:hierarchy="http://www.ibm.com/xmlns/prod/websphere/wcc/hierarchy/schema" xmlns:httpsca="http://www.ibm.com/xmlns/prod/websphere/http/sca/6.1.0" xmlns:mq="http://www.ibm.com/xmlns/prod/websphere/mq/sca/6.0.0" xmlns:p="http://ws-i.org/profiles/basic/1.1/xsd" xmlns:p1="http://GES_Lib_Common" xmlns:p2="http://GES_MF_LocationService" xmlns:p3="http://GES_Lib_Common/bo" xmlns:party="http://www.ibm.com/xmlns/prod/websphere/wcc/party/schema" xmlns:partybiz="http://www.ibm.com/xmlns/prod/websphere/wcc/partybiz/schema" xmlns:task="http://www.ibm.com/xmlns/prod/websphere/mdm/task/schema" xmlns:termcondition="http://www.ibm.com/xmlns/prod/websphere/mdm/termcondition/schema" xmlns:tns="http://www.ibm.com/websphere/sibx/smo/v6.0.1" xmlns:tns1="http://GES_MF_LocationService/bo" xmlns:tns2="http://aig.us.com/ges/schema" xmlns:tns3="http://aig.us.com/ges/ext/v1" xmlns:tns4="http://www.pb.com/spectrum/services/MatchGlobalLocationService" xmlns:tns5="http://www.w3.org/2005/08/addressing" xmlns:tns6="http://www.w3.org/2003/05/soap-envelope" xmlns:tns_1="wsdl.http://spectrum.pb.com/" xmlns:workbasket="http://www.ibm.com/xmlns/prod/websphere/mdm/workbasket/schema" xmlns:wsa="http://schemas.xmlsoap.org/ws/2004/08/addressing" xmlns:bo="http://GES_Lib_Common/bo" xmlns:bo_1="http://GES_MF_LocationService/bo" xmlns:ge="http://GES_MF_LocationService" xmlns:ht="http://www.ibm.com/xmlns/prod/websphere/http/sca/6.1.0" xmlns:sc="http://aig.us.com/ges/schema" xmlns:se="http://www.pb.com/spectrum/services/MatchGlobalLocationService" xmlns:sp="wsdl.http://spectrum.pb.com/" xmlns:v12="http://aig.com/CommonHeaderV12" xmlns:v3="http://aig.us.com/ges/common/v3">
								<ges:physObjectId>1884700</ges:physObjectId>
								<ges:constructionType>
									<ges:constrnTypCd>6</ges:constrnTypCd>
									<ges:constrnTypDs>UNKNOWN</ges:constrnTypDs>
									<ges:constrnTypId>850</ges:constrnTypId>
									<ges:clsfctnScheme>RMS IND</ges:clsfctnScheme>
								</ges:constructionType>
								<ges:occupationType>
									<ges:ocptnTypCd>20</ges:ocptnTypCd>
									<ges:ocptnTypDs>Wholesale Trade</ges:ocptnTypDs>
									<ges:ocptnTypId>39</ges:ocptnTypId>
									<ges:clsfctnScheme>ATC</ges:clsfctnScheme>
								</ges:occupationType>
								<ges:name>SS</ges:name>
								<ges:flrAr>100000</ges:flrAr>
								<ges:flrArUom>Square Feet</ges:flrArUom>
								<ges:bltYr>2015</ges:bltYr>
								<ges:noOfStories>7</ges:noOfStories>
								<ges:creatUsrId>GRASP</ges:creatUsrId>
								<ges:siteNm>SS</ges:siteNm>
								<ges:coNmBusUnt>Eq4</ges:coNmBusUnt>
								<ges:prmryBldgIn>Y</ges:prmryBldgIn>
								<ges:currency>
									<ges:crncyCd>USD</ges:crncyCd>
									<ges:crncyDs>UNITED STATES DOLLAR</ges:crncyDs>
								</ges:currency>
								<ges:structureSecModifier>
									<ges:StructureSecModifier>
										<ges:name name="Engineering Override Hazard Grade">HG4</ges:name>
										<ges:cdGrpLabel>RANGE VALUES</ges:cdGrpLabel>
									</ges:StructureSecModifier>
									<ges:StructureSecModifier>
										<ges:name name="Predominant Construction Class">PCC1</ges:name>
										<ges:cdGrpLabel>RANGE VALUES</ges:cdGrpLabel>
									</ges:StructureSecModifier>
									<ges:StructureSecModifier>
										<ges:name name="Field/Desktop Assessed?">393</ges:name>
										<ges:cdGrpLabel>RANGE VALUES</ges:cdGrpLabel>
									</ges:StructureSecModifier>
									<ges:StructureSecModifier>
										<ges:name name="Terrorism Occupancy">Commercial</ges:name>
										<ges:cdGrpLabel>FREETEXT</ges:cdGrpLabel>
									</ges:StructureSecModifier>
								</ges:structureSecModifier>
								<ges:sic3DCd>346</ges:sic3DCd>
								<ges:sic4DCd>3469</ges:sic4DCd>
								<ges:sicGroup>34</ges:sicGroup>
							</ges:structure><ges:physicalObject xmlns:adv="http://www.ibm.com/xmlns/prod/websphere/wcc/adv/schema" xmlns:aigmdmadditions="http://additions.mdm.aig.com/aigmdmadditions/schema" xmlns:aigmdmbusinessproxy="http://businessproxy.mdm.aig.com/aigmdmbusinessproxy/schema" xmlns:billing="http://www.ibm.com/xmlns/prod/websphere/wcc/billing/schema" xmlns:bons0="http://aig.us.com/ges/common/v3" xmlns:business="http://www.ibm.com/xmlns/prod/websphere/wcc/business/schema" xmlns:ch="http://aig.com/CommonHeaderV12" xmlns:common="http://www.ibm.com/xmlns/prod/websphere/wcc/common/schema" xmlns:common-intf="http://www.ibm.com/xmlns/prod/websphere/wcc/common/intf/schema" xmlns:financial="http://www.ibm.com/xmlns/prod/websphere/wcc/financial/schema" xmlns:hierarchy="http://www.ibm.com/xmlns/prod/websphere/wcc/hierarchy/schema" xmlns:httpsca="http://www.ibm.com/xmlns/prod/websphere/http/sca/6.1.0" xmlns:mq="http://www.ibm.com/xmlns/prod/websphere/mq/sca/6.0.0" xmlns:p="http://ws-i.org/profiles/basic/1.1/xsd" xmlns:p1="http://GES_Lib_Common" xmlns:p2="http://GES_MF_LocationService" xmlns:p3="http://GES_Lib_Common/bo" xmlns:party="http://www.ibm.com/xmlns/prod/websphere/wcc/party/schema" xmlns:partybiz="http://www.ibm.com/xmlns/prod/websphere/wcc/partybiz/schema" xmlns:task="http://www.ibm.com/xmlns/prod/websphere/mdm/task/schema" xmlns:termcondition="http://www.ibm.com/xmlns/prod/websphere/mdm/termcondition/schema" xmlns:tns="http://www.ibm.com/websphere/sibx/smo/v6.0.1" xmlns:tns1="http://GES_MF_LocationService/bo" xmlns:tns2="http://aig.us.com/ges/schema" xmlns:tns3="http://aig.us.com/ges/ext/v1" xmlns:tns4="http://www.pb.com/spectrum/services/MatchGlobalLocationService" xmlns:tns5="http://www.w3.org/2005/08/addressing" xmlns:tns6="http://www.w3.org/2003/05/soap-envelope" xmlns:tns_1="wsdl.http://spectrum.pb.com/" xmlns:workbasket="http://www.ibm.com/xmlns/prod/websphere/mdm/workbasket/schema" xmlns:wsa="http://schemas.xmlsoap.org/ws/2004/08/addressing" xmlns:bo="http://GES_Lib_Common/bo" xmlns:bo_1="http://GES_MF_LocationService/bo" xmlns:ge="http://GES_MF_LocationService" xmlns:ht="http://www.ibm.com/xmlns/prod/websphere/http/sca/6.1.0" xmlns:sc="http://aig.us.com/ges/schema" xmlns:se="http://www.pb.com/spectrum/services/MatchGlobalLocationService" xmlns:sp="wsdl.http://spectrum.pb.com/" xmlns:v12="http://aig.com/CommonHeaderV12" xmlns:v3="http://aig.us.com/ges/common/v3"/><io11:actvIn>Y</io11:actvIn><io11:geographicArea><io11:ggrphcArId>47336393</io11:ggrphcArId><io11:ctyNm>Baranovichi</io11:ctyNm><io11:addr>Proletarskaja - UI 46 225320 Area Brest</io11:addr><io11:postalCd>211851</io11:postalCd><io11:dstrctNm/><io11:cntyNm>Postavskij</io11:cntyNm><ges:lattdInDegrs xmlns:adv="http://www.ibm.com/xmlns/prod/websphere/wcc/adv/schema" xmlns:aigmdmadditions="http://additions.mdm.aig.com/aigmdmadditions/schema" xmlns:aigmdmbusinessproxy="http://businessproxy.mdm.aig.com/aigmdmbusinessproxy/schema" xmlns:billing="http://www.ibm.com/xmlns/prod/websphere/wcc/billing/schema" xmlns:bons0="http://aig.us.com/ges/common/v3" xmlns:business="http://www.ibm.com/xmlns/prod/websphere/wcc/business/schema" xmlns:ch="http://aig.com/CommonHeaderV12" xmlns:common="http://www.ibm.com/xmlns/prod/websphere/wcc/common/schema" xmlns:common-intf="http://www.ibm.com/xmlns/prod/websphere/wcc/common/intf/schema" xmlns:financial="http://www.ibm.com/xmlns/prod/websphere/wcc/financial/schema" xmlns:hierarchy="http://www.ibm.com/xmlns/prod/websphere/wcc/hierarchy/schema" xmlns:httpsca="http://www.ibm.com/xmlns/prod/websphere/http/sca/6.1.0" xmlns:mq="http://www.ibm.com/xmlns/prod/websphere/mq/sca/6.0.0" xmlns:p="http://ws-i.org/profiles/basic/1.1/xsd" xmlns:p1="http://GES_Lib_Common" xmlns:p2="http://GES_MF_LocationService" xmlns:p3="http://GES_Lib_Common/bo" xmlns:party="http://www.ibm.com/xmlns/prod/websphere/wcc/party/schema" xmlns:partybiz="http://www.ibm.com/xmlns/prod/websphere/wcc/partybiz/schema" xmlns:task="http://www.ibm.com/xmlns/prod/websphere/mdm/task/schema" xmlns:termcondition="http://www.ibm.com/xmlns/prod/websphere/mdm/termcondition/schema" xmlns:tns="http://www.ibm.com/websphere/sibx/smo/v6.0.1" xmlns:tns1="http://GES_MF_LocationService/bo" xmlns:tns2="http://aig.us.com/ges/schema" xmlns:tns3="http://aig.us.com/ges/ext/v1" xmlns:tns4="http://www.pb.com/spectrum/services/MatchGlobalLocationService" xmlns:tns5="http://www.w3.org/2005/08/addressing" xmlns:tns6="http://www.w3.org/2003/05/soap-envelope" xmlns:tns_1="wsdl.http://spectrum.pb.com/" xmlns:workbasket="http://www.ibm.com/xmlns/prod/websphere/mdm/workbasket/schema" xmlns:wsa="http://schemas.xmlsoap.org/ws/2004/08/addressing" xmlns:bo="http://GES_Lib_Common/bo" xmlns:bo_1="http://GES_MF_LocationService/bo" xmlns:ge="http://GES_MF_LocationService" xmlns:ht="http://www.ibm.com/xmlns/prod/websphere/http/sca/6.1.0" xmlns:sc="http://aig.us.com/ges/schema" xmlns:se="http://www.pb.com/spectrum/services/MatchGlobalLocationService" xmlns:sp="wsdl.http://spectrum.pb.com/" xmlns:v12="http://aig.com/CommonHeaderV12" xmlns:v3="http://aig.us.com/ges/common/v3" Code="PBBI">
									<ges:Value>55.524640</ges:Value>
								</ges:lattdInDegrs><ges:lngtdInDegrs xmlns:adv="http://www.ibm.com/xmlns/prod/websphere/wcc/adv/schema" xmlns:aigmdmadditions="http://additions.mdm.aig.com/aigmdmadditions/schema" xmlns:aigmdmbusinessproxy="http://businessproxy.mdm.aig.com/aigmdmbusinessproxy/schema" xmlns:billing="http://www.ibm.com/xmlns/prod/websphere/wcc/billing/schema" xmlns:bons0="http://aig.us.com/ges/common/v3" xmlns:business="http://www.ibm.com/xmlns/prod/websphere/wcc/business/schema" xmlns:ch="http://aig.com/CommonHeaderV12" xmlns:common="http://www.ibm.com/xmlns/prod/websphere/wcc/common/schema" xmlns:common-intf="http://www.ibm.com/xmlns/prod/websphere/wcc/common/intf/schema" xmlns:financial="http://www.ibm.com/xmlns/prod/websphere/wcc/financial/schema" xmlns:hierarchy="http://www.ibm.com/xmlns/prod/websphere/wcc/hierarchy/schema" xmlns:httpsca="http://www.ibm.com/xmlns/prod/websphere/http/sca/6.1.0" xmlns:mq="http://www.ibm.com/xmlns/prod/websphere/mq/sca/6.0.0" xmlns:p="http://ws-i.org/profiles/basic/1.1/xsd" xmlns:p1="http://GES_Lib_Common" xmlns:p2="http://GES_MF_LocationService" xmlns:p3="http://GES_Lib_Common/bo" xmlns:party="http://www.ibm.com/xmlns/prod/websphere/wcc/party/schema" xmlns:partybiz="http://www.ibm.com/xmlns/prod/websphere/wcc/partybiz/schema" xmlns:task="http://www.ibm.com/xmlns/prod/websphere/mdm/task/schema" xmlns:termcondition="http://www.ibm.com/xmlns/prod/websphere/mdm/termcondition/schema" xmlns:tns="http://www.ibm.com/websphere/sibx/smo/v6.0.1" xmlns:tns1="http://GES_MF_LocationService/bo" xmlns:tns2="http://aig.us.com/ges/schema" xmlns:tns3="http://aig.us.com/ges/ext/v1" xmlns:tns4="http://www.pb.com/spectrum/services/MatchGlobalLocationService" xmlns:tns5="http://www.w3.org/2005/08/addressing" xmlns:tns6="http://www.w3.org/2003/05/soap-envelope" xmlns:tns_1="wsdl.http://spectrum.pb.com/" xmlns:workbasket="http://www.ibm.com/xmlns/prod/websphere/mdm/workbasket/schema" xmlns:wsa="http://schemas.xmlsoap.org/ws/2004/08/addressing" xmlns:bo="http://GES_Lib_Common/bo" xmlns:bo_1="http://GES_MF_LocationService/bo" xmlns:ge="http://GES_MF_LocationService" xmlns:ht="http://www.ibm.com/xmlns/prod/websphere/http/sca/6.1.0" xmlns:sc="http://aig.us.com/ges/schema" xmlns:se="http://www.pb.com/spectrum/services/MatchGlobalLocationService" xmlns:sp="wsdl.http://spectrum.pb.com/" xmlns:v12="http://aig.com/CommonHeaderV12" xmlns:v3="http://aig.us.com/ges/common/v3">
									<ges:Value>28.841350</ges:Value>
								</ges:lngtdInDegrs><io11:cntryNm>Uruguay</io11:cntryNm><io11:isAddrStndrdizedIn>N</io11:isAddrStndrdizedIn><io11:locPrecision>Centroid</io11:locPrecision></io11:geographicArea><io11:autoAugmentIn/><io11:esbCrossReferenceInfo><io11:prcsngStatCd>COMPLETED</io11:prcsngStatCd><io11:sovLocId>7041534</io11:sovLocId></io11:esbCrossReferenceInfo><io11:mdmCrossReferenceInfo><io11:mdmContId>187644258030933746</io11:mdmContId><io11:mdmContCmpntId>304425973070357639</io11:mdmContCmpntId><io11:mdmHoldgId>979442597306798217</io11:mdmHoldgId><io11:mdmAddrId>229244259730658894</io11:mdmAddrId><io11:sovLocId>7041534</io11:sovLocId></io11:mdmCrossReferenceInfo><io11:pbCrossReferenceInfo><io11:mtchky>P643B651URY</io11:mtchky></io11:pbCrossReferenceInfo><io11:isRequestForUpdate>true</io11:isRequestForUpdate></io26:sovLocation></io26:location><io26:location><io26:sovLocation><io11:version>16039</io11:version><io11:sovLocId>7041534</io11:sovLocId><io11:distanceFrom>25</io11:distanceFrom><ges:agreementRequestId xmlns:adv="http://www.ibm.com/xmlns/prod/websphere/wcc/adv/schema" xmlns:aigmdmadditions="http://additions.mdm.aig.com/aigmdmadditions/schema" xmlns:aigmdmbusinessproxy="http://businessproxy.mdm.aig.com/aigmdmbusinessproxy/schema" xmlns:billing="http://www.ibm.com/xmlns/prod/websphere/wcc/billing/schema" xmlns:bons0="http://aig.us.com/ges/common/v3" xmlns:business="http://www.ibm.com/xmlns/prod/websphere/wcc/business/schema" xmlns:ch="http://aig.com/CommonHeaderV12" xmlns:common="http://www.ibm.com/xmlns/prod/websphere/wcc/common/schema" xmlns:common-intf="http://www.ibm.com/xmlns/prod/websphere/wcc/common/intf/schema" xmlns:financial="http://www.ibm.com/xmlns/prod/websphere/wcc/financial/schema" xmlns:hierarchy="http://www.ibm.com/xmlns/prod/websphere/wcc/hierarchy/schema" xmlns:httpsca="http://www.ibm.com/xmlns/prod/websphere/http/sca/6.1.0" xmlns:mq="http://www.ibm.com/xmlns/prod/websphere/mq/sca/6.0.0" xmlns:p="http://ws-i.org/profiles/basic/1.1/xsd" xmlns:p1="http://GES_Lib_Common" xmlns:p2="http://GES_MF_LocationService" xmlns:p3="http://GES_Lib_Common/bo" xmlns:party="http://www.ibm.com/xmlns/prod/websphere/wcc/party/schema" xmlns:partybiz="http://www.ibm.com/xmlns/prod/websphere/wcc/partybiz/schema" xmlns:task="http://www.ibm.com/xmlns/prod/websphere/mdm/task/schema" xmlns:termcondition="http://www.ibm.com/xmlns/prod/websphere/mdm/termcondition/schema" xmlns:tns="http://www.ibm.com/websphere/sibx/smo/v6.0.1" xmlns:tns1="http://GES_MF_LocationService/bo" xmlns:tns2="http://aig.us.com/ges/schema" xmlns:tns3="http://aig.us.com/ges/ext/v1" xmlns:tns4="http://www.pb.com/spectrum/services/MatchGlobalLocationService" xmlns:tns5="http://www.w3.org/2005/08/addressing" xmlns:tns6="http://www.w3.org/2003/05/soap-envelope" xmlns:tns_1="wsdl.http://spectrum.pb.com/" xmlns:workbasket="http://www.ibm.com/xmlns/prod/websphere/mdm/workbasket/schema" xmlns:wsa="http://schemas.xmlsoap.org/ws/2004/08/addressing" xmlns:bo="http://GES_Lib_Common/bo" xmlns:bo_1="http://GES_MF_LocationService/bo" xmlns:ge="http://GES_MF_LocationService" xmlns:ht="http://www.ibm.com/xmlns/prod/websphere/http/sca/6.1.0" xmlns:sc="http://aig.us.com/ges/schema" xmlns:se="http://www.pb.com/spectrum/services/MatchGlobalLocationService" xmlns:sp="wsdl.http://spectrum.pb.com/" xmlns:v12="http://aig.com/CommonHeaderV12" xmlns:v3="http://aig.us.com/ges/common/v3" name="Opportunity Number">2073</ges:agreementRequestId><ges:structure xmlns:adv="http://www.ibm.com/xmlns/prod/websphere/wcc/adv/schema" xmlns:aigmdmadditions="http://additions.mdm.aig.com/aigmdmadditions/schema" xmlns:aigmdmbusinessproxy="http://businessproxy.mdm.aig.com/aigmdmbusinessproxy/schema" xmlns:billing="http://www.ibm.com/xmlns/prod/websphere/wcc/billing/schema" xmlns:bons0="http://aig.us.com/ges/common/v3" xmlns:business="http://www.ibm.com/xmlns/prod/websphere/wcc/business/schema" xmlns:ch="http://aig.com/CommonHeaderV12" xmlns:common="http://www.ibm.com/xmlns/prod/websphere/wcc/common/schema" xmlns:common-intf="http://www.ibm.com/xmlns/prod/websphere/wcc/common/intf/schema" xmlns:financial="http://www.ibm.com/xmlns/prod/websphere/wcc/financial/schema" xmlns:hierarchy="http://www.ibm.com/xmlns/prod/websphere/wcc/hierarchy/schema" xmlns:httpsca="http://www.ibm.com/xmlns/prod/websphere/http/sca/6.1.0" xmlns:mq="http://www.ibm.com/xmlns/prod/websphere/mq/sca/6.0.0" xmlns:p="http://ws-i.org/profiles/basic/1.1/xsd" xmlns:p1="http://GES_Lib_Common" xmlns:p2="http://GES_MF_LocationService" xmlns:p3="http://GES_Lib_Common/bo" xmlns:party="http://www.ibm.com/xmlns/prod/websphere/wcc/party/schema" xmlns:partybiz="http://www.ibm.com/xmlns/prod/websphere/wcc/partybiz/schema" xmlns:task="http://www.ibm.com/xmlns/prod/websphere/mdm/task/schema" xmlns:termcondition="http://www.ibm.com/xmlns/prod/websphere/mdm/termcondition/schema" xmlns:tns="http://www.ibm.com/websphere/sibx/smo/v6.0.1" xmlns:tns1="http://GES_MF_LocationService/bo" xmlns:tns2="http://aig.us.com/ges/schema" xmlns:tns3="http://aig.us.com/ges/ext/v1" xmlns:tns4="http://www.pb.com/spectrum/services/MatchGlobalLocationService" xmlns:tns5="http://www.w3.org/2005/08/addressing" xmlns:tns6="http://www.w3.org/2003/05/soap-envelope" xmlns:tns_1="wsdl.http://spectrum.pb.com/" xmlns:workbasket="http://www.ibm.com/xmlns/prod/websphere/mdm/workbasket/schema" xmlns:wsa="http://schemas.xmlsoap.org/ws/2004/08/addressing" xmlns:bo="http://GES_Lib_Common/bo" xmlns:bo_1="http://GES_MF_LocationService/bo" xmlns:ge="http://GES_MF_LocationService" xmlns:ht="http://www.ibm.com/xmlns/prod/websphere/http/sca/6.1.0" xmlns:sc="http://aig.us.com/ges/schema" xmlns:se="http://www.pb.com/spectrum/services/MatchGlobalLocationService" xmlns:sp="wsdl.http://spectrum.pb.com/" xmlns:v12="http://aig.com/CommonHeaderV12" xmlns:v3="http://aig.us.com/ges/common/v3">
								<ges:physObjectId>1884700</ges:physObjectId>
								<ges:constructionType>
									<ges:constrnTypCd>6</ges:constrnTypCd>
									<ges:constrnTypDs>UNKNOWN</ges:constrnTypDs>
									<ges:constrnTypId>850</ges:constrnTypId>
									<ges:clsfctnScheme>RMS IND</ges:clsfctnScheme>
								</ges:constructionType>
								<ges:occupationType>
									<ges:ocptnTypCd>20</ges:ocptnTypCd>
									<ges:ocptnTypDs>Wholesale Trade</ges:ocptnTypDs>
									<ges:ocptnTypId>39</ges:ocptnTypId>
									<ges:clsfctnScheme>ATC</ges:clsfctnScheme>
								</ges:occupationType>
								<ges:name>SS</ges:name>
								<ges:flrAr>100000</ges:flrAr>
								<ges:flrArUom>Square Feet</ges:flrArUom>
								<ges:creatUsrId>GRASP</ges:creatUsrId>
								<ges:siteNm>SS</ges:siteNm>
								<ges:coNmBusUnt>Eq4</ges:coNmBusUnt>
								<ges:prmryBldgIn>Y</ges:prmryBldgIn>
								<ges:currency>
									<ges:crncyCd>USD</ges:crncyCd>
									<ges:crncyDs>UNITED STATES DOLLAR</ges:crncyDs>
								</ges:currency>
								<ges:structureSecModifier>
									<ges:StructureSecModifier>
										<ges:name name="Engineering Override Hazard Grade">HG4</ges:name>
										<ges:cdGrpLabel>RANGE VALUES</ges:cdGrpLabel>
									</ges:StructureSecModifier>
									<ges:StructureSecModifier>
										<ges:name name="Predominant Construction Class">PCC1</ges:name>
										<ges:cdGrpLabel>RANGE VALUES</ges:cdGrpLabel>
									</ges:StructureSecModifier>
									<ges:StructureSecModifier>
										<ges:name name="Field/Desktop Assessed?">393</ges:name>
										<ges:cdGrpLabel>RANGE VALUES</ges:cdGrpLabel>
									</ges:StructureSecModifier>
									<ges:StructureSecModifier>
										<ges:name name="Terrorism Occupancy">Commercial</ges:name>
										<ges:cdGrpLabel>FREETEXT</ges:cdGrpLabel>
									</ges:StructureSecModifier>
								</ges:structureSecModifier>
								<ges:sic3DCd>346</ges:sic3DCd>
								<ges:sic4DCd>3469</ges:sic4DCd>
								<ges:sicGroup>34</ges:sicGroup>
							</ges:structure><ges:physicalObject xmlns:adv="http://www.ibm.com/xmlns/prod/websphere/wcc/adv/schema" xmlns:aigmdmadditions="http://additions.mdm.aig.com/aigmdmadditions/schema" xmlns:aigmdmbusinessproxy="http://businessproxy.mdm.aig.com/aigmdmbusinessproxy/schema" xmlns:billing="http://www.ibm.com/xmlns/prod/websphere/wcc/billing/schema" xmlns:bons0="http://aig.us.com/ges/common/v3" xmlns:business="http://www.ibm.com/xmlns/prod/websphere/wcc/business/schema" xmlns:ch="http://aig.com/CommonHeaderV12" xmlns:common="http://www.ibm.com/xmlns/prod/websphere/wcc/common/schema" xmlns:common-intf="http://www.ibm.com/xmlns/prod/websphere/wcc/common/intf/schema" xmlns:financial="http://www.ibm.com/xmlns/prod/websphere/wcc/financial/schema" xmlns:hierarchy="http://www.ibm.com/xmlns/prod/websphere/wcc/hierarchy/schema" xmlns:httpsca="http://www.ibm.com/xmlns/prod/websphere/http/sca/6.1.0" xmlns:mq="http://www.ibm.com/xmlns/prod/websphere/mq/sca/6.0.0" xmlns:p="http://ws-i.org/profiles/basic/1.1/xsd" xmlns:p1="http://GES_Lib_Common" xmlns:p2="http://GES_MF_LocationService" xmlns:p3="http://GES_Lib_Common/bo" xmlns:party="http://www.ibm.com/xmlns/prod/websphere/wcc/party/schema" xmlns:partybiz="http://www.ibm.com/xmlns/prod/websphere/wcc/partybiz/schema" xmlns:task="http://www.ibm.com/xmlns/prod/websphere/mdm/task/schema" xmlns:termcondition="http://www.ibm.com/xmlns/prod/websphere/mdm/termcondition/schema" xmlns:tns="http://www.ibm.com/websphere/sibx/smo/v6.0.1" xmlns:tns1="http://GES_MF_LocationService/bo" xmlns:tns2="http://aig.us.com/ges/schema" xmlns:tns3="http://aig.us.com/ges/ext/v1" xmlns:tns4="http://www.pb.com/spectrum/services/MatchGlobalLocationService" xmlns:tns5="http://www.w3.org/2005/08/addressing" xmlns:tns6="http://www.w3.org/2003/05/soap-envelope" xmlns:tns_1="wsdl.http://spectrum.pb.com/" xmlns:workbasket="http://www.ibm.com/xmlns/prod/websphere/mdm/workbasket/schema" xmlns:wsa="http://schemas.xmlsoap.org/ws/2004/08/addressing" xmlns:bo="http://GES_Lib_Common/bo" xmlns:bo_1="http://GES_MF_LocationService/bo" xmlns:ge="http://GES_MF_LocationService" xmlns:ht="http://www.ibm.com/xmlns/prod/websphere/http/sca/6.1.0" xmlns:sc="http://aig.us.com/ges/schema" xmlns:se="http://www.pb.com/spectrum/services/MatchGlobalLocationService" xmlns:sp="wsdl.http://spectrum.pb.com/" xmlns:v12="http://aig.com/CommonHeaderV12" xmlns:v3="http://aig.us.com/ges/common/v3"/><io11:actvIn>Y</io11:actvIn><io11:geographicArea><io11:ggrphcArId>47336393</io11:ggrphcArId><io11:ctyNm>Baranovichi</io11:ctyNm><io11:addr>Proletarskaja - UI 46 225320 Area Brest</io11:addr><io11:postalCd>211851</io11:postalCd><io11:dstrctNm/><io11:cntyNm>Postavskij</io11:cntyNm><ges:lattdInDegrs xmlns:adv="http://www.ibm.com/xmlns/prod/websphere/wcc/adv/schema" xmlns:aigmdmadditions="http://additions.mdm.aig.com/aigmdmadditions/schema" xmlns:aigmdmbusinessproxy="http://businessproxy.mdm.aig.com/aigmdmbusinessproxy/schema" xmlns:billing="http://www.ibm.com/xmlns/prod/websphere/wcc/billing/schema" xmlns:bons0="http://aig.us.com/ges/common/v3" xmlns:business="http://www.ibm.com/xmlns/prod/websphere/wcc/business/schema" xmlns:ch="http://aig.com/CommonHeaderV12" xmlns:common="http://www.ibm.com/xmlns/prod/websphere/wcc/common/schema" xmlns:common-intf="http://www.ibm.com/xmlns/prod/websphere/wcc/common/intf/schema" xmlns:financial="http://www.ibm.com/xmlns/prod/websphere/wcc/financial/schema" xmlns:hierarchy="http://www.ibm.com/xmlns/prod/websphere/wcc/hierarchy/schema" xmlns:httpsca="http://www.ibm.com/xmlns/prod/websphere/http/sca/6.1.0" xmlns:mq="http://www.ibm.com/xmlns/prod/websphere/mq/sca/6.0.0" xmlns:p="http://ws-i.org/profiles/basic/1.1/xsd" xmlns:p1="http://GES_Lib_Common" xmlns:p2="http://GES_MF_LocationService" xmlns:p3="http://GES_Lib_Common/bo" xmlns:party="http://www.ibm.com/xmlns/prod/websphere/wcc/party/schema" xmlns:partybiz="http://www.ibm.com/xmlns/prod/websphere/wcc/partybiz/schema" xmlns:task="http://www.ibm.com/xmlns/prod/websphere/mdm/task/schema" xmlns:termcondition="http://www.ibm.com/xmlns/prod/websphere/mdm/termcondition/schema" xmlns:tns="http://www.ibm.com/websphere/sibx/smo/v6.0.1" xmlns:tns1="http://GES_MF_LocationService/bo" xmlns:tns2="http://aig.us.com/ges/schema" xmlns:tns3="http://aig.us.com/ges/ext/v1" xmlns:tns4="http://www.pb.com/spectrum/services/MatchGlobalLocationService" xmlns:tns5="http://www.w3.org/2005/08/addressing" xmlns:tns6="http://www.w3.org/2003/05/soap-envelope" xmlns:tns_1="wsdl.http://spectrum.pb.com/" xmlns:workbasket="http://www.ibm.com/xmlns/prod/websphere/mdm/workbasket/schema" xmlns:wsa="http://schemas.xmlsoap.org/ws/2004/08/addressing" xmlns:bo="http://GES_Lib_Common/bo" xmlns:bo_1="http://GES_MF_LocationService/bo" xmlns:ge="http://GES_MF_LocationService" xmlns:ht="http://www.ibm.com/xmlns/prod/websphere/http/sca/6.1.0" xmlns:sc="http://aig.us.com/ges/schema" xmlns:se="http://www.pb.com/spectrum/services/MatchGlobalLocationService" xmlns:sp="wsdl.http://spectrum.pb.com/" xmlns:v12="http://aig.com/CommonHeaderV12" xmlns:v3="http://aig.us.com/ges/common/v3" Code="PBBI">
									<ges:Value>55.524640</ges:Value>
								</ges:lattdInDegrs><ges:lngtdInDegrs xmlns:adv="http://www.ibm.com/xmlns/prod/websphere/wcc/adv/schema" xmlns:aigmdmadditions="http://additions.mdm.aig.com/aigmdmadditions/schema" xmlns:aigmdmbusinessproxy="http://businessproxy.mdm.aig.com/aigmdmbusinessproxy/schema" xmlns:billing="http://www.ibm.com/xmlns/prod/websphere/wcc/billing/schema" xmlns:bons0="http://aig.us.com/ges/common/v3" xmlns:business="http://www.ibm.com/xmlns/prod/websphere/wcc/business/schema" xmlns:ch="http://aig.com/CommonHeaderV12" xmlns:common="http://www.ibm.com/xmlns/prod/websphere/wcc/common/schema" xmlns:common-intf="http://www.ibm.com/xmlns/prod/websphere/wcc/common/intf/schema" xmlns:financial="http://www.ibm.com/xmlns/prod/websphere/wcc/financial/schema" xmlns:hierarchy="http://www.ibm.com/xmlns/prod/websphere/wcc/hierarchy/schema" xmlns:httpsca="http://www.ibm.com/xmlns/prod/websphere/http/sca/6.1.0" xmlns:mq="http://www.ibm.com/xmlns/prod/websphere/mq/sca/6.0.0" xmlns:p="http://ws-i.org/profiles/basic/1.1/xsd" xmlns:p1="http://GES_Lib_Common" xmlns:p2="http://GES_MF_LocationService" xmlns:p3="http://GES_Lib_Common/bo" xmlns:party="http://www.ibm.com/xmlns/prod/websphere/wcc/party/schema" xmlns:partybiz="http://www.ibm.com/xmlns/prod/websphere/wcc/partybiz/schema" xmlns:task="http://www.ibm.com/xmlns/prod/websphere/mdm/task/schema" xmlns:termcondition="http://www.ibm.com/xmlns/prod/websphere/mdm/termcondition/schema" xmlns:tns="http://www.ibm.com/websphere/sibx/smo/v6.0.1" xmlns:tns1="http://GES_MF_LocationService/bo" xmlns:tns2="http://aig.us.com/ges/schema" xmlns:tns3="http://aig.us.com/ges/ext/v1" xmlns:tns4="http://www.pb.com/spectrum/services/MatchGlobalLocationService" xmlns:tns5="http://www.w3.org/2005/08/addressing" xmlns:tns6="http://www.w3.org/2003/05/soap-envelope" xmlns:tns_1="wsdl.http://spectrum.pb.com/" xmlns:workbasket="http://www.ibm.com/xmlns/prod/websphere/mdm/workbasket/schema" xmlns:wsa="http://schemas.xmlsoap.org/ws/2004/08/addressing" xmlns:bo="http://GES_Lib_Common/bo" xmlns:bo_1="http://GES_MF_LocationService/bo" xmlns:ge="http://GES_MF_LocationService" xmlns:ht="http://www.ibm.com/xmlns/prod/websphere/http/sca/6.1.0" xmlns:sc="http://aig.us.com/ges/schema" xmlns:se="http://www.pb.com/spectrum/services/MatchGlobalLocationService" xmlns:sp="wsdl.http://spectrum.pb.com/" xmlns:v12="http://aig.com/CommonHeaderV12" xmlns:v3="http://aig.us.com/ges/common/v3">
									<ges:Value>28.841350</ges:Value>
								</ges:lngtdInDegrs><io11:cntryNm>Uruguay</io11:cntryNm><io11:isAddrStndrdizedIn>N</io11:isAddrStndrdizedIn><io11:locPrecision>Centroid</io11:locPrecision></io11:geographicArea><io11:autoAugmentIn/><io11:esbCrossReferenceInfo><io11:prcsngStatCd>COMPLETED</io11:prcsngStatCd><io11:sovLocId>7041534</io11:sovLocId></io11:esbCrossReferenceInfo><io11:mdmCrossReferenceInfo><io11:mdmContId>187644258030933746</io11:mdmContId><io11:mdmContCmpntId>304425973070357639</io11:mdmContCmpntId><io11:mdmHoldgId>979442597306798217</io11:mdmHoldgId><io11:mdmAddrId>229244259730658894</io11:mdmAddrId><io11:sovLocId>7041534</io11:sovLocId></io11:mdmCrossReferenceInfo><io11:pbCrossReferenceInfo><io11:mtchky>P643B651URY</io11:mtchky></io11:pbCrossReferenceInfo><io11:isRequestForUpdate>true</io11:isRequestForUpdate></io26:sovLocation></io26:location></io26:matchLocationsRequest></matchLocationsRequest><v12:RequestHeader xmlns:v12="http://aig.com/CommonHeaderV12" xmlns:adv="http://www.ibm.com/xmlns/prod/websphere/wcc/adv/schema" xmlns:aigmdmadditions="http://additions.mdm.aig.com/aigmdmadditions/schema" xmlns:aigmdmbusinessproxy="http://businessproxy.mdm.aig.com/aigmdmbusinessproxy/schema" xmlns:billing="http://www.ibm.com/xmlns/prod/websphere/wcc/billing/schema" xmlns:bons0="http://aig.us.com/ges/common/v3" xmlns:business="http://www.ibm.com/xmlns/prod/websphere/wcc/business/schema" xmlns:ch="http://aig.com/CommonHeaderV12" xmlns:common="http://www.ibm.com/xmlns/prod/websphere/wcc/common/schema" xmlns:common-intf="http://www.ibm.com/xmlns/prod/websphere/wcc/common/intf/schema" xmlns:financial="http://www.ibm.com/xmlns/prod/websphere/wcc/financial/schema" xmlns:hierarchy="http://www.ibm.com/xmlns/prod/websphere/wcc/hierarchy/schema" xmlns:httpsca="http://www.ibm.com/xmlns/prod/websphere/http/sca/6.1.0" xmlns:mq="http://www.ibm.com/xmlns/prod/websphere/mq/sca/6.0.0" xmlns:p="http://ws-i.org/profiles/basic/1.1/xsd" xmlns:p1="http://GES_Lib_Common" xmlns:p2="http://GES_MF_LocationService" xmlns:p3="http://GES_Lib_Common/bo" xmlns:party="http://www.ibm.com/xmlns/prod/websphere/wcc/party/schema" xmlns:partybiz="http://www.ibm.com/xmlns/prod/websphere/wcc/partybiz/schema" xmlns:task="http://www.ibm.com/xmlns/prod/websphere/mdm/task/schema" xmlns:termcondition="http://www.ibm.com/xmlns/prod/websphere/mdm/termcondition/schema" xmlns:tns="http://www.ibm.com/websphere/sibx/smo/v6.0.1" xmlns:tns1="http://GES_MF_LocationService/bo" xmlns:tns2="http://aig.us.com/ges/schema" xmlns:tns3="http://aig.us.com/ges/ext/v1" xmlns:tns4="http://www.pb.com/spectrum/services/MatchGlobalLocationService" xmlns:tns5="http://www.w3.org/2005/08/addressing" xmlns:tns6="http://www.w3.org/2003/05/soap-envelope" xmlns:tns_1="wsdl.http://spectrum.pb.com/" xmlns:workbasket="http://www.ibm.com/xmlns/prod/websphere/mdm/workbasket/schema" xmlns:wsa="http://schemas.xmlsoap.org/ws/2004/08/addressing" xmlns:bo="http://GES_Lib_Common/bo" xmlns:bo_1="http://GES_MF_LocationService/bo" xmlns:ge="http://GES_MF_LocationService" xmlns:ht="http://www.ibm.com/xmlns/prod/websphere/http/sca/6.1.0" xmlns:sc="http://aig.us.com/ges/schema" xmlns:se="http://www.pb.com/spectrum/services/MatchGlobalLocationService" xmlns:sp="wsdl.http://spectrum.pb.com/" xmlns:v3="http://aig.us.com/ges/common/v3">
				<v12:ServiceRequestContext>
					<ServiceInvoker>GRASP</ServiceInvoker>
					<ServiceProvider>GES</ServiceProvider>
					<ClientId>GRASP</ClientId>
					<RequestMessageId>D51B60AD-B217-4C0F-BE2C-AD41609E9E98</RequestMessageId>
					<RequestTimestamp>2015-09-18T17:28:17.718Z</RequestTimestamp>
					<InteractionProtocol>SynchronousRequestAndResponse</InteractionProtocol>
				</v12:ServiceRequestContext>
			</v12:RequestHeader></correlation><transient xmlns:adv="http://www.ibm.com/xmlns/prod/websphere/wcc/adv/schema" xmlns:aigmdmadditions="http://additions.mdm.aig.com/aigmdmadditions/schema" xmlns:aigmdmbusinessproxy="http://businessproxy.mdm.aig.com/aigmdmbusinessproxy/schema" xmlns:billing="http://www.ibm.com/xmlns/prod/websphere/wcc/billing/schema" xmlns:bons0="http://aig.us.com/ges/common/v3" xmlns:business="http://www.ibm.com/xmlns/prod/websphere/wcc/business/schema" xmlns:ch="http://aig.com/CommonHeaderV12" xmlns:common="http://www.ibm.com/xmlns/prod/websphere/wcc/common/schema" xmlns:common-intf="http://www.ibm.com/xmlns/prod/websphere/wcc/common/intf/schema" xmlns:financial="http://www.ibm.com/xmlns/prod/websphere/wcc/financial/schema" xmlns:hierarchy="http://www.ibm.com/xmlns/prod/websphere/wcc/hierarchy/schema" xmlns:httpsca="http://www.ibm.com/xmlns/prod/websphere/http/sca/6.1.0" xmlns:mq="http://www.ibm.com/xmlns/prod/websphere/mq/sca/6.0.0" xmlns:p="http://ws-i.org/profiles/basic/1.1/xsd" xmlns:p1="http://GES_Lib_Common" xmlns:p2="http://GES_MF_LocationService" xmlns:p3="http://GES_Lib_Common/bo" xmlns:party="http://www.ibm.com/xmlns/prod/websphere/wcc/party/schema" xmlns:partybiz="http://www.ibm.com/xmlns/prod/websphere/wcc/partybiz/schema" xmlns:task="http://www.ibm.com/xmlns/prod/websphere/mdm/task/schema" xmlns:termcondition="http://www.ibm.com/xmlns/prod/websphere/mdm/termcondition/schema" xmlns:tns="http://www.ibm.com/websphere/sibx/smo/v6.0.1" xmlns:tns1="http://GES_MF_LocationService/bo" xmlns:tns2="http://aig.us.com/ges/schema" xmlns:tns3="http://aig.us.com/ges/ext/v1" xmlns:tns4="http://www.pb.com/spectrum/services/MatchGlobalLocationService" xmlns:tns5="http://www.w3.org/2005/08/addressing" xmlns:tns6="http://www.w3.org/2003/05/soap-envelope" xmlns:tns_1="wsdl.http://spectrum.pb.com/" xmlns:workbasket="http://www.ibm.com/xmlns/prod/websphere/mdm/workbasket/schema" xmlns:wsa="http://schemas.xmlsoap.org/ws/2004/08/addressing" xmlns:bo="http://GES_Lib_Common/bo" xmlns:bo_1="http://GES_MF_LocationService/bo" xmlns:ge="http://GES_MF_LocationService" xmlns:ht="http://www.ibm.com/xmlns/prod/websphere/http/sca/6.1.0" xmlns:sc="http://aig.us.com/ges/schema" xmlns:se="http://www.pb.com/spectrum/services/MatchGlobalLocationService" xmlns:sp="wsdl.http://spectrum.pb.com/" xmlns:v12="http://aig.com/CommonHeaderV12" xmlns:v3="http://aig.us.com/ges/common/v3" xsi:type="bo:ExceptionObj"/><shared xsi:type="io18:LocationServiceSharedContext"/></context><headers><SMOHeader><MessageUUID>4058BE8D-0150-4000-E000-32080A200B62</MessageUUID><Version><Version>7</Version><Release>0</Release><Modification>0</Modification></Version><MessageType>Response</MessageType><Operation>MatchGlobalLocationService</Operation><Action>http://spectrum.pb.com/MatchGlobalLocationService/MatchGlobalLocationService</Action><SourceNode>MatchGlobalLocationService_WSImp</SourceNode><SourceBindingType>WebService</SourceBindingType><Interface>wsdl:http://spectrum.pb.com/</Interface></SMOHeader><HTTPHeader><control><io25:URL>
					http://10.32.11.98:43200/GES_BP_PBBILocationService_v3_6_0Web/sca/PBBILocationServiceV2_WSExp</io25:URL></control></HTTPHeader></headers><body xsi:type="out2:matchLocationsResponseMsg"><out:matchLocationsResponseParameter><io26:matchLocationsResponse><io26:matchLocations><io26:matchScore>

		
		




		SCORE IS
		</io26:matchScore><io26:matchLocations><io11:version>16039</io11:version><io11:sovLocId>7041534</io11:sovLocId><io11:matchScore>

		
		




		SCORE IS
		</io11:matchScore><io11:agreementRequestId name="Opportunity Number">2073</io11:agreementRequestId><io11:structure><io11:physObjectId>1884700</io11:physObjectId><io11:constructionType><io11:constrnTypCd>6</io11:constrnTypCd><io11:constrnTypDs>UNKNOWN</io11:constrnTypDs><io11:constrnTypId>850</io11:constrnTypId><io11:clsfctnScheme>RMS IND</io11:clsfctnScheme></io11:constructionType><io11:occupationType><io11:ocptnTypCd>20</io11:ocptnTypCd><io11:ocptnTypDs>Wholesale Trade</io11:ocptnTypDs><io11:ocptnTypId>39</io11:ocptnTypId><io11:clsfctnScheme>ATC</io11:clsfctnScheme></io11:occupationType><io11:name>SS</io11:name><io11:flrAr>100000</io11:flrAr><io11:flrArUom>Square Feet</io11:flrArUom><io11:bltYr>2001</io11:bltYr><io11:noOfStories>15</io11:noOfStories><io11:creatUsrId>GRASP</io11:creatUsrId><io11:siteNm>SS</io11:siteNm><io11:coNmBusUnt>Eq4</io11:coNmBusUnt><io11:prmryBldgIn>Y</io11:prmryBldgIn><io11:currency><io11:crncyCd>USD</io11:crncyCd><io11:crncyDs>UNITED STATES DOLLAR</io11:crncyDs></io11:currency><io11:structureSecModifier><io11:StructureSecModifier><io11:name name="Engineering Override Hazard Grade">HG4</io11:name><io11:cdGrpLabel>RANGE VALUES</io11:cdGrpLabel></io11:StructureSecModifier><io11:StructureSecModifier><io11:name name="Predominant Construction Class">PCC1</io11:name><io11:cdGrpLabel>RANGE VALUES</io11:cdGrpLabel></io11:StructureSecModifier><io11:StructureSecModifier><io11:name name="Field/Desktop Assessed?">393</io11:name><io11:cdGrpLabel>RANGE VALUES</io11:cdGrpLabel></io11:StructureSecModifier><io11:StructureSecModifier><io11:name name="Terrorism Occupancy">Commercial</io11:name><io11:cdGrpLabel>FREETEXT</io11:cdGrpLabel></io11:StructureSecModifier></io11:structureSecModifier></io11:structure><io11:physicalObject/><io11:actvIn>Y</io11:actvIn><io11:geographicArea><io11:ggrphcArId>47336393</io11:ggrphcArId><io11:ctyNm>Baranovichi</io11:ctyNm><io11:addr>Proletarskaja - UI 46 225320 Area Brest</io11:addr><io11:postalCd>211851</io11:postalCd><io11:dstrctNm/><io11:cntyNm>Postavskij</io11:cntyNm><io11:lattdInDegrs Code="PBBI"><io11:Value>55.524640</io11:Value></io11:lattdInDegrs><io11:lngtdInDegrs Code="PBBI"><io11:Value>28.841350</io11:Value></io11:lngtdInDegrs><io11:cntryNm>Uruguay</io11:cntryNm><io11:isAddrStndrdizedIn>N</io11:isAddrStndrdizedIn><io11:locPrecision>Centroid</io11:locPrecision><io11:geoCdTyNm>PBBI</io11:geoCdTyNm></io11:geographicArea><io11:autoAugmentIn/><io11:esbCrossReferenceInfo><io11:prcsngStatCd>COMPLETED</io11:prcsngStatCd><io11:sovLocId>7041534</io11:sovLocId></io11:esbCrossReferenceInfo><io11:mdmCrossReferenceInfo><io11:mdmContId>187644258030933746</io11:mdmContId><io11:mdmContCmpntId>304425973070357639</io11:mdmContCmpntId><io11:mdmHoldgId>979442597306798217</io11:mdmHoldgId><io11:mdmAddrId>229244259730658894</io11:mdmAddrId><io11:sovLocId>7041534</io11:sovLocId></io11:mdmCrossReferenceInfo><io11:pbCrossReferenceInfo><io11:mtchky>P643B651URY</io11:mtchky></io11:pbCrossReferenceInfo><io11:isRequestForUpdate>true</io11:isRequestForUpdate></io26:matchLocations></io26:matchLocations><io26:matchLocations><io26:matchScore>

		
		




		SCORE IS
		</io26:matchScore><io26:matchLocations><io11:version>16039</io11:version><io11:sovLocId>7041534</io11:sovLocId><io11:matchScore>

		
		




		SCORE IS
		</io11:matchScore><io11:agreementRequestId name="Opportunity Number">2073</io11:agreementRequestId><io11:structure><io11:physObjectId>1884700</io11:physObjectId><io11:constructionType><io11:constrnTypCd>6</io11:constrnTypCd><io11:constrnTypDs>UNKNOWN</io11:constrnTypDs><io11:constrnTypId>850</io11:constrnTypId><io11:clsfctnScheme>RMS IND</io11:clsfctnScheme></io11:constructionType><io11:occupationType><io11:ocptnTypCd>20</io11:ocptnTypCd><io11:ocptnTypDs>Wholesale Trade</io11:ocptnTypDs><io11:ocptnTypId>39</io11:ocptnTypId><io11:clsfctnScheme>ATC</io11:clsfctnScheme></io11:occupationType><io11:name>SS</io11:name><io11:flrAr>100000</io11:flrAr><io11:flrArUom>Square Feet</io11:flrArUom><io11:bltYr>2010</io11:bltYr><io11:noOfStories>20</io11:noOfStories><io11:creatUsrId>GRASP</io11:creatUsrId><io11:siteNm>SS</io11:siteNm><io11:coNmBusUnt>Eq4</io11:coNmBusUnt><io11:prmryBldgIn>Y</io11:prmryBldgIn><io11:currency><io11:crncyCd>USD</io11:crncyCd><io11:crncyDs>UNITED STATES DOLLAR</io11:crncyDs></io11:currency><io11:structureSecModifier><io11:StructureSecModifier><io11:name name="Engineering Override Hazard Grade">HG4</io11:name><io11:cdGrpLabel>RANGE VALUES</io11:cdGrpLabel></io11:StructureSecModifier><io11:StructureSecModifier><io11:name name="Predominant Construction Class">PCC1</io11:name><io11:cdGrpLabel>RANGE VALUES</io11:cdGrpLabel></io11:StructureSecModifier><io11:StructureSecModifier><io11:name name="Field/Desktop Assessed?">393</io11:name><io11:cdGrpLabel>RANGE VALUES</io11:cdGrpLabel></io11:StructureSecModifier><io11:StructureSecModifier><io11:name name="Terrorism Occupancy">Commercial</io11:name><io11:cdGrpLabel>FREETEXT</io11:cdGrpLabel></io11:StructureSecModifier></io11:structureSecModifier></io11:structure><io11:physicalObject/><io11:actvIn>Y</io11:actvIn><io11:geographicArea><io11:ggrphcArId>47336393</io11:ggrphcArId><io11:ctyNm>Baranovichi</io11:ctyNm><io11:addr>Proletarskaja - UI 46 225320 Area Brest</io11:addr><io11:postalCd>211851</io11:postalCd><io11:dstrctNm/><io11:cntyNm>Postavskij</io11:cntyNm><io11:lattdInDegrs Code="PBBI"><io11:Value>55.524640</io11:Value></io11:lattdInDegrs><io11:lngtdInDegrs Code="PBBI"><io11:Value>28.841350</io11:Value></io11:lngtdInDegrs><io11:cntryNm>Uruguay</io11:cntryNm><io11:isAddrStndrdizedIn>N</io11:isAddrStndrdizedIn><io11:locPrecision>Centroid</io11:locPrecision><io11:geoCdTyNm>PBBI</io11:geoCdTyNm></io11:geographicArea><io11:autoAugmentIn/><io11:esbCrossReferenceInfo><io11:prcsngStatCd>COMPLETED</io11:prcsngStatCd><io11:sovLocId>7041534</io11:sovLocId></io11:esbCrossReferenceInfo><io11:mdmCrossReferenceInfo><io11:mdmContId>187644258030933746</io11:mdmContId><io11:mdmContCmpntId>304425973070357639</io11:mdmContCmpntId><io11:mdmHoldgId>979442597306798217</io11:mdmHoldgId><io11:mdmAddrId>229244259730658894</io11:mdmAddrId><io11:sovLocId>7041534</io11:sovLocId></io11:mdmCrossReferenceInfo><io11:pbCrossReferenceInfo><io11:mtchky>P643B651URY</io11:mtchky></io11:pbCrossReferenceInfo><io11:isRequestForUpdate>true</io11:isRequestForUpdate></io26:matchLocations></io26:matchLocations><io26:matchLocations><io26:matchScore>

		
		




		SCORE IS
		</io26:matchScore><io26:matchLocations><io11:version>16039</io11:version><io11:sovLocId>7041534</io11:sovLocId><io11:matchScore>

		
		




		SCORE IS
		</io11:matchScore><io11:agreementRequestId name="Opportunity Number">2073</io11:agreementRequestId><io11:structure><io11:physObjectId>1884700</io11:physObjectId><io11:constructionType><io11:constrnTypCd>6</io11:constrnTypCd><io11:constrnTypDs>UNKNOWN</io11:constrnTypDs><io11:constrnTypId>850</io11:constrnTypId><io11:clsfctnScheme>RMS IND</io11:clsfctnScheme></io11:constructionType><io11:occupationType><io11:ocptnTypCd>20</io11:ocptnTypCd><io11:ocptnTypDs>Wholesale Trade</io11:ocptnTypDs><io11:ocptnTypId>39</io11:ocptnTypId><io11:clsfctnScheme>ATC</io11:clsfctnScheme></io11:occupationType><io11:name>SS</io11:name><io11:flrAr>100000</io11:flrAr><io11:flrArUom>Square Feet</io11:flrArUom><io11:bltYr>2015</io11:bltYr><io11:noOfStories>7</io11:noOfStories><io11:creatUsrId>GRASP</io11:creatUsrId><io11:siteNm>SS</io11:siteNm><io11:coNmBusUnt>Eq4</io11:coNmBusUnt><io11:prmryBldgIn>Y</io11:prmryBldgIn><io11:currency><io11:crncyCd>USD</io11:crncyCd><io11:crncyDs>UNITED STATES DOLLAR</io11:crncyDs></io11:currency><io11:structureSecModifier><io11:StructureSecModifier><io11:name name="Engineering Override Hazard Grade">HG4</io11:name><io11:cdGrpLabel>RANGE VALUES</io11:cdGrpLabel></io11:StructureSecModifier><io11:StructureSecModifier><io11:name name="Predominant Construction Class">PCC1</io11:name><io11:cdGrpLabel>RANGE VALUES</io11:cdGrpLabel></io11:StructureSecModifier><io11:StructureSecModifier><io11:name name="Field/Desktop Assessed?">393</io11:name><io11:cdGrpLabel>RANGE VALUES</io11:cdGrpLabel></io11:StructureSecModifier><io11:StructureSecModifier><io11:name name="Terrorism Occupancy">Commercial</io11:name><io11:cdGrpLabel>FREETEXT</io11:cdGrpLabel></io11:StructureSecModifier></io11:structureSecModifier></io11:structure><io11:physicalObject/><io11:actvIn>Y</io11:actvIn><io11:geographicArea><io11:ggrphcArId>47336393</io11:ggrphcArId><io11:ctyNm>Baranovichi</io11:ctyNm><io11:addr>Proletarskaja - UI 46 225320 Area Brest</io11:addr><io11:postalCd>211851</io11:postalCd><io11:dstrctNm/><io11:cntyNm>Postavskij</io11:cntyNm><io11:lattdInDegrs Code="PBBI"><io11:Value>55.524640</io11:Value></io11:lattdInDegrs><io11:lngtdInDegrs Code="PBBI"><io11:Value>28.841350</io11:Value></io11:lngtdInDegrs><io11:cntryNm>Uruguay</io11:cntryNm><io11:isAddrStndrdizedIn>N</io11:isAddrStndrdizedIn><io11:locPrecision>Centroid</io11:locPrecision><io11:geoCdTyNm>PBBI</io11:geoCdTyNm></io11:geographicArea><io11:autoAugmentIn/><io11:esbCrossReferenceInfo><io11:prcsngStatCd>COMPLETED</io11:prcsngStatCd><io11:sovLocId>7041534</io11:sovLocId></io11:esbCrossReferenceInfo><io11:mdmCrossReferenceInfo><io11:mdmContId>187644258030933746</io11:mdmContId><io11:mdmContCmpntId>304425973070357639</io11:mdmContCmpntId><io11:mdmHoldgId>979442597306798217</io11:mdmHoldgId><io11:mdmAddrId>229244259730658894</io11:mdmAddrId><io11:sovLocId>7041534</io11:sovLocId></io11:mdmCrossReferenceInfo><io11:pbCrossReferenceInfo><io11:mtchky>P643B651URY</io11:mtchky></io11:pbCrossReferenceInfo><io11:isRequestForUpdate>true</io11:isRequestForUpdate></io26:matchLocations></io26:matchLocations><io26:matchLocations/></io26:matchLocationsResponse></out:matchLocationsResponseParameter></body></io16:smo>