<?xml version="1.0" encoding="UTF-8"?>
<tns:smo xmlns:adv="http://www.ibm.com/xmlns/prod/websphere/wcc/adv/schema"
	xmlns:aigmdmadditions="http://additions.mdm.aig.com/aigmdmadditions/schema"
	xmlns:aigmdmbusinessproxy="http://businessproxy.mdm.aig.com/aigmdmbusinessproxy/schema"
	xmlns:billing="http://www.ibm.com/xmlns/prod/websphere/wcc/billing/schema"
	xmlns:bons0="http://aig.us.com/ges/common/v3"
	xmlns:business="http://www.ibm.com/xmlns/prod/websphere/wcc/business/schema"
	xmlns:ch="http://aig.com/CommonHeaderV12" xmlns:common="http://www.ibm.com/xmlns/prod/websphere/wcc/common/schema"
	xmlns:common-intf="http://www.ibm.com/xmlns/prod/websphere/wcc/common/intf/schema"
	xmlns:financial="http://www.ibm.com/xmlns/prod/websphere/wcc/financial/schema"
	xmlns:ges="http://aig.us.com/ges"
	xmlns:hierarchy="http://www.ibm.com/xmlns/prod/websphere/wcc/hierarchy/schema"
	xmlns:httpsca="http://www.ibm.com/xmlns/prod/websphere/http/sca/6.1.0"
	xmlns:mq="http://www.ibm.com/xmlns/prod/websphere/mq/sca/6.0.0"
	xmlns:p="http://ws-i.org/profiles/basic/1.1/xsd" xmlns:p1="http://GES_Lib_Common"
	xmlns:p2="http://GES_MF_LocationService" xmlns:p3="http://GES_Lib_Common/bo"
	xmlns:party="http://www.ibm.com/xmlns/prod/websphere/wcc/party/schema"
	xmlns:partybiz="http://www.ibm.com/xmlns/prod/websphere/wcc/partybiz/schema"
	xmlns:task="http://www.ibm.com/xmlns/prod/websphere/mdm/task/schema"
	xmlns:termcondition="http://www.ibm.com/xmlns/prod/websphere/mdm/termcondition/schema"
	xmlns:tns="http://www.ibm.com/websphere/sibx/smo/v6.0.1" xmlns:tns1="http://GES_MF_LocationService/bo"
	xmlns:tns2="http://aig.us.com/ges/schema" xmlns:tns3="http://aig.us.com/ges/ext/v1"
	xmlns:tns4="http://www.pb.com/spectrum/services/MatchGlobalLocationService"
	xmlns:tns5="http://www.w3.org/2005/08/addressing" xmlns:tns6="http://www.w3.org/2003/05/soap-envelope"
	xmlns:tns_1="wsdl.http://spectrum.pb.com/"
	xmlns:workbasket="http://www.ibm.com/xmlns/prod/websphere/mdm/workbasket/schema"
	xmlns:wsa="http://schemas.xmlsoap.org/ws/2004/08/addressing" xmlns:xsi="http://www.w3.org/2001/XMLSchema-instance"
	xsi:schemaLocation="http://www.ibm.com/websphere/sibx/smo/v6.0.1 foo.xsd "
	xmlns:bo="http://GES_Lib_Common/bo" xmlns:bo_1="http://GES_MF_LocationService/bo"
	xmlns:ge="http://GES_MF_LocationService" 
	xmlns:ht="http://www.ibm.com/xmlns/prod/websphere/http/sca/6.1.0"
	xmlns:sc="http://aig.us.com/ges/schema"
	xmlns:se="http://www.pb.com/spectrum/services/MatchGlobalLocationService"
	xmlns:sp="wsdl.http://spectrum.pb.com/" xmlns:v12="http://aig.com/CommonHeaderV12"
	xmlns:v3="http://aig.us.com/ges/common/v3">
	<context>
		<correlation xsi:type="ge:LocationServiceCorrelationContext">
			<matchLocationsRequest>
				<sc:version>?</sc:version>
				<v3:SourceSystemCd>
					<v3:SourceSystemCode>?</v3:SourceSystemCode>
					<v3:SourceSystemkey>?</v3:SourceSystemkey>
				</v3:SourceSystemCd>
				<sc:originalRequestLocation>
					<sc:location>
						<sc:sovLocation>
							<ges:version>16039</ges:version>
							<ges:sovLocId>7041534</ges:sovLocId>
							<ges:agreementRequestId name="Opportunity Number">2073</ges:agreementRequestId>
							<ges:structure>
								<ges:physObjectId>1884700</ges:physObjectId>
								<ges:constructionType>
									<ges:constrnTypCd>6</ges:constrnTypCd>
									<ges:constrnTypDs>UNKNOWN</ges:constrnTypDs>
									<ges:constrnTypId>850</ges:constrnTypId>
									<ges:clsfctnScheme>RMS IND</ges:clsfctnScheme>
								</ges:constructionType>
								<ges:occupationType>
									<ges:ocptnTypCd>20</ges:ocptnTypCd>
									<ges:ocptnTypDs>Wholesale Trade</ges:ocptnTypDs>
									<ges:ocptnTypId>39</ges:ocptnTypId>
									<ges:clsfctnScheme>ATC</ges:clsfctnScheme>
								</ges:occupationType>
								<ges:name>SS</ges:name>
								<ges:flrAr>100000</ges:flrAr>
								<ges:flrArUom>Square Feet</ges:flrArUom>
								<ges:bltYr>2000</ges:bltYr>
								<ges:noOfStories>10</ges:noOfStories>
								<ges:creatUsrId>GRASP</ges:creatUsrId>
								<ges:siteNm>SS</ges:siteNm>
								<ges:coNmBusUnt>Eq4</ges:coNmBusUnt>
								<ges:prmryBldgIn>Y</ges:prmryBldgIn>
								<ges:currency>
									<ges:crncyCd>USD</ges:crncyCd>
									<ges:crncyDs>UNITED STATES DOLLAR</ges:crncyDs>
								</ges:currency>
								<ges:structureSecModifier>
									<ges:StructureSecModifier>
										<ges:name name="Engineering Override Hazard Grade">HG4</ges:name>
										<ges:cdGrpLabel>RANGE VALUES</ges:cdGrpLabel>
									</ges:StructureSecModifier>
									<ges:StructureSecModifier>
										<ges:name name="Predominant Construction Class">PCC1</ges:name>
										<ges:cdGrpLabel>RANGE VALUES</ges:cdGrpLabel>
									</ges:StructureSecModifier>
									<ges:StructureSecModifier>
										<ges:name name="Field/Desktop Assessed?">393</ges:name>
										<ges:cdGrpLabel>RANGE VALUES</ges:cdGrpLabel>
									</ges:StructureSecModifier>
									<ges:StructureSecModifier>
										<ges:name name="Terrorism Occupancy">Commercial</ges:name>
										<ges:cdGrpLabel>FREETEXT</ges:cdGrpLabel>
									</ges:StructureSecModifier>
								</ges:structureSecModifier>
								<ges:sic3DCd>346</ges:sic3DCd>
								<ges:sic4DCd>3469</ges:sic4DCd>
								<ges:sicGroup>34</ges:sicGroup>
							</ges:structure>
							<ges:physicalObject />
							<ges:actvIn>Y</ges:actvIn>
							<ges:geographicArea>
								<ges:ggrphcArId>47336393</ges:ggrphcArId>
								<ges:ctyNm>Baranovichi</ges:ctyNm>
								<ges:addr>Proletarskaja - UI 46 225320 Area Brest</ges:addr>
								<ges:postalCd>211851</ges:postalCd>
								<ges:dstrctNm></ges:dstrctNm>
								<ges:cntyNm>Postavskij</ges:cntyNm>
								<ges:lattdInDegrs Code="PBBI">
									<ges:Value>55.524640</ges:Value>
								</ges:lattdInDegrs>
								<ges:lngtdInDegrs>
									<ges:Value>28.841350</ges:Value>
								</ges:lngtdInDegrs>
								<ges:cntryNm>Uruguay</ges:cntryNm>
								<ges:isAddrStndrdizedIn>N</ges:isAddrStndrdizedIn>
								<ges:locPrecision>Centroid</ges:locPrecision>
							</ges:geographicArea>
							<ges:autoAugmentIn></ges:autoAugmentIn>
							<ges:esbCrossReferenceInfo>
								<ges:prcsngStatCd>COMPLETED</ges:prcsngStatCd>
								<ges:sovLocId>7041534</ges:sovLocId>
							</ges:esbCrossReferenceInfo>
							<ges:mdmCrossReferenceInfo>
								<ges:mdmContId>187644258030933746</ges:mdmContId>
								<ges:mdmContCmpntId>304425973070357639</ges:mdmContCmpntId>
								<ges:mdmHoldgId>979442597306798217</ges:mdmHoldgId>
								<ges:mdmAddrId>229244259730658894</ges:mdmAddrId>
								<ges:sovLocId>7041534</ges:sovLocId>
							</ges:mdmCrossReferenceInfo>
							<ges:pbCrossReferenceInfo>
								<ges:mtchky>P643B651URY</ges:mtchky>
							</ges:pbCrossReferenceInfo>
							<ges:isRequestForUpdate>true</ges:isRequestForUpdate>
						</sc:sovLocation>
					</sc:location>
				</sc:originalRequestLocation>
				<sc:matchLocationsRequest>
					<sc:location>
						<sc:sovLocation>
							<ges:version>16039</ges:version>
							<ges:sovLocId>7041534</ges:sovLocId>
							<ges:agreementRequestId name="Opportunity Number">2073</ges:agreementRequestId>
							<ges:structure>
								<ges:physObjectId>1884700</ges:physObjectId>
								<ges:constructionType>
									<ges:constrnTypCd>6</ges:constrnTypCd>
									<ges:constrnTypDs>UNKNOWN</ges:constrnTypDs>
									<ges:constrnTypId>850</ges:constrnTypId>
									<ges:clsfctnScheme>RMS IND</ges:clsfctnScheme>
								</ges:constructionType>
								<ges:occupationType>
									<ges:ocptnTypCd>20</ges:ocptnTypCd>
									<ges:ocptnTypDs>Wholesale Trade</ges:ocptnTypDs>
									<ges:ocptnTypId>39</ges:ocptnTypId>
									<ges:clsfctnScheme>ATC</ges:clsfctnScheme>
								</ges:occupationType>
								<ges:name>SS</ges:name>
								<ges:flrAr>100000</ges:flrAr>
								<ges:flrArUom>Square Feet</ges:flrArUom>
								<ges:bltYr>2001</ges:bltYr>
								<ges:noOfStories>15</ges:noOfStories>
								<ges:creatUsrId>GRASP</ges:creatUsrId>
								<ges:siteNm>SS</ges:siteNm>
								<ges:coNmBusUnt>Eq4</ges:coNmBusUnt>
								<ges:prmryBldgIn>Y</ges:prmryBldgIn>
								<ges:currency>
									<ges:crncyCd>USD</ges:crncyCd>
									<ges:crncyDs>UNITED STATES DOLLAR</ges:crncyDs>
								</ges:currency>
								<ges:structureSecModifier>
									<ges:StructureSecModifier>
										<ges:name name="Engineering Override Hazard Grade">HG4</ges:name>
										<ges:cdGrpLabel>RANGE VALUES</ges:cdGrpLabel>
									</ges:StructureSecModifier>
									<ges:StructureSecModifier>
										<ges:name name="Predominant Construction Class">PCC1</ges:name>
										<ges:cdGrpLabel>RANGE VALUES</ges:cdGrpLabel>
									</ges:StructureSecModifier>
									<ges:StructureSecModifier>
										<ges:name name="Field/Desktop Assessed?">393</ges:name>
										<ges:cdGrpLabel>RANGE VALUES</ges:cdGrpLabel>
									</ges:StructureSecModifier>
									<ges:StructureSecModifier>
										<ges:name name="Terrorism Occupancy">Commercial</ges:name>
										<ges:cdGrpLabel>FREETEXT</ges:cdGrpLabel>
									</ges:StructureSecModifier>
								</ges:structureSecModifier>
								<ges:sic3DCd>346</ges:sic3DCd>
								<ges:sic4DCd>3469</ges:sic4DCd>
								<ges:sicGroup>34</ges:sicGroup>
							</ges:structure>
							<ges:physicalObject />
							<ges:actvIn>Y</ges:actvIn>
							<ges:geographicArea>
								<ges:ggrphcArId>47336393</ges:ggrphcArId>
								<ges:ctyNm>Baranovichi</ges:ctyNm>
								<ges:addr>Proletarskaja - UI 46 225320 Area Brest</ges:addr>
								<ges:postalCd>211851</ges:postalCd>
								<ges:dstrctNm></ges:dstrctNm>
								<ges:cntyNm>Postavskij</ges:cntyNm>
								<ges:lattdInDegrs Code="PBBI">
									<ges:Value>55.524640</ges:Value>
								</ges:lattdInDegrs>
								<ges:lngtdInDegrs>
									<ges:Value>28.841350</ges:Value>
								</ges:lngtdInDegrs>
								<ges:cntryNm>Uruguay</ges:cntryNm>
								<ges:isAddrStndrdizedIn>N</ges:isAddrStndrdizedIn>
								<ges:locPrecision>Centroid</ges:locPrecision>
							</ges:geographicArea>
							<ges:autoAugmentIn></ges:autoAugmentIn>
							<ges:esbCrossReferenceInfo>
								<ges:prcsngStatCd>COMPLETED</ges:prcsngStatCd>
								<ges:sovLocId>7041534</ges:sovLocId>
							</ges:esbCrossReferenceInfo>
							<ges:mdmCrossReferenceInfo>
								<ges:mdmContId>187644258030933746</ges:mdmContId>
								<ges:mdmContCmpntId>304425973070357639</ges:mdmContCmpntId>
								<ges:mdmHoldgId>979442597306798217</ges:mdmHoldgId>
								<ges:mdmAddrId>229244259730658894</ges:mdmAddrId>
								<ges:sovLocId>7041534</ges:sovLocId>
							</ges:mdmCrossReferenceInfo>
							<ges:pbCrossReferenceInfo>
								<ges:mtchky>P643B651URY</ges:mtchky>
							</ges:pbCrossReferenceInfo>
							<ges:isRequestForUpdate>true</ges:isRequestForUpdate>
						</sc:sovLocation>
					</sc:location>
					<sc:location>
						<sc:sovLocation>
							<ges:version>16039</ges:version>
							<ges:sovLocId>7041534</ges:sovLocId>
							<ges:distanceFrom>15</ges:distanceFrom>
							<ges:agreementRequestId name="Opportunity Number">2073</ges:agreementRequestId>
							<ges:structure>
								<ges:physObjectId>1884700</ges:physObjectId>
								<ges:constructionType>
									<ges:constrnTypCd>6</ges:constrnTypCd>
									<ges:constrnTypDs>UNKNOWN</ges:constrnTypDs>
									<ges:constrnTypId>850</ges:constrnTypId>
									<ges:clsfctnScheme>RMS IND</ges:clsfctnScheme>
								</ges:constructionType>
								<ges:occupationType>
									<ges:ocptnTypCd>20</ges:ocptnTypCd>
									<ges:ocptnTypDs>Wholesale Trade</ges:ocptnTypDs>
									<ges:ocptnTypId>39</ges:ocptnTypId>
									<ges:clsfctnScheme>ATC</ges:clsfctnScheme>
								</ges:occupationType>
								<ges:name>SS</ges:name>
								<ges:flrAr>100000</ges:flrAr>
								<ges:flrArUom>Square Feet</ges:flrArUom>
								<ges:bltYr>2010</ges:bltYr>
								<ges:noOfStories>20</ges:noOfStories>
								<ges:creatUsrId>GRASP</ges:creatUsrId>
								<ges:siteNm>SS</ges:siteNm>
								<ges:coNmBusUnt>Eq4</ges:coNmBusUnt>
								<ges:prmryBldgIn>Y</ges:prmryBldgIn>
								<ges:currency>
									<ges:crncyCd>USD</ges:crncyCd>
									<ges:crncyDs>UNITED STATES DOLLAR</ges:crncyDs>
								</ges:currency>
								<ges:structureSecModifier>
									<ges:StructureSecModifier>
										<ges:name name="Engineering Override Hazard Grade">HG4</ges:name>
										<ges:cdGrpLabel>RANGE VALUES</ges:cdGrpLabel>
									</ges:StructureSecModifier>
									<ges:StructureSecModifier>
										<ges:name name="Predominant Construction Class">PCC1</ges:name>
										<ges:cdGrpLabel>RANGE VALUES</ges:cdGrpLabel>
									</ges:StructureSecModifier>
									<ges:StructureSecModifier>
										<ges:name name="Field/Desktop Assessed?">393</ges:name>
										<ges:cdGrpLabel>RANGE VALUES</ges:cdGrpLabel>
									</ges:StructureSecModifier>
									<ges:StructureSecModifier>
										<ges:name name="Terrorism Occupancy">Commercial</ges:name>
										<ges:cdGrpLabel>FREETEXT</ges:cdGrpLabel>
									</ges:StructureSecModifier>
								</ges:structureSecModifier>
								<ges:sic3DCd>346</ges:sic3DCd>
								<ges:sic4DCd>3469</ges:sic4DCd>
								<ges:sicGroup>34</ges:sicGroup>
							</ges:structure>
							<ges:physicalObject />
							<ges:actvIn>Y</ges:actvIn>
							<ges:geographicArea>
								<ges:ggrphcArId>47336393</ges:ggrphcArId>
								<ges:ctyNm>Baranovichi</ges:ctyNm>
								<ges:addr>Proletarskaja - UI 46 225320 Area Brest</ges:addr>
								<ges:postalCd>211851</ges:postalCd>
								<ges:dstrctNm></ges:dstrctNm>
								<ges:cntyNm>Postavskij</ges:cntyNm>
								<ges:lattdInDegrs Code="PBBI">
									<ges:Value>55.524640</ges:Value>
								</ges:lattdInDegrs>
								<ges:lngtdInDegrs>
									<ges:Value>28.841350</ges:Value>
								</ges:lngtdInDegrs>
								<ges:cntryNm>Uruguay</ges:cntryNm>
								<ges:isAddrStndrdizedIn>N</ges:isAddrStndrdizedIn>
								<ges:locPrecision>Centroid</ges:locPrecision>
							</ges:geographicArea>
							<ges:autoAugmentIn></ges:autoAugmentIn>
							<ges:esbCrossReferenceInfo>
								<ges:prcsngStatCd>COMPLETED</ges:prcsngStatCd>
								<ges:sovLocId>7041534</ges:sovLocId>
							</ges:esbCrossReferenceInfo>
							<ges:mdmCrossReferenceInfo>
								<ges:mdmContId>187644258030933746</ges:mdmContId>
								<ges:mdmContCmpntId>304425973070357639</ges:mdmContCmpntId>
								<ges:mdmHoldgId>979442597306798217</ges:mdmHoldgId>
								<ges:mdmAddrId>229244259730658894</ges:mdmAddrId>
								<ges:sovLocId>7041534</ges:sovLocId>
							</ges:mdmCrossReferenceInfo>
							<ges:pbCrossReferenceInfo>
								<ges:mtchky>P643B651URY</ges:mtchky>
							</ges:pbCrossReferenceInfo>
							<ges:isRequestForUpdate>true</ges:isRequestForUpdate>
						</sc:sovLocation>
					</sc:location>
					<sc:location>
						<sc:sovLocation>
							<ges:version>16039</ges:version>
							<ges:sovLocId>7041534</ges:sovLocId>
							<ges:distanceFrom>20</ges:distanceFrom>
							<ges:agreementRequestId name="Opportunity Number">2073</ges:agreementRequestId>
							<ges:structure>
								<ges:physObjectId>1884700</ges:physObjectId>
								<ges:constructionType>
									<ges:constrnTypCd>6</ges:constrnTypCd>
									<ges:constrnTypDs>UNKNOWN</ges:constrnTypDs>
									<ges:constrnTypId>850</ges:constrnTypId>
									<ges:clsfctnScheme>RMS IND</ges:clsfctnScheme>
								</ges:constructionType>
								<ges:occupationType>
									<ges:ocptnTypCd>20</ges:ocptnTypCd>
									<ges:ocptnTypDs>Wholesale Trade</ges:ocptnTypDs>
									<ges:ocptnTypId>39</ges:ocptnTypId>
									<ges:clsfctnScheme>ATC</ges:clsfctnScheme>
								</ges:occupationType>
								<ges:name>SS</ges:name>
								<ges:flrAr>100000</ges:flrAr>
								<ges:flrArUom>Square Feet</ges:flrArUom>
								<ges:bltYr>2015</ges:bltYr>
								<ges:noOfStories>7</ges:noOfStories>
								<ges:creatUsrId>GRASP</ges:creatUsrId>
								<ges:siteNm>SS</ges:siteNm>
								<ges:coNmBusUnt>Eq4</ges:coNmBusUnt>
								<ges:prmryBldgIn>Y</ges:prmryBldgIn>
								<ges:currency>
									<ges:crncyCd>USD</ges:crncyCd>
									<ges:crncyDs>UNITED STATES DOLLAR</ges:crncyDs>
								</ges:currency>
								<ges:structureSecModifier>
									<ges:StructureSecModifier>
										<ges:name name="Engineering Override Hazard Grade">HG4</ges:name>
										<ges:cdGrpLabel>RANGE VALUES</ges:cdGrpLabel>
									</ges:StructureSecModifier>
									<ges:StructureSecModifier>
										<ges:name name="Predominant Construction Class">PCC1</ges:name>
										<ges:cdGrpLabel>RANGE VALUES</ges:cdGrpLabel>
									</ges:StructureSecModifier>
									<ges:StructureSecModifier>
										<ges:name name="Field/Desktop Assessed?">393</ges:name>
										<ges:cdGrpLabel>RANGE VALUES</ges:cdGrpLabel>
									</ges:StructureSecModifier>
									<ges:StructureSecModifier>
										<ges:name name="Terrorism Occupancy">Commercial</ges:name>
										<ges:cdGrpLabel>FREETEXT</ges:cdGrpLabel>
									</ges:StructureSecModifier>
								</ges:structureSecModifier>
								<ges:sic3DCd>346</ges:sic3DCd>
								<ges:sic4DCd>3469</ges:sic4DCd>
								<ges:sicGroup>34</ges:sicGroup>
							</ges:structure>
							<ges:physicalObject />
							<ges:actvIn>Y</ges:actvIn>
							<ges:geographicArea>
								<ges:ggrphcArId>47336393</ges:ggrphcArId>
								<ges:ctyNm>Baranovichi</ges:ctyNm>
								<ges:addr>Proletarskaja - UI 46 225320 Area Brest</ges:addr>
								<ges:postalCd>211851</ges:postalCd>
								<ges:dstrctNm></ges:dstrctNm>
								<ges:cntyNm>Postavskij</ges:cntyNm>
								<ges:lattdInDegrs Code="PBBI">
									<ges:Value>55.524640</ges:Value>
								</ges:lattdInDegrs>
								<ges:lngtdInDegrs>
									<ges:Value>28.841350</ges:Value>
								</ges:lngtdInDegrs>
								<ges:cntryNm>Uruguay</ges:cntryNm>
								<ges:isAddrStndrdizedIn>N</ges:isAddrStndrdizedIn>
								<ges:locPrecision>Centroid</ges:locPrecision>
							</ges:geographicArea>
							<ges:autoAugmentIn></ges:autoAugmentIn>
							<ges:esbCrossReferenceInfo>
								<ges:prcsngStatCd>COMPLETED</ges:prcsngStatCd>
								<ges:sovLocId>7041534</ges:sovLocId>
							</ges:esbCrossReferenceInfo>
							<ges:mdmCrossReferenceInfo>
								<ges:mdmContId>187644258030933746</ges:mdmContId>
								<ges:mdmContCmpntId>304425973070357639</ges:mdmContCmpntId>
								<ges:mdmHoldgId>979442597306798217</ges:mdmHoldgId>
								<ges:mdmAddrId>229244259730658894</ges:mdmAddrId>
								<ges:sovLocId>7041534</ges:sovLocId>
							</ges:mdmCrossReferenceInfo>
							<ges:pbCrossReferenceInfo>
								<ges:mtchky>P643B651URY</ges:mtchky>
							</ges:pbCrossReferenceInfo>
							<ges:isRequestForUpdate>true</ges:isRequestForUpdate>
						</sc:sovLocation>
					</sc:location>
					<sc:location>
						<sc:sovLocation>
							<ges:version>16039</ges:version>
							<ges:sovLocId>7041534</ges:sovLocId>
							<ges:distanceFrom>25</ges:distanceFrom>
							<ges:agreementRequestId name="Opportunity Number">2073</ges:agreementRequestId>
							<ges:structure>
								<ges:physObjectId>1884700</ges:physObjectId>
								<ges:constructionType>
									<ges:constrnTypCd>6</ges:constrnTypCd>
									<ges:constrnTypDs>UNKNOWN</ges:constrnTypDs>
									<ges:constrnTypId>850</ges:constrnTypId>
									<ges:clsfctnScheme>RMS IND</ges:clsfctnScheme>
								</ges:constructionType>
								<ges:occupationType>
									<ges:ocptnTypCd>20</ges:ocptnTypCd>
									<ges:ocptnTypDs>Wholesale Trade</ges:ocptnTypDs>
									<ges:ocptnTypId>39</ges:ocptnTypId>
									<ges:clsfctnScheme>ATC</ges:clsfctnScheme>
								</ges:occupationType>
								<ges:name>SS</ges:name>
								<ges:flrAr>100000</ges:flrAr>
								<ges:flrArUom>Square Feet</ges:flrArUom>
								<ges:creatUsrId>GRASP</ges:creatUsrId>
								<ges:siteNm>SS</ges:siteNm>
								<ges:coNmBusUnt>Eq4</ges:coNmBusUnt>
								<ges:prmryBldgIn>Y</ges:prmryBldgIn>
								<ges:currency>
									<ges:crncyCd>USD</ges:crncyCd>
									<ges:crncyDs>UNITED STATES DOLLAR</ges:crncyDs>
								</ges:currency>
								<ges:structureSecModifier>
									<ges:StructureSecModifier>
										<ges:name name="Engineering Override Hazard Grade">HG4</ges:name>
										<ges:cdGrpLabel>RANGE VALUES</ges:cdGrpLabel>
									</ges:StructureSecModifier>
									<ges:StructureSecModifier>
										<ges:name name="Predominant Construction Class">PCC1</ges:name>
										<ges:cdGrpLabel>RANGE VALUES</ges:cdGrpLabel>
									</ges:StructureSecModifier>
									<ges:StructureSecModifier>
										<ges:name name="Field/Desktop Assessed?">393</ges:name>
										<ges:cdGrpLabel>RANGE VALUES</ges:cdGrpLabel>
									</ges:StructureSecModifier>
									<ges:StructureSecModifier>
										<ges:name name="Terrorism Occupancy">Commercial</ges:name>
										<ges:cdGrpLabel>FREETEXT</ges:cdGrpLabel>
									</ges:StructureSecModifier>
								</ges:structureSecModifier>
								<ges:sic3DCd>346</ges:sic3DCd>
								<ges:sic4DCd>3469</ges:sic4DCd>
								<ges:sicGroup>34</ges:sicGroup>
							</ges:structure>
							<ges:physicalObject />
							<ges:actvIn>Y</ges:actvIn>
							<ges:geographicArea>
								<ges:ggrphcArId>47336393</ges:ggrphcArId>
								<ges:ctyNm>Baranovichi</ges:ctyNm>
								<ges:addr>Proletarskaja - UI 46 225320 Area Brest</ges:addr>
								<ges:postalCd>211851</ges:postalCd>
								<ges:dstrctNm></ges:dstrctNm>
								<ges:cntyNm>Postavskij</ges:cntyNm>
								<ges:lattdInDegrs Code="PBBI">
									<ges:Value>55.524640</ges:Value>
								</ges:lattdInDegrs>
								<ges:lngtdInDegrs>
									<ges:Value>28.841350</ges:Value>
								</ges:lngtdInDegrs>
								<ges:cntryNm>Uruguay</ges:cntryNm>
								<ges:isAddrStndrdizedIn>N</ges:isAddrStndrdizedIn>
								<ges:locPrecision>Centroid</ges:locPrecision>
							</ges:geographicArea>
							<ges:autoAugmentIn></ges:autoAugmentIn>
							<ges:esbCrossReferenceInfo>
								<ges:prcsngStatCd>COMPLETED</ges:prcsngStatCd>
								<ges:sovLocId>7041534</ges:sovLocId>
							</ges:esbCrossReferenceInfo>
							<ges:mdmCrossReferenceInfo>
								<ges:mdmContId>187644258030933746</ges:mdmContId>
								<ges:mdmContCmpntId>304425973070357639</ges:mdmContCmpntId>
								<ges:mdmHoldgId>979442597306798217</ges:mdmHoldgId>
								<ges:mdmAddrId>229244259730658894</ges:mdmAddrId>
								<ges:sovLocId>7041534</ges:sovLocId>
							</ges:mdmCrossReferenceInfo>
							<ges:pbCrossReferenceInfo>
								<ges:mtchky>P643B651URY</ges:mtchky>
							</ges:pbCrossReferenceInfo>
							<ges:isRequestForUpdate>true</ges:isRequestForUpdate>
						</sc:sovLocation>
					</sc:location>
				</sc:matchLocationsRequest>
			</matchLocationsRequest>
			<v12:RequestHeader>
				<v12:ServiceRequestContext>
					<ServiceInvoker>GRASP</ServiceInvoker>
					<ServiceProvider>GES</ServiceProvider>
					<ClientId>GRASP</ClientId>
					<RequestMessageId>D51B60AD-B217-4C0F-BE2C-AD41609E9E98</RequestMessageId>
					<RequestTimestamp>2015-09-18T17:28:17.718Z</RequestTimestamp>
					<InteractionProtocol>SynchronousRequestAndResponse</InteractionProtocol>
				</v12:ServiceRequestContext>
			</v12:RequestHeader>
		</correlation>
		<transient xsi:type="bo:ExceptionObj" />
		<shared xsi:type="bo_1:LocationServiceSharedContext" />
	</context>
	<headers>
		<SMOHeader>
			<MessageUUID>4058BE8D-0150-4000-E000-32080A200B62</MessageUUID>
			<Version>
				<Version>7</Version>
				<Release>0</Release>
				<Modification>0</Modification>
			</Version>
			<MessageType>Response</MessageType>
			<Operation>MatchGlobalLocationService</Operation>
			<Action>http://spectrum.pb.com/MatchGlobalLocationService/MatchGlobalLocationService</Action>
			<SourceNode>MatchGlobalLocationService_WSImp</SourceNode>
			<SourceBindingType>WebService</SourceBindingType>
			<Interface>wsdl:http://spectrum.pb.com/</Interface>
		</SMOHeader>
		<HTTPHeader>
			<control>
				<ht:URL>
					http://10.32.11.98:43200/GES_BP_PBBILocationService_v3_6_0Web/sca/PBBILocationServiceV2_WSExp</ht:URL>
			</control>
		</HTTPHeader>
	</headers>
	<body xsi:type="sp:MatchGlobalLocationServiceResponse">
		<se:MatchGlobalLocationServiceResponse>
			<se:MatchGlobalLocationOutput>
				<se:MatchGlobalLocationOutputRow>
					<se:ExpressMatchIdentified>No</se:ExpressMatchIdentified>
					<se:InterflowSourceType>input_port_1</se:InterflowSourceType>
					<se:HasDuplicates>D</se:HasDuplicates>
					<se:MatchRecordType>Duplicate</se:MatchRecordType>
					<se:Precision>Street</se:Precision>
					<se:City>Baranovichi</se:City>
					<se:Country>Uruguay</se:Country>
					<se:Latitude>55.524640</se:Latitude>
					<se:Longitude>28.841350</se:Longitude>
					<se:Identifier>C</se:Identifier>
					<se:Source>PBBI</se:Source>
					<se:MatchKey>P643B651URY</se:MatchKey>
					<se:LocationPrecision>Centroid</se:LocationPrecision>
					<se:SourceLocationId>7041534</se:SourceLocationId>
					<se:AddressLine1>Proletarskaja - UI 46 225320 Area Brest</se:AddressLine1>
					<se:YearBuilt>2010</se:YearBuilt>
					<se:NoOfStories>20</se:NoOfStories>
					<se:ConstructionClass>6</se:ConstructionClass>
					<se:MatchResult>Perfect Match</se:MatchResult>
					<se:Distance>15</se:Distance>
					<se:MatchScore_copeFields>30</se:MatchScore_copeFields>
					<se:CollectionNumber>1</se:CollectionNumber>
					<se:MatchScore_LocationPrecision>100</se:MatchScore_LocationPrecision>
					<se:MatchScore_Address>100</se:MatchScore_Address>
					<se:LocPrecisionIsMatch>Match</se:LocPrecisionIsMatch>
					<se:user_fields />
				</se:MatchGlobalLocationOutputRow>
				<se:MatchGlobalLocationOutputRow>
					<se:ExpressMatchIdentified>No</se:ExpressMatchIdentified>
					<se:InterflowSourceType>input_port_1</se:InterflowSourceType>
					<se:HasDuplicates>D</se:HasDuplicates>
					<se:MatchRecordType>Duplicate</se:MatchRecordType>
					<se:Precision>Street</se:Precision>
					<se:City>Baranovichi</se:City>
					<se:Country>Uruguay</se:Country>
					<se:Latitude>55.524640</se:Latitude>
					<se:Longitude>28.841350</se:Longitude>
					<se:Identifier>C</se:Identifier>
					<se:Source>PBBI</se:Source>
					<se:MatchKey>P643B651URY</se:MatchKey>
					<se:LocationPrecision>Centroid</se:LocationPrecision>
					<se:SourceLocationId>7041534</se:SourceLocationId>
					<se:AddressLine1>Proletarskaja - UI 46 225320 Area Brest</se:AddressLine1>
					<se:YearBuilt>2015</se:YearBuilt>
					<se:NoOfStories>7</se:NoOfStories>
					<se:ConstructionClass>6</se:ConstructionClass>
					<se:MatchResult>Perfect Match</se:MatchResult>
					<se:Distance>20</se:Distance>
					<se:MatchScore_copeFields>30</se:MatchScore_copeFields>
					<se:CollectionNumber>1</se:CollectionNumber>
					<se:MatchScore_LocationPrecision>100</se:MatchScore_LocationPrecision>
					<se:MatchScore_Address>100</se:MatchScore_Address>
					<se:LocPrecisionIsMatch>Match</se:LocPrecisionIsMatch>
					<se:user_fields />
				</se:MatchGlobalLocationOutputRow>
				<se:MatchGlobalLocationOutputRow>
					<se:ExpressMatchIdentified>No</se:ExpressMatchIdentified>
					<se:InterflowSourceType>input_port_1</se:InterflowSourceType>
					<se:HasDuplicates>D</se:HasDuplicates>
					<se:MatchRecordType>Duplicate</se:MatchRecordType>
					<se:Precision>Street</se:Precision>
					<se:City>Baranovichi</se:City>
					<se:Country>Uruguay</se:Country>
					<se:Latitude>55.524640</se:Latitude>
					<se:Longitude>28.841350</se:Longitude>
					<se:Identifier>C</se:Identifier>
					<se:Source>PBBI</se:Source>
					<se:MatchKey>P643B651URY</se:MatchKey>
					<se:LocationPrecision>Centroid</se:LocationPrecision>
					<se:SourceLocationId>7041534</se:SourceLocationId>
					<se:AddressLine1>Proletarskaja - UI 46 225320 Area Brest</se:AddressLine1>
					<se:YearBuilt></se:YearBuilt>
					<se:NoOfStories></se:NoOfStories>
					<se:ConstructionClass>6</se:ConstructionClass>
					<se:MatchResult>Perfect Match</se:MatchResult>
					<se:Distance>25</se:Distance>
					<se:MatchScore_copeFields>30</se:MatchScore_copeFields>
					<se:CollectionNumber>1</se:CollectionNumber>
					<se:MatchScore_LocationPrecision>100</se:MatchScore_LocationPrecision>
					<se:MatchScore_Address>100</se:MatchScore_Address>
					<se:LocPrecisionIsMatch>Match</se:LocPrecisionIsMatch>
					<se:user_fields />
				</se:MatchGlobalLocationOutputRow>
			</se:MatchGlobalLocationOutput>
		</se:MatchGlobalLocationServiceResponse>
	</body>
</tns:smo>
