<io16:smo xmlns:io16="http://www.ibm.com/websphere/sibx/smo/v6.0.1" xmlns:ges="http://aig.us.com/ges" xmlns:tns="http://www.pb.com/spectrum/services/MatchGlobalLocationService" xmlns:io29="http://www.ibm.com/xmlns/prod/websphere/mdm/workbasket/schema" xmlns:io28="http://www.w3.org/2005/08/addressing" xmlns:io27="http://www.ibm.com/xmlns/prod/websphere/mdm/termcondition/schema" xmlns:io25="http://www.ibm.com/xmlns/prod/websphere/http/sca/6.1.0" xmlns:io26="http://aig.us.com/ges/schema" xmlns:io24="http://www.ibm.com/xmlns/prod/websphere/wcc/adv/schema" xmlns:io23="http://www.ibm.com/xmlns/prod/websphere/wcc/hierarchy/schema" xmlns:io22="http://aig.com/CommonHeaderV12" xmlns:io21="http://www.ibm.com/xmlns/prod/websphere/wcc/billing/schema" xmlns:io20="http://www.ibm.com/xmlns/prod/websphere/wcc/common/intf/schema" xmlns:out2="wsdl.http://aig.us.com/ges/services/LocationServiceV2" xmlns:io19="http://aig.us.com/ges/common/v3" xmlns:xsi="http://www.w3.org/2001/XMLSchema-instance" xmlns:io18="http://GES_MF_LocationService/bo" xmlns:io17="http://www.ibm.com/xmlns/prod/websphere/wcc/party/schema" xmlns:io15="http://www.w3.org/2003/05/soap-envelope" xmlns:out="http://aig.us.com/ges/services/LocationServiceV2" xmlns:io14="http://www.ibm.com/xmlns/prod/websphere/wcc/financial/schema" xmlns:io13="http://businessproxy.mdm.aig.com/aigmdmbusinessproxy/schema" xmlns:xsd4xsd="http://www.w3.org/2001/XMLSchema" xmlns:io12="http://GES_Lib_Common/bo" xmlns:io11="http://aig.us.com/ges" xmlns:io9="http://GES_MF_LocationService" xmlns:io8="http://schemas.xmlsoap.org/ws/2004/08/addressing" xmlns:io10="http://www.ibm.com/xmlns/prod/websphere/wcc/business/schema" xmlns:io7="http://www.ibm.com/xmlns/prod/websphere/mq/sca/6.0.0" xmlns:io6="http://www.ibm.com/xmlns/prod/websphere/mdm/task/schema" xmlns:io5="http://additions.mdm.aig.com/aigmdmadditions/schema" xmlns:io4="http://www.ibm.com/xmlns/prod/websphere/wcc/common/schema" xmlns:io3="http://www.ibm.com/xmlns/prod/websphere/wcc/partybiz/schema" xmlns:io2="http://GES_Lib_Common" xmlns:io="http://aig.us.com/ges/ext/v1" xmlns:in2="wsdl.http://spectrum.pb.com/" xmlns:in="http://www.pb.com/spectrum/services/MatchGlobalLocationService">
  <context>
    <correlation xsi:type="io9:LocationServiceCorrelationContext">
      <matchLocationsRequest>
        <io26:version>?</io26:version>
        <io19:SourceSystemCd>
          <io19:SourceSystemCode>?</io19:SourceSystemCode>
          <io19:SourceSystemkey>?</io19:SourceSystemkey>
        </io19:SourceSystemCd>
        <io26:originalRequestLocation>
          <io26:location>
            <io26:sovLocation>
              <io11:version>16039</io11:version>
              <io11:sovLocId>7041534</io11:sovLocId>
              <io11:locationSource/>
              <io11:agreementRequestId name="Opportunity Number">2073</io11:agreementRequestId>
              <io11:structure>
                <io11:physObjectId>1884700</io11:physObjectId>
                <io11:constructionType>
                  <io11:constrnTypCd>6</io11:constrnTypCd>
                  <io11:constrnTypDs>UNKNOWN</io11:constrnTypDs>
                  <io11:constrnTypId>850</io11:constrnTypId>
                  <io11:clsfctnScheme>RMS IND</io11:clsfctnScheme>
                </io11:constructionType>
                <io11:occupationType>
                  <io11:ocptnTypCd>20</io11:ocptnTypCd>
                  <io11:ocptnTypDs>Wholesale Trade</io11:ocptnTypDs>
                  <io11:ocptnTypId>39</io11:ocptnTypId>
                  <io11:clsfctnScheme>ATC</io11:clsfctnScheme>
                </io11:occupationType>
                <io11:name>SS</io11:name>
                <io11:flrAr>100000</io11:flrAr>
                <io11:flrArUom>Square Feet</io11:flrArUom>
                <io11:bltYr>2000</io11:bltYr>
                <io11:noOfStories>10</io11:noOfStories>
                <io11:creatUsrId>GRASP</io11:creatUsrId>
                <io11:siteNm>SS</io11:siteNm>
                <io11:coNmBusUnt>Eq4</io11:coNmBusUnt>
                <io11:prmryBldgIn>Y</io11:prmryBldgIn>
                <io11:currency>
                  <io11:crncyCd>USD</io11:crncyCd>
                  <io11:crncyDs>UNITED STATES DOLLAR</io11:crncyDs>
                </io11:currency>
                <io11:structureSecModifier>
                  <io11:StructureSecModifier>
                    <io11:name name="Engineering Override Hazard Grade">HG4</io11:name>
                    <io11:cdGrpLabel>RANGE VALUES</io11:cdGrpLabel>
                  </io11:StructureSecModifier>
                  <io11:StructureSecModifier>
                    <io11:name name="Predominant Construction Class">PCC1</io11:name>
                    <io11:cdGrpLabel>RANGE VALUES</io11:cdGrpLabel>
                  </io11:StructureSecModifier>
                  <io11:StructureSecModifier>
                    <io11:name name="Field/Desktop Assessed?">393</io11:name>
                    <io11:cdGrpLabel>RANGE VALUES</io11:cdGrpLabel>
                  </io11:StructureSecModifier>
                  <io11:StructureSecModifier>
                    <io11:name name="Terrorism Occupancy">Commercial</io11:name>
                    <io11:cdGrpLabel>FREETEXT</io11:cdGrpLabel>
                  </io11:StructureSecModifier>
                </io11:structureSecModifier>
                <io11:sic3DCd>346</io11:sic3DCd>
                <io11:sic4DCd>3469</io11:sic4DCd>
                <io11:sicGroup>34</io11:sicGroup>
              </io11:structure>
              <io11:physicalObject/>
              <io11:actvIn>Y</io11:actvIn>
              <io11:geographicArea>
                <io11:ggrphcArId>47336393</io11:ggrphcArId>
                <io11:ctyNm>Baranovichi</io11:ctyNm>
                <io11:addr>Proletarskaja - UI 46 225320 Area Brest</io11:addr>
                <io11:postalCd>211851</io11:postalCd>
                <io11:dstrctNm/>
                <io11:cntyNm>Postavskij</io11:cntyNm>
                <io11:lattdInDegrs Code="PBBI">
                  <io11:Value>55.524640</io11:Value>
                </io11:lattdInDegrs>
                <io11:lngtdInDegrs>
                  <io11:Value>28.841350</io11:Value>
                </io11:lngtdInDegrs>
                <io11:cntryNm>Uruguay</io11:cntryNm>
                <io11:isAddrStndrdizedIn>N</io11:isAddrStndrdizedIn>
                <io11:locPrecision>Centroid</io11:locPrecision>
              </io11:geographicArea>
              <io11:autoAugmentIn/>
              <io11:esbCrossReferenceInfo>
                <io11:prcsngStatCd>COMPLETED</io11:prcsngStatCd>
                <io11:sovLocId>7041534</io11:sovLocId>
              </io11:esbCrossReferenceInfo>
              <io11:mdmCrossReferenceInfo>
                <io11:mdmContId>187644258030933746</io11:mdmContId>
                <io11:mdmContCmpntId>304425973070357639</io11:mdmContCmpntId>
                <io11:mdmHoldgId>979442597306798217</io11:mdmHoldgId>
                <io11:mdmAddrId>229244259730658894</io11:mdmAddrId>
                <io11:sovLocId>7041534</io11:sovLocId>
              </io11:mdmCrossReferenceInfo>
              <io11:pbCrossReferenceInfo>
                <io11:mtchky>P643B651URY</io11:mtchky>
              </io11:pbCrossReferenceInfo>
              <io11:isRequestForUpdate>true</io11:isRequestForUpdate>
            </io26:sovLocation>
          </io26:location>
        </io26:originalRequestLocation>
        <io26:matchLocationsRequest>
          <io26:location>
            <io26:sovLocation>
              <io11:version>16039</io11:version>
              <io11:sovLocId>7041534</io11:sovLocId>
              <io11:locationSource/>
              <io11:agreementRequestId name="Opportunity Number">2073</io11:agreementRequestId>
              <io11:structure>
                <io11:physObjectId>1884700</io11:physObjectId>
                <io11:constructionType>
                  <io11:constrnTypCd>6</io11:constrnTypCd>
                  <io11:constrnTypDs>UNKNOWN</io11:constrnTypDs>
                  <io11:constrnTypId>850</io11:constrnTypId>
                  <io11:clsfctnScheme>RMS IND</io11:clsfctnScheme>
                </io11:constructionType>
                <io11:occupationType>
                  <io11:ocptnTypCd>20</io11:ocptnTypCd>
                  <io11:ocptnTypDs>Wholesale Trade</io11:ocptnTypDs>
                  <io11:ocptnTypId>39</io11:ocptnTypId>
                  <io11:clsfctnScheme>ATC</io11:clsfctnScheme>
                </io11:occupationType>
                <io11:name>SS</io11:name>
                <io11:flrAr>100000</io11:flrAr>
                <io11:flrArUom>Square Feet</io11:flrArUom>
                <io11:bltYr>2001</io11:bltYr>
                <io11:noOfStories>15</io11:noOfStories>
                <io11:creatUsrId>GRASP</io11:creatUsrId>
                <io11:siteNm>SS</io11:siteNm>
                <io11:coNmBusUnt>Eq4</io11:coNmBusUnt>
                <io11:prmryBldgIn>Y</io11:prmryBldgIn>
                <io11:currency>
                  <io11:crncyCd>USD</io11:crncyCd>
                  <io11:crncyDs>UNITED STATES DOLLAR</io11:crncyDs>
                </io11:currency>
                <io11:structureSecModifier>
                  <io11:StructureSecModifier>
                    <io11:name name="Engineering Override Hazard Grade">HG4</io11:name>
                    <io11:cdGrpLabel>RANGE VALUES</io11:cdGrpLabel>
                  </io11:StructureSecModifier>
                  <io11:StructureSecModifier>
                    <io11:name name="Predominant Construction Class">PCC1</io11:name>
                    <io11:cdGrpLabel>RANGE VALUES</io11:cdGrpLabel>
                  </io11:StructureSecModifier>
                  <io11:StructureSecModifier>
                    <io11:name name="Field/Desktop Assessed?">393</io11:name>
                    <io11:cdGrpLabel>RANGE VALUES</io11:cdGrpLabel>
                  </io11:StructureSecModifier>
                  <io11:StructureSecModifier>
                    <io11:name name="Terrorism Occupancy">Commercial</io11:name>
                    <io11:cdGrpLabel>FREETEXT</io11:cdGrpLabel>
                  </io11:StructureSecModifier>
                </io11:structureSecModifier>
                <io11:sic3DCd>346</io11:sic3DCd>
                <io11:sic4DCd>3469</io11:sic4DCd>
                <io11:sicGroup>34</io11:sicGroup>
              </io11:structure>
              <io11:physicalObject/>
              <io11:actvIn>Y</io11:actvIn>
              <io11:geographicArea>
                <io11:ggrphcArId>47336393</io11:ggrphcArId>
                <io11:ctyNm>Baranovichi</io11:ctyNm>
                <io11:addr>Proletarskaja - UI 46 225320 Area Brest</io11:addr>
                <io11:postalCd>211851</io11:postalCd>
                <io11:dstrctNm/>
                <io11:cntyNm>Postavskij</io11:cntyNm>
                <io11:lattdInDegrs Code="PBBI">
                  <io11:Value>55.524640</io11:Value>
                </io11:lattdInDegrs>
                <io11:lngtdInDegrs>
                  <io11:Value>28.841350</io11:Value>
                </io11:lngtdInDegrs>
                <io11:cntryNm>Uruguay</io11:cntryNm>
                <io11:isAddrStndrdizedIn>N</io11:isAddrStndrdizedIn>
                <io11:locPrecision>Centroid</io11:locPrecision>
              </io11:geographicArea>
              <io11:autoAugmentIn/>
              <io11:esbCrossReferenceInfo>
                <io11:prcsngStatCd>COMPLETED</io11:prcsngStatCd>
                <io11:sovLocId>7041534</io11:sovLocId>
              </io11:esbCrossReferenceInfo>
              <io11:mdmCrossReferenceInfo>
                <io11:mdmContId>187644258030933746</io11:mdmContId>
                <io11:mdmContCmpntId>304425973070357639</io11:mdmContCmpntId>
                <io11:mdmHoldgId>979442597306798217</io11:mdmHoldgId>
                <io11:mdmAddrId>229244259730658894</io11:mdmAddrId>
                <io11:sovLocId>7041534</io11:sovLocId>
              </io11:mdmCrossReferenceInfo>
              <io11:pbCrossReferenceInfo>
                <io11:mtchky>P643B651URY</io11:mtchky>
              </io11:pbCrossReferenceInfo>
              <io11:isRequestForUpdate>true</io11:isRequestForUpdate>
            </io26:sovLocation>
          </io26:location>
          <io26:location>
            <io26:sovLocation>
              <io11:version>16039</io11:version>
              <io11:sovLocId>7041534</io11:sovLocId>
              <io11:locationSource/>
              <io11:distanceFrom>15</io11:distanceFrom>
              <io11:agreementRequestId name="Opportunity Number">2073</io11:agreementRequestId>
              <io11:structure>
                <io11:physObjectId>1884700</io11:physObjectId>
                <io11:constructionType>
                  <io11:constrnTypCd>6</io11:constrnTypCd>
                  <io11:constrnTypDs>UNKNOWN</io11:constrnTypDs>
                  <io11:constrnTypId>850</io11:constrnTypId>
                  <io11:clsfctnScheme>RMS IND</io11:clsfctnScheme>
                </io11:constructionType>
                <io11:occupationType>
                  <io11:ocptnTypCd>20</io11:ocptnTypCd>
                  <io11:ocptnTypDs>Wholesale Trade</io11:ocptnTypDs>
                  <io11:ocptnTypId>39</io11:ocptnTypId>
                  <io11:clsfctnScheme>ATC</io11:clsfctnScheme>
                </io11:occupationType>
                <io11:name>SS</io11:name>
                <io11:flrAr>100000</io11:flrAr>
                <io11:flrArUom>Square Feet</io11:flrArUom>
                <io11:bltYr>2010</io11:bltYr>
                <io11:noOfStories>20</io11:noOfStories>
                <io11:creatUsrId>GRASP</io11:creatUsrId>
                <io11:siteNm>SS</io11:siteNm>
                <io11:coNmBusUnt>Eq4</io11:coNmBusUnt>
                <io11:prmryBldgIn>Y</io11:prmryBldgIn>
                <io11:currency>
                  <io11:crncyCd>USD</io11:crncyCd>
                  <io11:crncyDs>UNITED STATES DOLLAR</io11:crncyDs>
                </io11:currency>
                <io11:structureSecModifier>
                  <io11:StructureSecModifier>
                    <io11:name name="Engineering Override Hazard Grade">HG4</io11:name>
                    <io11:cdGrpLabel>RANGE VALUES</io11:cdGrpLabel>
                  </io11:StructureSecModifier>
                  <io11:StructureSecModifier>
                    <io11:name name="Predominant Construction Class">PCC1</io11:name>
                    <io11:cdGrpLabel>RANGE VALUES</io11:cdGrpLabel>
                  </io11:StructureSecModifier>
                  <io11:StructureSecModifier>
                    <io11:name name="Field/Desktop Assessed?">393</io11:name>
                    <io11:cdGrpLabel>RANGE VALUES</io11:cdGrpLabel>
                  </io11:StructureSecModifier>
                  <io11:StructureSecModifier>
                    <io11:name name="Terrorism Occupancy">Commercial</io11:name>
                    <io11:cdGrpLabel>FREETEXT</io11:cdGrpLabel>
                  </io11:StructureSecModifier>
                </io11:structureSecModifier>
                <io11:sic3DCd>346</io11:sic3DCd>
                <io11:sic4DCd>3469</io11:sic4DCd>
                <io11:sicGroup>34</io11:sicGroup>
              </io11:structure>
              <io11:physicalObject/>
              <io11:actvIn>Y</io11:actvIn>
              <io11:geographicArea>
                <io11:ggrphcArId>47336393</io11:ggrphcArId>
                <io11:ctyNm>Baranovichi</io11:ctyNm>
                <io11:addr>Proletarskaja - UI 46 225320 Area Brest</io11:addr>
                <io11:postalCd>211851</io11:postalCd>
                <io11:dstrctNm/>
                <io11:cntyNm>Postavskij</io11:cntyNm>
                <io11:lattdInDegrs Code="PBBI">
                  <io11:Value>55.524640</io11:Value>
                </io11:lattdInDegrs>
                <io11:lngtdInDegrs>
                  <io11:Value>28.841350</io11:Value>
                </io11:lngtdInDegrs>
                <io11:cntryNm>Uruguay</io11:cntryNm>
                <io11:isAddrStndrdizedIn>N</io11:isAddrStndrdizedIn>
                <