<?xml version="1.0" encoding="UTF-8"?>
<tns:Location xmlns:bons0="http://aig.us.com/ges/common/v3" xmlns:ch="http://aig.com/CommonHeaderV12" xmlns:ges="http://aig.us.com/ges" xmlns:p="http://ws-i.org/profiles/basic/1.1/xsd" xmlns:tns="http://aig.us.com/ges/schema" xmlns:tns1="http://aig.us.com/ges/ext/v1" xmlns:xsi="http://www.w3.org/2001/XMLSchema-instance" xsi:schemaLocation="http://aig.us.com/ges/schema GESCIM.xsd ">
  <bons0:LocationId>bons0:LocationId</bons0:LocationId>
  <bons0:LocationName>bons0:LocationName</bons0:LocationName>
  <bons0:LineOneDetails>
    <bons0:StreetName>bons0:StreetName</bons0:StreetName>
    <bons0:StreetNumber>bons0:StreetNumber</bons0:StreetNumber>
    <bons0:UnitNumber>bons0:UnitNumber</bons0:UnitNumber>
  </bons0:LineOneDetails>
  <bons0:LatitudeMeasure bons0:Name="token">
    <bons0:Value>bons0:Value</bons0:Value>
  </bons0:LatitudeMeasure>
  <bons0:LongitudeMeasure bons0:Name="token">
    <bons0:Value>bons0:Value</bons0:Value>
  </bons0:LongitudeMeasure>
  <bons0:LocationPrecisionCd>
    <bons0:Code>bons0:Code</bons0:Code>
    <bons0:Value>bons0:Value</bons0:Value>
  </bons0:LocationPrecisionCd>
  <bons0:SecondaryModifiersList>
    <bons0:SecondaryModifiers>
      <bons0:SecondaryModifierName>bons0:SecondaryModifierName</bons0:SecondaryModifierName>
      <bons0:SecondaryModifierValue>bons0:SecondaryModifierValue</bons0:SecondaryModifierValue>
      <bons0:SecondaryModifierScheme>bons0:SecondaryModifierScheme</bons0:SecondaryModifierScheme>
      <bons0:SecondaryModifierType>bons0:SecondaryModifierType</bons0:SecondaryModifierType>
    </bons0:SecondaryModifiers>
  </bons0:SecondaryModifiersList>
</tns:Location>
