<?xml version="1.0" encoding="UTF-8"?>
<tns:GESServiceDefinitions
	xmlns:tns="http://aig.us.com/ges/schema/29/11/2015/addressing"
	xmlns:xsi="http://www.w3.org/2001/XMLSchema-instance"
	xsi:schemaLocation="http://aig.us.com/ges/schema/29/11/2015/addressing GESAddressing.xsd ">
	<tns:ServiceDefintions>
		<tns:ServiceDefinition tns:Env="local">
			<tns:ServiceNm>LocationScrubbingService</tns:ServiceNm>
			<tns:ServiceVersion>3.6.0</tns:ServiceVersion>
			<tns:OperationMode>SYNC</tns:OperationMode>
			<tns:Endpoint>
				http://10.32.11.98:43200/GES_BP_LocationScrubbingService_v3_6_0Web/sca/LocationScrubbingService_WSExp</tns:Endpoint>
		</tns:ServiceDefinition>
		<tns:ServiceDefinition tns:Env="local">
			<tns:ServiceNm>LocationServiceV3</tns:ServiceNm>
			<tns:ServiceVersion>3.6.0</tns:ServiceVersion>
			<tns:OperationMode>SYNC</tns:OperationMode>
			<tns:Endpoint></tns:Endpoint>
		</tns:ServiceDefinition>
		<tns:ServiceDefinition tns:Env="local">
			<tns:ServiceNm>PolicyService</tns:ServiceNm>
			<tns:ServiceVersion>3.6.0</tns:ServiceVersion>
			<tns:OperationMode>SYNC</tns:OperationMode>
			<tns:Endpoint>
				http://10.32.11.98:43200/GES_BP_LocationExposureService_v3_5_0Web/sca/PolicyServiceV1_WSExp</tns:Endpoint>
		</tns:ServiceDefinition>
		<tns:ServiceDefinition tns:Env="local">
			<tns:ServiceNm>LocationService</tns:ServiceNm>
			<tns:ServiceVersion>3.6.0</tns:ServiceVersion>
			<tns:OperationMode>SYNC</tns:OperationMode>
			<tns:Endpoint>
				http://10.32.11.98:43200/GES_BP_PBBILocationService_v3_6_0Web/sca/PBBILocationServiceV3_WSExp</tns:Endpoint>
		</tns:ServiceDefinition>
		<tns:ServiceDefinition tns:Env="local">
			<tns:ServiceNm>LocationExposureNotificationService</tns:ServiceNm>
			<tns:ServiceVersion>3.6.0</tns:ServiceVersion>
			<tns:OperationMode>SYNC</tns:OperationMode>
			<tns:Endpoint></tns:Endpoint>
		</tns:ServiceDefinition>
		<tns:ServiceDefinition tns:Env="local">
			<tns:ServiceNm>LocationExposureService</tns:ServiceNm>
			<tns:ServiceVersion>3.6.0</tns:ServiceVersion>
			<tns:OperationMode>SYNC</tns:OperationMode>
			<tns:Endpoint>
				http://10.32.11.98:43200/GES_BP_LocationExposureService_v3_5_0Web/sca/LocationExposureServiceV3_WSExp</tns:Endpoint>
		</tns:ServiceDefinition>
		<tns:ServiceDefinition tns:Env="local">
			<tns:Endpoint>
				http://10.32.11.98:43200/GES_BP_LocationScrubbingService_v3_6_0Web/sca/LocationScrubbingService_WSExp</tns:Endpoint>
			<tns:RootElementTypNm>ScrubLocationsRqType</tns:RootElementTypNm>
			<tns:RootElementQName>
				http://aig.us.com/ges/ext/LocationScrubbingServiceV3</tns:RootElementQName>
			<tns:ServiceQName>
				http://aig.us.com/ges/services/v3/LocationScrubbingServiceV3</tns:ServiceQName>
		</tns:ServiceDefinition>
		<tns:ServiceDefinition tns:Env="local">
			<tns:Endpoint>
				http://10.32.11.98:43200/GES_BP_LocationScrubbingService_v3_6_0Web/sca/LocationScrubbingService_WSExp</tns:Endpoint>
			<tns:RootElementTypNm>NotifyAddLocationsRqType</tns:RootElementTypNm>
			<tns:RootElementQName>
				http://aig.us.com/ges/ext/LocationScrubbingServiceV3</tns:RootElementQName>
			<tns:ServiceQName>
				http://aig.us.com/ges/services/v3/LocationScrubbingServiceV3</tns:ServiceQName>
		</tns:ServiceDefinition>
		<tns:ServiceDefinition tns:Env="local">
			<tns:Endpoint>
				http://10.32.11.98:43200/GES_BP_LocationScrubbingService_v3_6_0Web/sca/LocationScrubbingService_WSExp</tns:Endpoint>
			<tns:RootElementTypNm>NotifyBoundLocationsRqType</tns:RootElementTypNm>
			<tns:RootElementQName>
				http://aig.us.com/ges/ext/LocationScrubbingServiceV3</tns:RootElementQName>
			<tns:ServiceQName>
				http://aig.us.com/ges/services/v3/LocationScrubbingServiceV3</tns:ServiceQName>
		</tns:ServiceDefinition>
		<tns:ServiceDefinition tns:Env="local">
			<tns:Endpoint>
				http://10.32.11.98:43200/GES_BP_LocationScrubbingService_v3_6_0Web/sca/LocationScrubbingService_WSExp</tns:Endpoint>
			<tns:RootElementTypNm>NotifyAddLocationsRqType</tns:RootElementTypNm>
			<tns:RootElementQName>
				http://aig.us.com/ges/ext/LocationScrubbingServiceV3</tns:RootElementQName>
			<tns:ServiceQName>
				http://aig.us.com/ges/services/v3/LocationScrubbingServiceV3</tns:ServiceQName>
		</tns:ServiceDefinition>
		<tns:ServiceDefinition tns:Env="local">
			<tns:Endpoint>
				http://10.32.11.98:43200/GES_BP_LocationScrubbingService_v3_6_0Web/sca/LocationScrubbingService_WSExp</tns:Endpoint>
			<tns:RootElementTypNm>NotifyBoundLocationsRqType</tns:RootElementTypNm>
			<tns:RootElementQName>
				http://aig.us.com/ges/ext/LocationScrubbingServiceV3</tns:RootElementQName>
			<tns:ServiceQName>
				http://aig.us.com/ges/services/v3/LocationScrubbingServiceV3</tns:ServiceQName>
		</tns:ServiceDefinition>
		<tns:ServiceDefinition tns:Env="local">
			<tns:Endpoint>
				http://10.32.11.98:43200/GES_BP_LocationScrubbingService_v3_6_0Web/sca/LocationScrubbingService_WSExp</tns:Endpoint>
			<tns:RootElementTypNm>AddLocationRqType</tns:RootElementTypNm>
			<tns:RootElementQName>
				http://aig.us.com/ges/ext/LocationScrubbingServiceV3</tns:RootElementQName>
			<tns:ServiceQName>
				http://aig.us.com/ges/services/v3/LocationScrubbingServiceV3</tns:ServiceQName>
		</tns:ServiceDefinition>
		<tns:ServiceDefinition tns:Env="local">
			<tns:Endpoint>
				http://10.32.11.98:43200/GES_BP_LocationScrubbingService_v3_6_0Web/sca/LocationScrubbingService_WSExp</tns:Endpoint>
			<tns:RootElementTypNm>UpdateLocationRqType</tns:RootElementTypNm>
			<tns:RootElementQName>
				http://aig.us.com/ges/ext/LocationScrubbingServiceV3</tns:RootElementQName>
			<tns:ServiceQName>
				http://aig.us.com/ges/services/v3/LocationScrubbingServiceV3</tns:ServiceQName>
		</tns:ServiceDefinition>
		<tns:ServiceDefinition tns:Env="local">
			<tns:Endpoint>
				http://10.32.11.98:43200/GES_BP_LocationScrubbingService_v3_6_0Web/sca/LocationScrubbingService_WSExp</tns:Endpoint>
			<tns:RootElementTypNm>NotifyPolicyOptionRqType</tns:RootElementTypNm>
			<tns:RootElementQName>
				http://aig.us.com/ges/ext/LocationScrubbingServiceV3</tns:RootElementQName>
			<tns:ServiceQName>
				http://aig.us.com/ges/services/v3/LocationScrubbingServiceV3</tns:ServiceQName>
		</tns:ServiceDefinition>
		<tns:ServiceDefinition tns:Env="local">
			<tns:Endpoint>
			</tns:Endpoint>
			<tns:RootElementTypNm>GetLocationRequest_Type</tns:RootElementTypNm>
			<tns:RootElementQName>http://aig.us.com/ges/schema</tns:RootElementQName>
			<tns:ServiceQName>
				http://aig.us.com/ges/services/v3/LocationScrubbingServiceV3</tns:ServiceQName>
		</tns:ServiceDefinition>
		<tns:ServiceDefinition tns:Env="local">
			<tns:Endpoint>
				http://10.32.11.98:43200/GES_BP_LocationExposureService_v3_5_0Web/sca/PolicyServiceV1_WSExp</tns:Endpoint>
			<tns:RootElementTypNm>CreatePolicyOptionRqType</tns:RootElementTypNm>
			<tns:RootElementQName>http://aig.us.com/ges/ext/PolicyServiceV1</tns:RootElementQName>
			<tns:ServiceQName>
				http://aig.us.com/ges/services/v3/LocationScrubbingServiceV3</tns:ServiceQName>
		</tns:ServiceDefinition>
		<tns:ServiceDefinition tns:Env="local">
			<tns:Endpoint>
				http://10.32.11.98:43200/GES_BP_LocationExposureService_v3_5_0Web/sca/PolicyServiceV1_WSExp</tns:Endpoint>
			<tns:RootElementTypNm>WithdrawPolicyOptionRqType</tns:RootElementTypNm>
			<tns:RootElementQName>http://aig.us.com/ges/ext/PolicyServiceV1</tns:RootElementQName>
			<tns:ServiceQName>
				http://aig.us.com/ges/services/v3/LocationScrubbingServiceV3</tns:ServiceQName>
		</tns:ServiceDefinition>
		<tns:ServiceDefinition tns:Env="local">
			<tns:Endpoint>
				http://10.32.11.98:43200/GES_BP_LocationExposureService_v3_5_0Web/sca/PolicyServiceV1_WSExp</tns:Endpoint>
			<tns:RootElementTypNm>WithdrawPolicyRqType</tns:RootElementTypNm>
			<tns:RootElementQName>http://aig.us.com/ges/ext/PolicyServiceV1</tns:RootElementQName>
			<tns:ServiceQName>
				http://aig.us.com/ges/services/v3/LocationScrubbingServiceV3</tns:ServiceQName>
		</tns:ServiceDefinition>
		<tns:ServiceDefinition tns:Env="local">
			<tns:Endpoint>
				http://10.32.11.98:43200/GES_BP_LocationExposureService_v3_5_0Web/sca/PolicyServiceV1_WSExp</tns:Endpoint>
			<tns:RootElementTypNm>GetPolicyOptionDetailsRqType</tns:RootElementTypNm>
			<tns:RootElementQName>http://aig.us.com/ges/ext/PolicyServiceV1</tns:RootElementQName>
			<tns:ServiceQName>
				http://aig.us.com/ges/services/v3/LocationScrubbingServiceV3</tns:ServiceQName>
		</tns:ServiceDefinition>
		<tns:ServiceDefinition tns:Env="local">
			<tns:Endpoint>
				http://10.32.11.98:43200/GES_BP_PBBILocationService_v3_6_0Web/sca/PBBILocationServiceV3_WSExp</tns:Endpoint>
			<tns:RootElementTypNm>StandardizeAndAugmentLocationsRequest_Type</tns:RootElementTypNm>
			<tns:RootElementQName>http://aig.us.com/ges/schema</tns:RootElementQName>
			<tns:ServiceQName>
				http://aig.us.com/ges/services/v3/LocationScrubbingServiceV3</tns:ServiceQName>
		</tns:ServiceDefinition>
		<tns:ServiceDefinition tns:Env="local">
			<tns:Endpoint>
				http://10.32.11.98:43200/GES_BP_PBBILocationService_v3_6_0Web/sca/PBBILocationServiceV3_WSExp</tns:Endpoint>
			<tns:RootElementTypNm>AddLocationRequest_Type</tns:RootElementTypNm>
			<tns:RootElementQName>http://aig.us.com/ges/schema</tns:RootElementQName>
			<tns:ServiceQName>
				http://aig.us.com/ges/services/v3/LocationScrubbingServiceV3</tns:ServiceQName>
		</tns:ServiceDefinition>
		<tns:ServiceDefinition tns:Env="local">
			<tns:Endpoint>
				http://10.32.11.98:43200/GES_BP_PBBILocationService_v3_6_0Web/sca/PBBILocationServiceV3_WSExp</tns:Endpoint>
			<tns:RootElementTypNm>UpdateLocationRequest_Type</tns:RootElementTypNm>
			<tns:RootElementQName>http://aig.us.com/ges/schema</tns:RootElementQName>
			<tns:ServiceQName>
				http://aig.us.com/ges/services/v3/LocationScrubbingServiceV3</tns:ServiceQName>
		</tns:ServiceDefinition>
		<tns:ServiceDefinition tns:Env="local">
			<tns:Endpoint>
				http://10.32.11.98:43200/GES_BP_PBBILocationService_v3_6_0Web/sca/PBBILocationServiceV3_WSExp</tns:Endpoint>
			<tns:RootElementTypNm>getLocationsRequest_Type</tns:RootElementTypNm>
			<tns:RootElementQName>http://aig.us.com/ges/schema</tns:RootElementQName>
			<tns:ServiceQName>
				http://aig.us.com/ges/services/v3/LocationScrubbingServiceV3</tns:ServiceQName>
		</tns:ServiceDefinition>
		<tns:ServiceDefinition tns:Env="local">
			<tns:Endpoint>
				http://10.32.11.98:43200/GES_BP_PBBILocationService_v3_6_0Web/sca/PBBILocationServiceV3_WSExp</tns:Endpoint>
			<tns:RootElementTypNm>getCrestaCodeRequest_Type</tns:RootElementTypNm>
			<tns:RootElementQName>http://aig.us.com/ges/schema</tns:RootElementQName>
			<tns:ServiceQName>
				http://aig.us.com/ges/services/v3/LocationScrubbingServiceV3</tns:ServiceQName>
		</tns:ServiceDefinition>
		<tns:ServiceDefinition tns:Env="local">
			<tns:Endpoint>
				http://10.32.11.98:43200/GES_BP_PBBILocationService_v3_6_0Web/sca/PBBILocationServiceV3_WSExp</tns:Endpoint>
			<tns:RootElementTypNm>getCanadaFloodZoneRequest_Type</tns:RootElementTypNm>
			<tns:RootElementQName>http://aig.us.com/ges/schema</tns:RootElementQName>
			<tns:ServiceQName>
				http://aig.us.com/ges/services/v3/LocationScrubbingServiceV3</tns:ServiceQName>
		</tns:ServiceDefinition>
		<tns:ServiceDefinition tns:Env="local">
			<tns:Endpoint>
				http://10.32.11.98:43200/GES_BP_PBBILocationService_v3_6_0Web/sca/PBBILocationServiceV3_WSExp</tns:Endpoint>
			<tns:RootElementTypNm>getGeoCodeRequest_Type</tns:RootElementTypNm>
			<tns:RootElementQName>http://aig.us.com/ges/schema</tns:RootElementQName>
			<tns:ServiceQName>
				http://aig.us.com/ges/services/v3/LocationScrubbingServiceV3</tns:ServiceQName>
		</tns:ServiceDefinition>
		<tns:ServiceDefinition tns:Env="local">
			<tns:Endpoint>
				http://10.32.11.98:43200/GES_BP_PBBILocationService_v3_6_0Web/sca/PBBILocationServiceV3_WSExp</tns:Endpoint>
			<tns:RootElementTypNm>matchLocationsRequest_Type</tns:RootElementTypNm>
			<tns:RootElementQName>http://aig.us.com/ges/schema</tns:RootElementQName>
			<tns:ServiceQName>
				http://aig.us.com/ges/services/v3/LocationScrubbingServiceV3</tns:ServiceQName>
		</tns:ServiceDefinition>
		<tns:ServiceDefinition tns:Env="local">
			<tns:Endpoint>
				http://10.32.11.98:43200/GES_BP_PBBILocationService_v3_6_0Web/sca/PBBILocationServiceV3_WSExp</tns:Endpoint>
			<tns:RootElementTypNm>standardizeLocationsRequest_Type</tns:RootElementTypNm>
			<tns:RootElementQName>http://aig.us.com/ges/schema</tns:RootElementQName>
			<tns:ServiceQName>
				http://aig.us.com/ges/services/v3/LocationScrubbingServiceV3</tns:ServiceQName>
		</tns:ServiceDefinition>
		<tns:ServiceDefinition tns:Env="local">
			<tns:Endpoint>
				http://10.32.11.98:43200/GES_BP_PBBILocationService_v3_6_0Web/sca/PBBILocationServiceV3_WSExp</tns:Endpoint>
			<tns:RootElementTypNm>reverseGeoCodingRequest_Type</tns:RootElementTypNm>
			<tns:RootElementQName>http://aig.us.com/ges/schema</tns:RootElementQName>
			<tns:ServiceQName>
				http://aig.us.com/ges/services/v3/LocationScrubbingServiceV3</tns:ServiceQName>
		</tns:ServiceDefinition>
		<tns:ServiceDefinition tns:Env="local">
			<tns:Endpoint>
				http://10.32.11.98:43200/GES_BP_LocationExposureService_v3_5_0Web/sca/LocationExposureServiceV3_WSExp</tns:Endpoint>
			<tns:RootElementTypNm>GetAccountsRqType</tns:RootElementTypNm>
			<tns:RootElementQName>
				http://aig.us.com/ges/ext/LocationExposureServiceV3</tns:RootElementQName>
			<tns:ServiceQName>
				http://aig.us.com/ges/services/v3/LocationScrubbingServiceV3</tns:ServiceQName>
		</tns:ServiceDefinition>
		<tns:ServiceDefinition tns:Env="local">
			<tns:Endpoint>
				http://10.32.11.98:43200/GES_BP_LocationExposureService_v3_5_0Web/sca/LocationExposureServiceV3_WSExp</tns:Endpoint>
			<tns:RootElementTypNm>GetLocationsRqType</tns:RootElementTypNm>
			<tns:RootElementQName>
				http://aig.us.com/ges/ext/LocationExposureServiceV3</tns:RootElementQName>
			<tns:ServiceQName>
				http://aig.us.com/ges/services/v3/LocationScrubbingServiceV3</tns:ServiceQName>
		</tns:ServiceDefinition>
		<tns:ServiceDefinition tns:Env="local">
			<tns:Endpoint>
				http://10.32.11.98:43200/GES_BP_LocationExposureService_v3_5_0Web/sca/LocationExposureServiceV3_WSExp</tns:Endpoint>
			<tns:RootElementTypNm>GetLocationDetailsRqType</tns:RootElementTypNm>
			<tns:RootElementQName>
				http://aig.us.com/ges/ext/LocationExposureServiceV3</tns:RootElementQName>
			<tns:ServiceQName>
				http://aig.us.com/ges/services/v3/LocationScrubbingServiceV3</tns:ServiceQName>
		</tns:ServiceDefinition>
		<tns:ServiceDefinition tns:Env="local">
			<tns:Endpoint>
				http://10.32.11.98:43200/GES_BP_LocationExposureService_v3_5_0Web/sca/LocationExposureServiceV3_WSExp</tns:Endpoint>
			<tns:RootElementTypNm>GetPolicyPackDetailsRqType</tns:RootElementTypNm>
			<tns:RootElementQName>
				http://aig.us.com/ges/ext/LocationExposureServiceV3</tns:RootElementQName>
			<tns:ServiceQName>
				http://aig.us.com/ges/services/v3/LocationScrubbingServiceV3</tns:ServiceQName>
		</tns:ServiceDefinition>
		<tns:ServiceDefinition tns:Env="local">
			<tns:Endpoint>
				http://10.32.11.98:43200/GES_BP_LocationExposureService_v3_5_0Web/sca/LocationExposureServiceV3_WSExp</tns:Endpoint>
			<tns:RootElementTypNm>GetPolicyDetailsRqType</tns:RootElementTypNm>
			<tns:RootElementQName>
				http://aig.us.com/ges/ext/LocationExposureServiceV3</tns:RootElementQName>
			<tns:ServiceQName>
				http://aig.us.com/ges/services/v3/LocationScrubbingServiceV3</tns:ServiceQName>
		</tns:ServiceDefinition>
		<tns:ServiceDefinition tns:Env="local">
			<tns:Endpoint>
				sca://GES_BP_LocationExposureNotificationService_v3_5_0/LocationExposureNotificationServiceBatch_SCAExp</tns:Endpoint>
			<tns:RootElementTypNm>ReceiveLocationUpdatesRequest_Type</tns:RootElementTypNm>
			<tns:RootElementQName>
				http://aig.us.com/ges/ext/LocationExposureNotificationServiceV2</tns:RootElementQName>
			<tns:ServiceQName>
				http://aig.us.com/ges/ext/LocationExposureNotificationServiceV2</tns:ServiceQName>
			<tns:MethodName>receiveLocationUpdates</tns:MethodName>
			<tns:PartnerName>LocationExposureNotificationServicePartner</tns:PartnerName>
			<tns:Transport>GenericSCA</tns:Transport>
		</tns:ServiceDefinition>
		<tns:ServiceDefinition tns:Env="local">
			<tns:Endpoint>
				sca://GES_BP_LocationExposureNotificationService_v3_5_0/LocationExposureNotificationServiceBatch_SCAExp</tns:Endpoint>
			<tns:RootElementTypNm>UpdateExposureLocationInfoRequest_Type</tns:RootElementTypNm>
			<tns:RootElementQName>
				http://aig.us.com/ges/ext/LocationExposureNotificationServiceV2</tns:RootElementQName>
			<tns:ServiceQName>
				http://aig.us.com/ges/ext/LocationExposureNotificationServiceV2</tns:ServiceQName>
			<tns:MethodName>updateExposureLocationInfo</tns:MethodName>
			<tns:PartnerName>LocationExposureNotificationServicePartner</tns:PartnerName>
			<tns:Transport>GenericSCA</tns:Transport>
		</tns:ServiceDefinition>
		<tns:ServiceDefinition tns:Env="local">
			<tns:Endpoint>
				sca://GES_BP_LocationExposureNotificationService_v3_5_0/LocationExposureNotificationServiceBatch_SCAExp</tns:Endpoint>
			<tns:RootElementTypNm>ReceiveLocationUpdatesAcknowledgment_Type</tns:RootElementTypNm>
			<tns:RootElementQName>
				http://aig.us.com/ges/ext/LocationExposureNotificationServiceV2</tns:RootElementQName>
			<tns:ServiceQName>
				http://aig.us.com/ges/ext/LocationExposureNotificationServiceV2</tns:ServiceQName>
			<tns:MethodName>sendLocationUpdateAck</tns:MethodName>
			<tns:PartnerName>LocationExposureNotificationServicePartner</tns:PartnerName>
			<tns:Transport>GenericSCA</tns:Transport>
		</tns:ServiceDefinition>
		<tns:ServiceDefinition tns:Env="local">
			<tns:Endpoint>
				sca://GES_BP_LocationExposureNotificationService_v3_5_0/LocationExposureNotificationServiceBatch_SCAExp</tns:Endpoint>
			<tns:RootElementTypNm>CreatePolicyOptionRqType</tns:RootElementTypNm>
			<tns:RootElementQName>
				http://aig.us.com/ges/ext/LocationExposureNotificationServiceV2</tns:RootElementQName>
			<tns:ServiceQName>
				http://aig.us.com/ges/ext/LocationExposureNotificationServiceV2</tns:ServiceQName>
			<tns:MethodName>createPolicyOption</tns:MethodName>
			<tns:PartnerName>LocationExposureNotificationServicePartner</tns:PartnerName>
			<tns:Transport>GenericSCA</tns:Transport>
		</tns:ServiceDefinition>
		<tns:ServiceDefinition tns:Env="local">
			<tns:Endpoint>
				sca://GES_BP_LocationExposureNotificationService_v3_5_0/LocationExposureNotificationServiceBatch_SCAExp</tns:Endpoint>
			<tns:RootElementTypNm>NotifyPolicyOptionRqType</tns:RootElementTypNm>
			<tns:RootElementQName>
				http://aig.us.com/ges/ext/LocationExposureNotificationServiceV2</tns:RootElementQName>
			<tns:ServiceQName>
				http://aig.us.com/ges/ext/LocationExposureNotificationServiceV2</tns:ServiceQName>
			<tns:MethodName>notifyPolicyOption</tns:MethodName>
			<tns:PartnerName>LocationExposureNotificationServicePartner</tns:PartnerName>
			<tns:Transport>GenericSCA</tns:Transport>
		</tns:ServiceDefinition>
		<tns:ServiceDefinition tns:Env="local">
			<tns:Endpoint>
				sca://GES_BP_LocationExposureNotificationService_v3_5_0/LocationExposureNotificationServiceBatch_SCAExp</tns:Endpoint>
			<tns:RootElementTypNm>BindPolicyOptionRqType</tns:RootElementTypNm>
			<tns:RootElementQName>
				http://aig.us.com/ges/ext/LocationExposureNotificationServiceV2</tns:RootElementQName>
			<tns:ServiceQName>
				http://aig.us.com/ges/ext/LocationExposureNotificationServiceV2</tns:ServiceQName>
			<tns:MethodName>bindPolicyOption</tns:MethodName>
			<tns:PartnerName>LocationExposureNotificationServicePartner</tns:PartnerName>
			<tns:Transport>GenericSCA</tns:Transport>
		</tns:ServiceDefinition>
		<tns:ServiceDefinition tns:Env="local">
			<tns:Endpoint>
				sca://GES_BP_LocationExposureNotificationService_v3_5_0/LocationExposureNotificationServiceBatch_SCAExp</tns:Endpoint>
			<tns:RootElementTypNm>NotifyBoundPolicyRqType</tns:RootElementTypNm>
			<tns:RootElementQName>
				http://aig.us.com/ges/ext/LocationExposureNotificationServiceV2</tns:RootElementQName>
			<tns:ServiceQName>
				http://aig.us.com/ges/ext/LocationExposureNotificationServiceV2</tns:ServiceQName>
			<tns:MethodName>notifyBoundPolicy</tns:MethodName>
			<tns:PartnerName>LocationExposureNotificationServicePartner</tns:PartnerName>
			<tns:Transport>GenericSCA</tns:Transport>
		</tns:ServiceDefinition>
		<tns:ServiceDefinition tns:Env="local">
		<tns:ServiceVersion>3.5.0</tns:ServiceVersion>
			<tns:Endpoint>
				sca://GES_BP_LocationExposureNotificationService_v3_5_0/LocationExposureNotificationServiceBatch_SCAExp</tns:Endpoint>
			<tns:RootElementTypNm>ReceiveLocationUpdatesRequest_Type</tns:RootElementTypNm>
			<tns:RootElementQName>
				http://aig.us.com/ges/ext/LocationExposureNotificationServiceV2</tns:RootElementQName>
			<tns:ServiceQName>
				http://aig.us.com/ges/ext/LocationExposureNotificationServiceV2</tns:ServiceQName>
			<tns:MethodName>receiveLocationUpdates</tns:MethodName>
			<tns:PartnerName>LocationExposureNotificationServicePartner</tns:PartnerName>
			<tns:Transport>SCA</tns:Transport>
		</tns:ServiceDefinition>
		<tns:ServiceDefinition tns:Env="local">
		    <tns:ServiceVersion>3.5.0</tns:ServiceVersion>
			<tns:Endpoint>
				sca://GES_BP_LocationExposureNotificationService_v3_5_0/LocationExposureNotificationServiceBatch_SCAExp</tns:Endpoint>
			<tns:RootElementTypNm>UpdateExposureLocationInfoRequest_Type</tns:RootElementTypNm>
			<tns:RootElementQName>
				http://aig.us.com/ges/ext/LocationExposureNotificationServiceV2</tns:RootElementQName>
			<tns:ServiceQName>
				http://aig.us.com/ges/ext/LocationExposureNotificationServiceV2</tns:ServiceQName>
			<tns:MethodName>updateExposureLocationInfo</tns:MethodName>
			<tns:PartnerName>LocationExposureNotificationServicePartner</tns:PartnerName>
			<tns:Transport>SCA</tns:Transport>
		</tns:ServiceDefinition>
		<tns:ServiceDefinition tns:Env="local">
		    <tns:ServiceVersion>3.5.0</tns:ServiceVersion>
			<tns:Endpoint>
				sca://GES_BP_LocationExposureNotificationService_v3_5_0/LocationExposureNotificationServiceBatch_SCAExp</tns:Endpoint>
			<tns:RootElementTypNm>ReceiveLocationUpdatesAcknowledgment_Type</tns:RootElementTypNm>
			<tns:RootElementQName>
				http://aig.us.com/ges/ext/LocationExposureNotificationServiceV2</tns:RootElementQName>
			<tns:ServiceQName>
				http://aig.us.com/ges/ext/LocationExposureNotificationServiceV2</tns:ServiceQName>
			<tns:MethodName>sendLocationUpdateAck</tns:MethodName>
			<tns:PartnerName>LocationExposureNotificationServicePartner</tns:PartnerName>
			<tns:Transport>SCA</tns:Transport>
		</tns:ServiceDefinition>
		<tns:ServiceDefinition tns:Env="local">
		    <tns:ServiceVersion>3.5.0</tns:ServiceVersion>
			<tns:Endpoint>
				sca://GES_BP_LocationExposureNotificationService_v3_5_0/LocationExposureNotificationServiceBatch_SCAExp</tns:Endpoint>
			<tns:RootElementTypNm>CreatePolicyOptionRqType</tns:RootElementTypNm>
			<tns:RootElementQName>
				http://aig.us.com/ges/ext/LocationExposureNotificationServiceV2</tns:RootElementQName>
			<tns:ServiceQName>
				http://aig.us.com/ges/ext/LocationExposureNotificationServiceV2</tns:ServiceQName>
			<tns:MethodName>createPolicyOption</tns:MethodName>
			<tns:PartnerName>LocationExposureNotificationServicePartner</tns:PartnerName>
			<tns:Transport>SCA</tns:Transport>
		</tns:ServiceDefinition>
		<tns:ServiceDefinition tns:Env="local">
		    <tns:ServiceVersion>3.5.0</tns:ServiceVersion>
			<tns:Endpoint>
				sca://GES_BP_LocationExposureNotificationService_v3_5_0/LocationExposureNotificationServiceBatch_SCAExp</tns:Endpoint>
			<tns:RootElementTypNm>NotifyPolicyOptionRqType</tns:RootElementTypNm>
			<tns:RootElementQName>
				http://aig.us.com/ges/ext/LocationExposureNotificationServiceV2</tns:RootElementQName>
			<tns:ServiceQName>
				http://aig.us.com/ges/ext/LocationExposureNotificationServiceV2</tns:ServiceQName>
			<tns:MethodName>notifyPolicyOption</tns:MethodName>
			<tns:PartnerName>LocationExposureNotificationServicePartner</tns:PartnerName>
			<tns:Transport>SCA</tns:Transport>
		</tns:ServiceDefinition>
		<tns:ServiceDefinition tns:Env="local">
		    <tns:ServiceVersion>3.5.0</tns:ServiceVersion>
			<tns:Endpoint>
				sca://GES_BP_LocationExposureNotificationService_v3_5_0/LocationExposureNotificationServiceBatch_SCAExp</tns:Endpoint>
			<tns:RootElementTypNm>BindPolicyOptionRqType</tns:RootElementTypNm>
			<tns:RootElementQName>
				http://aig.us.com/ges/ext/LocationExposureNotificationServiceV2</tns:RootElementQName>
			<tns:ServiceQName>
				http://aig.us.com/ges/ext/LocationExposureNotificationServiceV2</tns:ServiceQName>
			<tns:MethodName>bindPolicyOption</tns:MethodName>
			<tns:PartnerName>LocationExposureNotificationServicePartner</tns:PartnerName>
			<tns:Transport>SCA</tns:Transport>
		</tns:ServiceDefinition>
		<tns:ServiceDefinition tns:Env="local">
		    <tns:ServiceVersion>3.5.0</tns:ServiceVersion>
			<tns:Endpoint>
				sca://GES_BP_LocationExposureNotificationService_v3_5_0/LocationExposureNotificationServiceBatch_SCAExp</tns:Endpoint>
			<tns:RootElementTypNm>NotifyBoundPolicyRqType</tns:RootElementTypNm>
			<tns:RootElementQName>
				http://aig.us.com/ges/ext/LocationExposureNotificationServiceV2</tns:RootElementQName>
			<tns:ServiceQName>
				http://aig.us.com/ges/ext/LocationExposureNotificationServiceV2</tns:ServiceQName>
			<tns:MethodName>notifyBoundPolicy</tns:MethodName>
			<tns:PartnerName>LocationExposureNotificationServicePartner</tns:PartnerName>
			<tns:Transport>SCA</tns:Transport>
		</tns:ServiceDefinition>
		<tns:ServiceDefinition tns:Env="local">
			<tns:Endpoint>JMSURL</tns:Endpoint>
			<tns:RootElementTypNm>ReceiveLocationUpdatesRequest_Type</tns:RootElementTypNm>
			<tns:RootElementQName>
				http://aig.us.com/ges/ext/LocationExposureNotificationServiceV2</tns:RootElementQName>
			<tns:ServiceQName>
				http://aig.us.com/ges/ext/LocationExposureNotificationServiceV2</tns:ServiceQName>
			<tns:MethodName>receiveLocationUpdates</tns:MethodName>
			<tns:PartnerName>ServiceGatewayPartner</tns:PartnerName>
			<tns:Transport>GenericJMS</tns:Transport>
		</tns:ServiceDefinition>
		<tns:ServiceDefinition tns:Env="local">
			<tns:Endpoint>JMSURL</tns:Endpoint>
			<tns:RootElementTypNm>UpdateExposureLocationInfoRequest_Type</tns:RootElementTypNm>
			<tns:RootElementQName>
				http://aig.us.com/ges/ext/LocationExposureNotificationServiceV2</tns:RootElementQName>
			<tns:ServiceQName>
				http://aig.us.com/ges/ext/LocationExposureNotificationServiceV2</tns:ServiceQName>
			<tns:MethodName>updateExposureLocationInfo</tns:MethodName>
			<tns:PartnerName>ServiceGatewayPartner</tns:PartnerName>
			<tns:Transport>GenericJMS</tns:Transport>
		</tns:ServiceDefinition>
		<tns:ServiceDefinition tns:Env="local">
			<tns:Endpoint>JMSURL</tns:Endpoint>
			<tns:RootElementTypNm>ReceiveLocationUpdatesAcknowledgment_Type</tns:RootElementTypNm>
			<tns:RootElementQName>
				http://aig.us.com/ges/ext/LocationExposureNotificationServiceV2</tns:RootElementQName>
			<tns:ServiceQName>
				http://aig.us.com/ges/ext/LocationExposureNotificationServiceV2</tns:ServiceQName>
			<tns:MethodName>sendLocationUpdateAck</tns:MethodName>
			<tns:PartnerName>ServiceGatewayPartner</tns:PartnerName>
			<tns:Transport>GenericJMS</tns:Transport>
		</tns:ServiceDefinition>
		<tns:ServiceDefinition tns:Env="local">
			<tns:Endpoint>JMSURL</tns:Endpoint>
			<tns:RootElementTypNm>CreatePolicyOptionRqType</tns:RootElementTypNm>
			<tns:RootElementQName>
				http://aig.us.com/ges/ext/LocationExposureNotificationServiceV2</tns:RootElementQName>
			<tns:ServiceQName>
				http://aig.us.com/ges/ext/LocationExposureNotificationServiceV2</tns:ServiceQName>
			<tns:MethodName>createPolicyOption</tns:MethodName>
			<tns:PartnerName>ServiceGatewayPartner</tns:PartnerName>
			<tns:Transport>GenericJMS</tns:Transport>
		</tns:ServiceDefinition>
		<tns:ServiceDefinition tns:Env="local">
			<tns:Endpoint>JMSURL</tns:Endpoint>
			<tns:RootElementTypNm>NotifyPolicyOptionRqType</tns:RootElementTypNm>
			<tns:RootElementQName>
				http://aig.us.com/ges/ext/LocationExposureNotificationServiceV2</tns:RootElementQName>
			<tns:ServiceQName>
				http://aig.us.com/ges/ext/LocationExposureNotificationServiceV2</tns:ServiceQName>
			<tns:MethodName>notifyPolicyOption</tns:MethodName>
			<tns:PartnerName>ServiceGatewayPartner</tns:PartnerName>
			<tns:Transport>GenericJMS</tns:Transport>
		</tns:ServiceDefinition>
		<tns:ServiceDefinition tns:Env="local">
			<tns:Endpoint>JMSURL</tns:Endpoint>
			<tns:RootElementTypNm>BindPolicyOptionRqType</tns:RootElementTypNm>
			<tns:RootElementQName>
				http://aig.us.com/ges/ext/LocationExposureNotificationServiceV2</tns:RootElementQName>
			<tns:ServiceQName>
				http://aig.us.com/ges/ext/LocationExposureNotificationServiceV2</tns:ServiceQName>
			<tns:MethodName>bindPolicyOption</tns:MethodName>
			<tns:PartnerName>ServiceGatewayPartner</tns:PartnerName>
			<tns:Transport>GenericJMS</tns:Transport>
		</tns:ServiceDefinition>
		<tns:ServiceDefinition tns:Env="local">
			<tns:Endpoint>JMSURL</tns:Endpoint>
			<tns:RootElementTypNm>NotifyBoundPolicyRqType</tns:RootElementTypNm>
			<tns:RootElementQName>
				http://aig.us.com/ges/ext/LocationExposureNotificationServiceV2</tns:RootElementQName>
			<tns:ServiceQName>
				http://aig.us.com/ges/ext/LocationExposureNotificationServiceV2</tns:ServiceQName>
			<tns:MethodName>notifyBoundPolicy</tns:MethodName>
			<tns:PartnerName>ServiceGatewayPartner</tns:PartnerName>
			<tns:Transport>GenericJMS</tns:Transport>
		</tns:ServiceDefinition>
		<tns:ServiceDefinition tns:Env="local">
			<tns:ServiceVersion>3.5.0</tns:ServiceVersion>
			<tns:Endpoint>JMSURL</tns:Endpoint>
			<tns:RootElementTypNm>ReceiveLocationUpdatesRequest_Type</tns:RootElementTypNm>
			<tns:RootElementQName>
				http://aig.us.com/ges/ext/LocationExposureNotificationServiceV2</tns:RootElementQName>
			<tns:ServiceQName>
				http://aig.us.com/ges/ext/LocationExposureNotificationServiceV2</tns:ServiceQName>
			<tns:MethodName>receiveLocationUpdates</tns:MethodName>
			<tns:PartnerName>ServiceGatewayPartner</tns:PartnerName>
			<tns:Transport>JMS</tns:Transport>
		</tns:ServiceDefinition>
		<tns:ServiceDefinition tns:Env="local">
			<tns:ServiceVersion>3.5.0</tns:ServiceVersion>
			<tns:Endpoint>JMSURL</tns:Endpoint>
			<tns:RootElementTypNm>UpdateExposureLocationInfoRequest_Type</tns:RootElementTypNm>
			<tns:RootElementQName>
				http://aig.us.com/ges/ext/LocationExposureNotificationServiceV2</tns:RootElementQName>
			<tns:ServiceQName>
				http://aig.us.com/ges/ext/LocationExposureNotificationServiceV2</tns:ServiceQName>
			<tns:MethodName>updateExposureLocationInfo</tns:MethodName>
			<tns:PartnerName>ServiceGatewayPartner</tns:PartnerName>
			<tns:Transport>JMS</tns:Transport>
		</tns:ServiceDefinition>
		<tns:ServiceDefinition tns:Env="local">
			<tns:ServiceVersion>3.5.0</tns:ServiceVersion>
			<tns:Endpoint>JMSURL</tns:Endpoint>
			<tns:RootElementTypNm>ReceiveLocationUpdatesAcknowledgment_Type</tns:RootElementTypNm>
			<tns:RootElementQName>
				http://aig.us.com/ges/ext/LocationExposureNotificationServiceV2</tns:RootElementQName>
			<tns:ServiceQName>
				http://aig.us.com/ges/ext/LocationExposureNotificationServiceV2</tns:ServiceQName>
			<tns:MethodName>sendLocationUpdateAck</tns:MethodName>
			<tns:PartnerName>ServiceGatewayPartner</tns:PartnerName>
			<tns:Transport>JMS</tns:Transport>
		</tns:ServiceDefinition>
		<tns:ServiceDefinition tns:Env="local">
			<tns:ServiceVersion>3.5.0</tns:ServiceVersion>
			<tns:Endpoint>JMSURL</tns:Endpoint>
			<tns:RootElementTypNm>CreatePolicyOptionRqType</tns:RootElementTypNm>
			<tns:RootElementQName>
				http://aig.us.com/ges/ext/LocationExposureNotificationServiceV2</tns:RootElementQName>
			<tns:ServiceQName>
				http://aig.us.com/ges/ext/LocationExposureNotificationServiceV2</tns:ServiceQName>
			<tns:MethodName>createPolicyOption</tns:MethodName>
			<tns:PartnerName>ServiceGatewayPartner</tns:PartnerName>
			<tns:Transport>JMS</tns:Transport>
		</tns:ServiceDefinition>
		<tns:ServiceDefinition tns:Env="local">
			<tns:ServiceVersion>3.5.0</tns:ServiceVersion>
			<tns:Endpoint>JMSURL</tns:Endpoint>
			<tns:RootElementTypNm>NotifyPolicyOptionRqType</tns:RootElementTypNm>
			<tns:RootElementQName>
				http://aig.us.com/ges/ext/LocationExposureNotificationServiceV2</tns:RootElementQName>
			<tns:ServiceQName>
				http://aig.us.com/ges/ext/LocationExposureNotificationServiceV2</tns:ServiceQName>
			<tns:MethodName>notifyPolicyOption</tns:MethodName>
			<tns:PartnerName>ServiceGatewayPartner</tns:PartnerName>
			<tns:Transport>JMS</tns:Transport>
		</tns:ServiceDefinition>
		<tns:ServiceDefinition tns:Env="local">
			<tns:ServiceVersion>3.5.0</tns:ServiceVersion>
			<tns:Endpoint>JMSURL</tns:Endpoint>
			<tns:RootElementTypNm>BindPolicyOptionRqType</tns:RootElementTypNm>
			<tns:RootElementQName>
				http://aig.us.com/ges/ext/LocationExposureNotificationServiceV2</tns:RootElementQName>
			<tns:ServiceQName>
				http://aig.us.com/ges/ext/LocationExposureNotificationServiceV2</tns:ServiceQName>
			<tns:MethodName>bindPolicyOption</tns:MethodName>
			<tns:PartnerName>ServiceGatewayPartner</tns:PartnerName>
			<tns:Transport>JMS</tns:Transport>
		</tns:ServiceDefinition>
		<tns:ServiceDefinition tns:Env="local">
			<tns:ServiceVersion>3.5.0</tns:ServiceVersion>
			<tns:Endpoint>JMSURL</tns:Endpoint>
			<tns:RootElementTypNm>NotifyBoundPolicyRqType</tns:RootElementTypNm>
			<tns:RootElementQName>
				http://aig.us.com/ges/ext/LocationExposureNotificationServiceV2</tns:RootElementQName>
			<tns:ServiceQName>
				http://aig.us.com/ges/ext/LocationExposureNotificationServiceV2</tns:ServiceQName>
			<tns:MethodName>notifyBoundPolicy</tns:MethodName>
			<tns:PartnerName>ServiceGatewayPartner</tns:PartnerName>
			<tns:Transport>JMS</tns:Transport>
		</tns:ServiceDefinition>
	</tns:ServiceDefintions>
</tns:GESServiceDefinitions>