<?xml version="1.0" encoding="UTF-8"?>
<GESMEConfig xmlns="http://aig.us.com/ges/noschema/meconfig">

	<BUSConfig env="local">
		<BusName>BPC.A4AIGMD16884Cell01.Bus
		</BusName>
		<BusName>CEI.A4AIGMD16884Cell01.BUS
		</BusName>
		<BusName>SCA.APPLICATION.A4AIGMD16884Cell01.Bus
		</BusName>
		<BusName>SCA.SYSTEM.A4AIGMD16884Cell01.Bus
		</BusName>
		<ProviderEndpoint>10.32.11.98:7291:BootstrapSecureMessaging
		</ProviderEndpoint>
		<ToAddr>AigGes.IbmEsbteam@mindtree.com
		</ToAddr> <!--  Provide Comma Seperated Addresses -->
		<CCAddr>AigGes.IbmEsbteam@mindtree.com
		</CCAddr> <!--  Provide Comma Seperated Addresses -->
	</BUSConfig>
	<BUSConfig env="dev">
		<BusName>SCA.APPLICATION.wps70dev_ges_cell.Bus
		</BusName>
		<BusName>SCA.SYSTEM.wps70dev_ges_cell.Bus
		</BusName>
		<BusName>CEI.wps70dev_ges_cell.BUS
		</BusName>
		<BusName>BPC.wps70dev_ges_cell.Bus
		</BusName>
		<ProviderEndpoint>10.175.211.43:46630:BootstrapSecureMessaging
		</ProviderEndpoint>
		<ToAddr>AigGes.IbmEsbteam@mindtree.com
		</ToAddr>
		<CCAddr>AigGes.IbmEsbteam@mindtree.com
		</CCAddr>
	</BUSConfig>
	<BUSConfig env="qa">
		<BusName>SCA.APPLICATION.wps70qa_ges_cell.Bus
		</BusName>
		<BusName>SCA.SYSTEM.wps70qa_ges_cell.Bus
		</BusName>
		<BusName>CEI.wps70qa_ges_cell.BUS
		</BusName>
		<BusName>BPC.wps70qa_ges_cell.Bus</BusName>
		<ProviderEndpoint>10.175.211.45:46630:BootstrapSecureMessaging
		</ProviderEndpoint>
		<ToAddr>AigGes.IbmEsbteam@mindtree.com
		</ToAddr>
		<CCAddr>AigGes.IbmEsbteam@mindtree.com
		</CCAddr>
		
		
	</BUSConfig>
	<BUSConfig env="model">
		<BusName>SCA.APPLICATION.wps70modl_ges_cell.Bus
		</BusName>
		<BusName>SCA.SYSTEM.wps70modl_ges_cell.Bus
		</BusName>
		<BusName>CEI.wps70modl_ges_cell.BUS
		</BusName>
		<BusName>BPC.wps70modl_ges_cell.Bus
		</BusName>
		<ProviderEndpoint>10.176.9.50:46629:BootstrapSecureMessaging
		</ProviderEndpoint>
		<ToAddr>AigGes.IbmEsbteam@mindtree.com
		</ToAddr>
		<CCAddr>AigGes.IbmEsbteam@mindtree.com
		</CCAddr>
	</BUSConfig>
	<BUSConfig env="prod">
		<BusName>SCA.APPLICATION.wps70prod_ges_cell.Bus
		</BusName>
		<BusName>SCA.SYSTEM.wps70prod_ges_cell.Bus
		</BusName>
		<BusName>CEI.wps70prod_ges_cell.BUS
		</BusName>
		<BusName>BPC.wps70prod_ges_cell.Bus
		</BusName>
		<ProviderEndpoint>10.249.56.37:46629:BootstrapSecureMessaging
		</ProviderEndpoint>
		<ToAddr>AigGes.IbmEsbteam@mindtree.com
		</ToAddr>
		<CCAddr>AIGGES.PRODSupport@mindtree.com
		</CCAddr>
	</BUSConfig>
</GESMEConfig>
