<?xml version="1.0" encoding="UTF-8"?>
<bons0:LocationUpdates xmlns:bons0="http://aig.us.com/ges/common/v3"
	xmlns:ch="http://aig.com/CommonHeaderV12" xmlns:p="http://ws-i.org/profiles/basic/1.1/xsd"
	xmlns:xsi="http://www.w3.org/2001/XMLSchema-instance"
	xsi:schemaLocation="http://aig.us.com/ges/common/v3 GESCommon.xsd ">
	<bons0:LocationUpdate>
		<bons0:LocationId>bons0:LocationId</bons0:LocationId>
		<bons0:SourceSystemCode>GPW</bons0:SourceSystemCode>
		<bons0:MDMHoldgId>bons0:MDMHoldgId</bons0:MDMHoldgId>
		<bons0:MDMAddrId>bons0:MDMAddrId</bons0:MDMAddrId>
		<bons0:MDMContId>bons0:MDMContId</bons0:MDMContId>
		<bons0:MDMContCmpntId>bons0:MDMContCmpntId</bons0:MDMContCmpntId>
		<bons0:ProcessingStatus>COMPLETED</bons0:ProcessingStatus>
		<bons0:Error>
			<bons0:ErrorCd>bons0:ErrorCd</bons0:ErrorCd>
			<bons0:ErrorMsg>bons0:ErrorMsg</bons0:ErrorMsg>
			<bons0:ErrorTyp>bons0:ErrorTyp</bons0:ErrorTyp>
			<bons0:ErrorDesc>bons0:ErrorDesc</bons0:ErrorDesc>
			<bons0:ErrorDetails>bons0:ErrorDetails</bons0:ErrorDetails>
		</bons0:Error>
	</bons0:LocationUpdate>
	<bons0:LocationUpdate>
		<bons0:LocationId>bons0:LocationId</bons0:LocationId>
		<bons0:SourceSystemCode>GPW</bons0:SourceSystemCode>
		<bons0:MDMHoldgId>bons0:MDMHoldgId</bons0:MDMHoldgId>
		<bons0:MDMAddrId>bons0:MDMAddrId</bons0:MDMAddrId>
		<bons0:MDMContId>bons0:MDMContId</bons0:MDMContId>
		<bons0:MDMContCmpntId>bons0:MDMContCmpntId</bons0:MDMContCmpntId>
		<bons0:ProcessingStatus>COMPLETED</bons0:ProcessingStatus>
		<bons0:Error>
			<bons0:ErrorCd>bons0:ErrorCd</bons0:ErrorCd>
			<bons0:ErrorMsg>bons0:ErrorMsg</bons0:ErrorMsg>
			<bons0:ErrorTyp>bons0:ErrorTyp</bons0:ErrorTyp>
			<bons0:ErrorDesc>bons0:ErrorDesc</bons0:ErrorDesc>
			<bons0:ErrorDetails>bons0:ErrorDetails</bons0:ErrorDetails>
		</bons0:Error>
	</bons0:LocationUpdate>
</bons0:LocationUpdates>
