<?xml version="1.0" encoding="UTF-8"?>
<xmlmap:datamap xmlns:bons0="http://aig.us.com/ges/common/v3" xmlns:bons01="http://aig.us.com/ges/schema/da/DataAccessV1_0" xmlns:bons02="http://www.ibm.com/xmlns/prod/websphere/j2ca/jdbc/resultsetBO" xmlns:ch="http://aig.com/CommonHeaderV12" xmlns:p="http://GES_Lib_DataAccess/it/DataAccess" xmlns:xmlmap="http://www.ibm.com/xmlmap" xmlns:xsd="http://www.w3.org/2001/XMLSchema" xmlns:xsi="http://www.w3.org/2001/XMLSchema-instance" xsi:schemaLocation="http://www.ibm.com/xmlmap foo.xsd " xmlns:_10="http://aig.us.com/ges/schema/da/DataAccessV1_0">
  <dataObject xsi:type="p:GetDataType">
    <ISpec>ISpec</ISpec>
     <p:Payload xsi:type="_10:SPResultSets">
    <_10:SPResults>
      <_10:SPResult>
        <_10:ResultRows>
          <_10:ResultRow>
            <_10:ColumnRecords>
              <_10:ColumnRecord Name="TC">
                <ColumnValue>25</ColumnValue>
              </_10:ColumnRecord>
              <_10:ColumnRecord Name="FC">
                <ColumnValue>0</ColumnValue>
              </_10:ColumnRecord>
              <_10:ColumnRecord Name="IP">
                <ColumnValue>0</ColumnValue>
              </_10:ColumnRecord>
              <_10:ColumnRecord Name="DP">
                <ColumnValue>0</ColumnValue>
              </_10:ColumnRecord>
              <_10:ColumnRecord Name="CP">
                <ColumnValue>0</ColumnValue>
              </_10:ColumnRecord>
              <_10:ColumnRecord Name="PD">
                <ColumnValue>25</ColumnValue>
              </_10:ColumnRecord>
            </_10:ColumnRecords>
          </_10:ResultRow>
        </_10:ResultRows>
      </_10:SPResult>
    </_10:SPResults>
  </p:Payload>
  </dataObject>
</xmlmap:datamap>
