<?xml version="1.0" encoding="UTF-8"?>
<NamedQueries>
	<Queries>
		<Query name="SovLocationFetchbyVersion">
			SELECT * FROM TSOV_LOCATION WHERE SOV_VERSN_ID=:versionID and
			SOV_LOC_ID=:sovLocID
			<Params count="2">
				<Param>versionID</Param>
				<Param>sovLocID</Param>
			</Params>
		</Query>
		<Query name="EsbCrossReferenceFetchbyVersion">
			SELECT * FROM TESB_CROSS_REFERENCE_INFO WHERE SOV_LOC_ID IN (SELECT
			SOV_LOC_ID FROM TSOV_LOCATION WHERE SOV_VERSN_ID =:versionID)
			<Params count="1">
				<Param>versionID</Param>
			</Params>
		</Query>
		<Query name="PBBIConfigQuery">
			SELECT * FROM TPBBI_CONFIG WHERE 1=:allrows
			<Params count="1">
				<Param>allrows</Param>
			</Params>
		</Query>
		<Query name="SovLocationIdByDuration">
			select ( SELECT COUNT(T1.SOV_LOC_ID) FROM TESB_CROSS_REFERENCE_INFO
			T1 WHERE T1.SOV_LOC_ID IN (SELECT SOV_LOC_ID FROM TSOV_LOCATION WHERE
			SOV_VERSN_ID=:versionID) ) as "TC" ,( SELECT COUNT(T1.SOV_LOC_ID)
			FROM TESB_CROSS_REFERENCE_INFO T1 WHERE T1.SOV_LOC_ID IN (SELECT
			SOV_LOC_ID FROM TSOV_LOCATION WHERE SOV_VERSN_ID=:versionID)AND
			T1.PRCSNG_STAT_CD='FAILED' ) as "FC" ,( SELECT COUNT(T1.SOV_LOC_ID)
			FROM TESB_CROSS_REFERENCE_INFO T1 WHERE T1.SOV_LOC_ID IN (SELECT
			SOV_LOC_ID FROM TSOV_LOCATION WHERE SOV_VERSN_ID=:versionID)AND
			T1.PRCSNG_STAT_CD='IN_PROGRESS' ) as "IP" ,( SELECT
			COUNT(T1.SOV_LOC_ID) FROM TESB_CROSS_REFERENCE_INFO T1 WHERE
			T1.SOV_LOC_ID IN (SELECT SOV_LOC_ID FROM TSOV_LOCATION WHERE
			SOV_VERSN_ID=:versionID)AND T1.PRCSNG_STAT_CD='DA_IN_PROGRESS' ) as
			"DP" ,( SELECT COUNT(T1.SOV_LOC_ID) FROM TESB_CROSS_REFERENCE_INFO T1
			WHERE T1.SOV_LOC_ID IN (SELECT SOV_LOC_ID FROM TSOV_LOCATION WHERE
			SOV_VERSN_ID=:versionID)AND T1.PRCSNG_STAT_CD='COMPLETED' ) as "CP"
			,( SELECT COUNT(T1.SOV_LOC_ID) FROM TESB_CROSS_REFERENCE_INFO T1
			WHERE T1.SOV_LOC_ID IN (SELECT SOV_LOC_ID FROM TSOV_LOCATION WHERE
			SOV_VERSN_ID=:versionID)AND T1.PRCSNG_STAT_CD='PENDING_DA' ) as "PD"
			from sysibm.sysdummy1
			<Params count="1">
				<Param>versionID</Param>
			</Params>
		</Query>
		<Query name="UpdateStatusBySovVersionId">
			UPDATE TESB_CROSS_REFERENCE_INFO SET PRCSNG_STAT_CD='PENDING_DA'
			WHERE SOV_LOC_ID IN (SELECT SOV_LOC_ID FROM TSOV_LOCATION WHERE
			SOV_VERSN_ID=:versionID)
			<Params count="1">
				<Param>versionID</Param>
			</Params>
		</Query>
		<Query name="UpdateStatusBySovLocationId">
			UPDATE TESB_CROSS_REFERENCE_INFO SET PRCSNG_STAT_CD='PENDING_DA',
			ERR_MSG=NULL, ORGNL_FALT=NULL
			WHERE SOV_LOC_ID = :sovLocationID
			<Params count="1">
				<Param>sovLocationID</Param>
			</Params>
		</Query>
		<Query name="getScrubbingDuration">
			SELECT
			TIMESTAMPDIFF(2,CHAR(TIMESTAMP(MAX(UPD_TS))-TIMESTAMP(MIN(PRCSNG_STAT_TS))))AS
			SEC FROM TESB_CROSS_REFERENCE_INFO WHERE SOV_LOC_ID IN (SELECT
			SOV_LOC_ID FROM TSOV_LOCATION WHERE SOV_VERSN_ID = :SovVersionId)
			<Params count="1">
				<Param>SovVersionId</Param>
			</Params>
		</Query>
		<Query name="getLocationDeDupeConfig">
			SELECT
			INPUT_SRC,SUSPECT_SRC,DSTNC_FROM,DSTNC_TO,ADDR_CONFDNC_FROM,ADDR_CONFDNC_TO,COPE_CONFDNC_FROM,COPE_CONFDNC_TO,INPUT_LOC_PRECISION,SUSPECT_LOC_PRECISION,CNTRY_CD,MTCH_RSLT
			FROM TLOCATION_DEDUP_CONFIG WHERE INPUT_SRC = :inputSRC and
			DLT_IN='N' WITH UR
			<Params count="1">
				<Param>inputSRC</Param>
			</Params>
		</Query>
		<Query name="getLocationCopeConfig">
			SELECT COPE_ATRBT_NM,VAL_FROM,VAL_TO,CNTRY_CD FROM
			TLOCATION_COPE_CONFIG WITH UR
			<Params count="0">
				<Param>inputSRC</Param>
			</Params>
		</Query>
		<Query name="getCacheConfig">
			SELECT PARM_NM,OPERTR_TYP,PARM_VAL FROM
			GEXPDBA.TSYSTEM_PARAMETER_CONFIG WHERE
			APLCTN_NM = :APLCTN_NM WITH UR
			<Params count="1">
				<Param>APLCTN_NM</Param>
			</Params>
		</Query>
		<Query name="getSetUpCacheConfig">
			SELECT * FROM GEXPDBA.TSYSTEM_PARAMETER_CONFIG WHERE APLCTN_NM LIKE
			:APLCTN_NM WITH UR
			<Params count="1">
				<Param>APLCTN_NM</Param>
			</Params>
		</Query>
	</Queries>
</NamedQueries>