<p:NotifyExceptionsRequest xsi:type="p:NotifyScrubLocationsMonitorType"
	xmlns:xsi="http://www.w3.org/2001/XMLSchema-instance" xmlns:p="http://GES_Lib_Common/NotifyCleansingMonitor">
	<Version>123-10276-28-BE39299A-DB52-42AA-A974-8BD83F1ACF57
	</Version>
	<TotalLocationCount>28</TotalLocationCount>
	<SuccessLocationCount>0</SuccessLocationCount>
	<PBBIFailedLocationCount>0</PBBIFailedLocationCount>
	<FailedLocationCount>0</FailedLocationCount>
	<MDMDeDupeLocationCount>28</MDMDeDupeLocationCount>
	<SuccessLocations />
	<FailedLocations />
	<MDMDeDupeLocations>
		<LocationId>8484462</LocationId>
		<MDMDeDupeLocation>
			<LocationId>8484462</LocationId>
			<MDMHoldingId>720343281246799685</MDMHoldingId>
			<MDMAddressId>577443281246798882</MDMAddressId>
			<MDMContractId>458043280362356273</MDMContractId>
			<MDMContractComponentId>255843281246799944
			</MDMContractComponentId>
			<MDMMatchScore>PERFECT MATCH</MDMMatchScore>
		</MDMDeDupeLocation>
	</MDMDeDupeLocations>
	<MDMDeDupeLocations>
		<LocationId>8484463</LocationId>
		<MDMDeDupeLocation>
			<LocationId>8484463</LocationId>
			<MDMHoldingId>734043281247022489</MDMHoldingId>
			<MDMAddressId>581543281247021777</MDMAddressId>
			<MDMContractId>458043280362356273</MDMContractId>
			<MDMContractComponentId>929443281247022719
			</MDMContractComponentId>
			<MDMMatchScore>PERFECT MATCH</MDMMatchScore>
		</MDMDeDupeLocation>
	</MDMDeDupeLocations>
	<MDMDeDupeLocations>
		<LocationId>8484465</LocationId>
		<MDMDeDupeLocation>
			<LocationId>8484465</LocationId>
			<MDMHoldingId>225443281247461578</MDMHoldingId>
			<MDMAddressId>174043281247460907</MDMAddressId>
			<MDMContractId>458043280362356273</MDMContractId>
			<MDMContractComponentId>511143281247461858
			</MDMContractComponentId>
			<MDMMatchScore>PERFECT MATCH</MDMMatchScore>
		</MDMDeDupeLocation>
	</MDMDeDupeLocations>
	<MDMDeDupeLocations>
		<LocationId>8484464</LocationId>
		<MDMDeDupeLocation>
			<LocationId>8484464</LocationId>
			<MDMHoldingId>122432812472296159</MDMHoldingId>
			<MDMAddressId>404543281247228878</MDMAddressId>
			<MDMContractId>458043280362356273</MDMContractId>
			<MDMContractComponentId>393143281247230075
			</MDMContractComponentId>
			<MDMMatchScore>PERFECT MATCH</MDMMatchScore>
		</MDMDeDupeLocation>
	</MDMDeDupeLocations>
	<MDMDeDupeLocations>
		<LocationId>8484466</LocationId>
		<MDMDeDupeLocation>
			<LocationId>8484466</LocationId>
			<MDMHoldingId>127243281247715016</MDMHoldingId>
			<MDMAddressId>854343281247714380</MDMAddressId>
			<MDMContractId>458043280362356273</MDMContractId>
			<MDMContractComponentId>575143281247715345
			</MDMContractComponentId>
			<MDMMatchScore>PERFECT MATCH</MDMMatchScore>
		</MDMDeDupeLocation>
	</MDMDeDupeLocations>
	<MDMDeDupeLocations>
		<LocationId>8484467</LocationId>
		<MDMDeDupeLocation>
			<LocationId>8484467</LocationId>
			<MDMHoldingId>484243281247994744</MDMHoldingId>
			<MDMAddressId>843443281247994078</MDMAddressId>
			<MDMContractId>458043280362356273</MDMContractId>
			<MDMContractComponentId>519432812479950535
			</MDMContractComponentId>
			<MDMMatchScore>PERFECT MATCH</MDMMatchScore>
		</MDMDeDupeLocation>
	</MDMDeDupeLocations>
	<MDMDeDupeLocations>
		<LocationId>8484468</LocationId>
		<MDMDeDupeLocation>
			<LocationId>8484468</LocationId>
			<MDMHoldingId>303743281248219033</MDMHoldingId>
			<MDMAddressId>813743281248218326</MDMAddressId>
			<MDMContractId>458043280362356273</MDMContractId>
			<MDMContractComponentId>446443281248219461
			</MDMContractComponentId>
			<MDMMatchScore>PERFECT MATCH</MDMMatchScore>
		</MDMDeDupeLocation>
	</MDMDeDupeLocations>
	<MDMDeDupeLocations>
		<LocationId>8484469</LocationId>
		<MDMDeDupeLocation>
			<LocationId>8484469</LocationId>
			<MDMHoldingId>678043281248419308</MDMHoldingId>
			<MDMAddressId>415143281248418739</MDMAddressId>
			<MDMContractId>458043280362356273</MDMContractId>
			<MDMContractComponentId>364843281248419643
			</MDMContractComponentId>
			<MDMMatchScore>PERFECT MATCH</MDMMatchScore>
		</MDMDeDupeLocation>
	</MDMDeDupeLocations>
	<MDMDeDupeLocations>
		<LocationId>8484470</LocationId>
		<MDMDeDupeLocation>
			<LocationId>8484470</LocationId>
			<MDMHoldingId>847943281248630482</MDMHoldingId>
			<MDMAddressId>453943281248629726</MDMAddressId>
			<MDMContractId>458043280362356273</MDMContractId>
			<MDMContractComponentId>927243281248630744
			</MDMContractComponentId>
			<MDMMatchScore>PERFECT MATCH</MDMMatchScore>
		</MDMDeDupeLocation>
	</MDMDeDupeLocations>
	<MDMDeDupeLocations>
		<LocationId>8484471</LocationId>
		<MDMDeDupeLocation>
			<LocationId>8484471</LocationId>
			<MDMHoldingId>302643281248133918</MDMHoldingId>
			<MDMAddressId>662043281248133290</MDMAddressId>
			<MDMContractId>458043280362356273</MDMContractId>
			<MDMContractComponentId>881743281248134265
			</MDMContractComponentId>
			<MDMMatchScore>PERFECT MATCH</MDMMatchScore>
		</MDMDeDupeLocation>
	</MDMDeDupeLocations>
	<MDMDeDupeLocations>
		<LocationId>8484473</LocationId>
		<MDMDeDupeLocation>
			<LocationId>8484473</LocationId>
			<MDMHoldingId>366243281247685300</MDMHoldingId>
			<MDMAddressId>634943281247684585</MDMAddressId>
			<MDMContractId>458043280362356273</MDMContractId>
			<MDMContractComponentId>918243281247685617
			</MDMContractComponentId>
			<MDMMatchScore>PERFECT MATCH</MDMMatchScore>
		</MDMDeDupeLocation>
	</MDMDeDupeLocations>
	<MDMDeDupeLocations>
		<LocationId>8484475</LocationId>
		<MDMDeDupeLocation>
			<LocationId>8484475</LocationId>
			<MDMHoldingId>257443281247218656</MDMHoldingId>
			<MDMAddressId>241743281247217828</MDMAddressId>
			<MDMContractId>458043280362356273</MDMContractId>
			<MDMContractComponentId>292343281247218944
			</MDMContractComponentId>
			<MDMMatchScore>PERFECT MATCH</MDMMatchScore>
		</MDMDeDupeLocation>
	</MDMDeDupeLocations>
	<MDMDeDupeLocations>
		<LocationId>8484476</LocationId>
		<MDMDeDupeLocation>
			<LocationId>8484476</LocationId>
			<MDMHoldingId>747343281246976684</MDMHoldingId>
			<MDMAddressId>338943281246975930</MDMAddressId>
			<MDMContractId>458043280362356273</MDMContractId>
			<MDMContractComponentId>896343281246976983
			</MDMContractComponentId>
			<MDMMatchScore>PERFECT MATCH</MDMMatchScore>
		</MDMDeDupeLocation>
	</MDMDeDupeLocations>
	<MDMDeDupeLocations>
		<LocationId>8484480</LocationId>
		<MDMDeDupeLocation>
			<LocationId>8484480</LocationId>
			<MDMHoldingId>923432812485446313</MDMHoldingId>
			<MDMAddressId>472432812485438866</MDMAddressId>
			<MDMContractId>458043280362356273</MDMContractId>
			<MDMContractComponentId>495543281248545160
			</MDMContractComponentId>
			<MDMMatchScore>PERFECT MATCH</MDMMatchScore>
		</MDMDeDupeLocation>
	</MDMDeDupeLocations>
	<MDMDeDupeLocations>
		<LocationId>8484474</LocationId>
		<MDMDeDupeLocation>
			<LocationId>8484474</LocationId>
			<MDMHoldingId>171643281247446723</MDMHoldingId>
			<MDMAddressId>762443281247445937</MDMAddressId>
			<MDMContractId>458043280362356273</MDMContractId>
			<MDMContractComponentId>270243281247447096
			</MDMContractComponentId>
			<MDMMatchScore>PERFECT MATCH</MDMMatchScore>
		</MDMDeDupeLocation>
	</MDMDeDupeLocations>
	<MDMDeDupeLocations>
		<LocationId>8484477</LocationId>
		<MDMDeDupeLocation>
			<LocationId>8484477</LocationId>
			<MDMHoldingId>628143281246742703</MDMHoldingId>
			<MDMAddressId>386643281246742076</MDMAddressId>
			<MDMContractId>458043280362356273</MDMContractId>
			<MDMContractComponentId>743443281246743029
			</MDMContractComponentId>
			<MDMMatchScore>PERFECT MATCH</MDMMatchScore>
		</MDMDeDupeLocation>
	</MDMDeDupeLocations>
	<MDMDeDupeLocations>
		<LocationId>8484479</LocationId>
		<MDMDeDupeLocation>
			<LocationId>8484479</LocationId>
			<MDMHoldingId>610243281248759969</MDMHoldingId>
			<MDMAddressId>335443281248758197</MDMAddressId>
			<MDMContractId>458043280362356273</MDMContractId>
			<MDMContractComponentId>977143281248760444
			</MDMContractComponentId>
			<MDMMatchScore>PERFECT MATCH</MDMMatchScore>
		</MDMDeDupeLocation>
	</MDMDeDupeLocations>
	<MDMDeDupeLocations>
		<LocationId>8484481</LocationId>
		<MDMDeDupeLocation>
			<LocationId>8484481</LocationId>
			<MDMHoldingId>517743281248304284</MDMHoldingId>
			<MDMAddressId>318743281248303590</MDMAddressId>
			<MDMContractId>458043280362356273</MDMContractId>
			<MDMContractComponentId>859443281248304541
			</MDMContractComponentId>
			<MDMMatchScore>PERFECT MATCH</MDMMatchScore>
		</MDMDeDupeLocation>
	</MDMDeDupeLocations>
	<MDMDeDupeLocations>
		<LocationId>8484482</LocationId>
		<MDMDeDupeLocation>
			<LocationId>8484482</LocationId>
			<MDMHoldingId>631643281248061153</MDMHoldingId>
			<MDMAddressId>199443281248060342</MDMAddressId>
			<MDMContractId>458043280362356273</MDMContractId>
			<MDMContractComponentId>969043281248061411
			</MDMContractComponentId>
			<MDMMatchScore>PERFECT MATCH</MDMMatchScore>
		</MDMDeDupeLocation>
	</MDMDeDupeLocations>
	<MDMDeDupeLocations>
		<LocationId>8484484</LocationId>
		<MDMDeDupeLocation>
			<LocationId>8484484</LocationId>
			<MDMHoldingId>923432812474586138</MDMHoldingId>
			<MDMAddressId>863543281247457806</MDMAddressId>
			<MDMContractId>458043280362356273</MDMContractId>
			<MDMContractComponentId>684143281247458853
			</MDMContractComponentId>
			<MDMMatchScore>PERFECT MATCH</MDMMatchScore>
		</MDMDeDupeLocation>
	</MDMDeDupeLocations>
	<MDMDeDupeLocations>
		<LocationId>8484486</LocationId>
		<MDMDeDupeLocation>
			<LocationId>8484486</LocationId>
			<MDMHoldingId>397343281246968995</MDMHoldingId>
			<MDMAddressId>858343281246968186</MDMAddressId>
			<MDMContractId>458043280362356273</MDMContractId>
			<MDMContractComponentId>525543281246969281
			</MDMContractComponentId>
			<MDMMatchScore>PERFECT MATCH</MDMMatchScore>
		</MDMDeDupeLocation>
	</MDMDeDupeLocations>
	<MDMDeDupeLocations>
		<LocationId>8484485</LocationId>
		<MDMDeDupeLocation>
			<LocationId>8484485</LocationId>
			<MDMHoldingId>668743281247226542</MDMHoldingId>
			<MDMAddressId>445143281247225595</MDMAddressId>
			<MDMContractId>458043280362356273</MDMContractId>
			<MDMContractComponentId>184043281247226834
			</MDMContractComponentId>
			<MDMMatchScore>PERFECT MATCH</MDMMatchScore>
		</MDMDeDupeLocation>
	</MDMDeDupeLocations>
	<MDMDeDupeLocations>
		<LocationId>8484487</LocationId>
		<MDMDeDupeLocation>
			<LocationId>8484487</LocationId>
			<MDMHoldingId>189943281246735247</MDMHoldingId>
			<MDMAddressId>737243281246734545</MDMAddressId>
			<MDMContractId>458043280362356273</MDMContractId>
			<MDMContractComponentId>189343281246735526
			</MDMContractComponentId>
			<MDMMatchScore>PERFECT MATCH</MDMMatchScore>
		</MDMDeDupeLocation>
	</MDMDeDupeLocations>
	<MDMDeDupeLocations>
		<LocationId>8484488</LocationId>
		<MDMDeDupeLocation>
			<LocationId>8484488</LocationId>
			<MDMHoldingId>237743261958600508</MDMHoldingId>
			<MDMAddressId>802543261958599909</MDMAddressId>
			<MDMContractId>612743261940897159</MDMContractId>
			<MDMContractComponentId>119943261958600809
			</MDMContractComponentId>
			<MDMMatchScore>LOW PROBABLE MATCH</MDMMatchScore>
		</MDMDeDupeLocation>
	</MDMDeDupeLocations>
	<MDMDeDupeLocations>
		<LocationId>8484483</LocationId>
		<MDMDeDupeLocation>
			<LocationId>8484483</LocationId>
			<MDMHoldingId>917643261989087226</MDMHoldingId>
			<MDMAddressId>194843261989086648</MDMAddressId>
			<MDMContractId>612743261940897159</MDMContractId>
			<MDMContractComponentId>516043261989087437
			</MDMContractComponentId>
			<MDMMatchScore>LOW PROBABLE MATCH</MDMMatchScore>
		</MDMDeDupeLocation>
	</MDMDeDupeLocations>
	<MDMDeDupeLocations>
		<LocationId>8484478</LocationId>
		<MDMDeDupeLocation>
			<LocationId>8484478</LocationId>
			<MDMHoldingId>530943262024817100</MDMHoldingId>
			<MDMAddressId>385743262024816488</MDMAddressId>
			<MDMContractId>612743261940897159</MDMContractId>
			<MDMContractComponentId>353143262024817448
			</MDMContractComponentId>
			<MDMMatchScore>LOW PROBABLE MATCH</MDMMatchScore>
		</MDMDeDupeLocation>
	</MDMDeDupeLocations>
	<MDMDeDupeLocations>
		<LocationId>8484472</LocationId>
		<MDMDeDupeLocation>
			<LocationId>8484472</LocationId>
			<MDMHoldingId>381432619905904520</MDMHoldingId>
			<MDMAddressId>209743261990589643</MDMAddressId>
			<MDMContractId>612743261940897159</MDMContractId>
			<MDMContractComponentId>276343261990590824
			</MDMContractComponentId>
			<MDMMatchScore>LOW PROBABLE MATCH</MDMMatchScore>
		</MDMDeDupeLocation>
	</MDMDeDupeLocations>
	<MDMDeDupeLocations>
		<LocationId>8484489</LocationId>
		<MDMDeDupeLocation>
			<LocationId>8484489</LocationId>
			<MDMHoldingId>136643262004124169</MDMHoldingId>
			<MDMAddressId>624643262004123465</MDMAddressId>
			<MDMContractId>612743261940897159</MDMContractId>
			<MDMContractComponentId>816243262004124440
			</MDMContractComponentId>
			<MDMMatchScore>LOW PROBABLE MATCH</MDMMatchScore>
		</MDMDeDupeLocation>
		<MDMDeDupeLocation>
			<LocationId>8484489</LocationId>
			<MDMHoldingId>709743261999335945</MDMHoldingId>
			<MDMAddressId>885743261999335374</MDMAddressId>
			<MDMContractId>612743261940897159</MDMContractId>
			<MDMContractComponentId>215143261999336329
			</MDMContractComponentId>
			<MDMMatchScore>LOW PROBABLE MATCH</MDMMatchScore>
		</MDMDeDupeLocation>
	</MDMDeDupeLocations>
	<PBBILocations />
</p:NotifyExceptionsRequest>