<?xml version="1.0" encoding="UTF-8"?>
<ejb-jar id="ejb-jar_ID" version="2.1" xmlns="http://java.sun.com/xml/ns/j2ee" xmlns:xsi="http://www.w3.org/2001/XMLSchema-instance" xsi:schemaLocation="http://java.sun.com/xml/ns/j2ee http://java.sun.com/xml/ns/j2ee/ejb-jar_2_1.xsd">
	<display-name>GES_EJB_DBLookUpCache</display-name>
	<enterprise-beans>
		<session id="PrepareDBConfigCache">
			<ejb-name>PrepareDBConfigCache</ejb-name>
			<home>com.ibm.websphere.startupservice.AppStartUpHome</home>
			<remote>com.ibm.websphere.startupservice.AppStartUp</remote>
			<ejb-class>com.aig.us.com.cache.config.PrepareDBConfigCacheBean</ejb-class>
			<session-type>Stateless</session-type>
			<transaction-type>Container</transaction-type>
		</session>
	</enterprise-beans>
</ejb-jar>
