<?xml version="1.0" encoding="UTF-8"?>
<lexns:ReceiveLocationUpdatesRequest_Type xmlns:bons0="http://aig.us.com/ges/common/v3" xmlns:ch="http://aig.com/CommonHeaderV12" xmlns:lexns="http://aig.us.com/ges/ext/LocationExposureNotificationServiceV2" xmlns:xsi="http://www.w3.org/2001/XMLSchema-instance" xsi:schemaLocation="http://aig.us.com/ges/ext/LocationExposureNotificationServiceV2 LocationExposureNotificationServiceV2.xsd ">
  <lexns:receiveLocationUpdatesRequest>
    <ch:RequestHeader>
      <ch:ServiceRequestContext>
        <ServiceInvocationOriginator>ServiceInvocationOriginator</ServiceInvocationOriginator>
        <ServiceInvoker>ServiceInvoker</ServiceInvoker>
        <ServiceProvider>ServiceProvider</ServiceProvider>
        <ClientId>ClientId</ClientId>
        <UserID>UserID</UserID>
        <RequestMessageId>RequestMessageId</RequestMessageId>
        <RequestTimestamp>2001-12-31T12:00:00</RequestTimestamp>
        <InteractionProtocol>SynchronousRequestAndResponse</InteractionProtocol>
        <CallbackURI>CallbackURI</CallbackURI>
        <ServiceInvocationChainEnabled>true</ServiceInvocationChainEnabled>
      </ch:ServiceRequestContext>
    </ch:RequestHeader>
    <bons0:LocationDetails>
      <bons0:LocationId>bons0:LocationId</bons0:LocationId>
      <bons0:GroupedLocationId>bons0:GroupedLocationId</bons0:GroupedLocationId>
      <bons0:LocationName>bons0:LocationName</bons0:LocationName>
      <bons0:LocationEnterpriseKeys>
        <bons0:GESLocationPhysicalObjectID>bons0:GESLocationPhysicalObjectID</bons0:GESLocationPhysicalObjectID>
        <bons0:MDMLocationHoldingID>bons0:MDMLocationHoldingID</bons0:MDMLocationHoldingID>
        <bons0:SourceLocationId>bons0:SourceLocationId</bons0:SourceLocationId>
      </bons0:LocationEnterpriseKeys>
      <bons0:AddressDetails>
        <bons0:LineOne>bons0:LineOne</bons0:LineOne>
        <bons0:LineTwo>bons0:LineTwo</bons0:LineTwo>
        <bons0:LineThree>bons0:LineThree</bons0:LineThree>
        <bons0:LineFour>bons0:LineFour</bons0:LineFour>
        <bons0:CityName>bons0:CityName</bons0:CityName>
        <bons0:SuburbName>bons0:SuburbName</bons0:SuburbName>
        <bons0:StateOrProvinceCode>bons0:StateOrProvinceCode</bons0:StateOrProvinceCode>
        <bons0:StateOrProvinceName>bons0:StateOrProvinceName</bons0:StateOrProvinceName>
        <bons0:PostalCode>bons0:PostalCode</bons0:PostalCode>
        <bons0:CountryCode>
          <bons0:Code>bons0:Code</bons0:Code>
          <bons0:Value>bons0:Value</bons0:Value>
        </bons0:CountryCode>
        <bons0:CountryName>bons0:CountryName</bons0:CountryName>
        <bons0:CountyCode>
          <bons0:Code>bons0:Code</bons0:Code>
          <bons0:Value>bons0:Value</bons0:Value>
        </bons0:CountyCode>
        <bons0:CountyName>bons0:CountyName</bons0:CountyName>
        <bons0:RegionCode>bons0:RegionCode</bons0:RegionCode>
        <bons0:RegionName>bons0:RegionName</bons0:RegionName>
        <bons0:StreetAddress>bons0:StreetAddress</bons0:StreetAddress>
      </bons0:AddressDetails>
      <bons0:LatitudeMeasure bons0:Name="token">
        <bons0:Value>bons0:Value</bons0:Value>
      </bons0:LatitudeMeasure>
      <bons0:LongitudeMeasure bons0:Name="token">
        <bons0:Value>bons0:Value</bons0:Value>
      </bons0:LongitudeMeasure>
      <bons0:LocationPrecisionCd>
        <bons0:Code>bons0:Code</bons0:Code>
        <bons0:Value>bons0:Value</bons0:Value>
      </bons0:LocationPrecisionCd>
      <bons0:StructureInfo>
        <bons0:StructureName>bons0:StructureName</bons0:StructureName>
        <bons0:Construction>
          <bons0:ConstructionType>bons0:ConstructionType</bons0:ConstructionType>
          <bons0:ConstructionScheme>bons0:ConstructionScheme</bons0:ConstructionScheme>
        </bons0:Construction>
        <bons0:Occupancy>
          <bons0:OccupancyType>bons0:OccupancyType</bons0:OccupancyType>
          <bons0:OccupancyScheme>bons0:OccupancyScheme</bons0:OccupancyScheme>
        </bons0:Occupancy>
        <bons0:BuiltYear>bons0:BuiltYear</bons0:BuiltYear>
        <bons0:UpgradedYear>bons0:UpgradedYear</bons0:UpgradedYear>
        <bons0:FloorArea>bons0:FloorArea</bons0:FloorArea>
        <bons0:FloorAreaUnit>bons0:FloorAreaUnit</bons0:FloorAreaUnit>
        <bons0:StoreyCount>bons0:StoreyCount</bons0:StoreyCount>
        <bons0:TotOccupiedStories>0</bons0:TotOccupiedStories>
        <bons0:BuildingHeight>bons0:BuildingHeight</bons0:BuildingHeight>
        <bons0:BuildingHeightUnit>bons0:BuildingHeightUnit</bons0:BuildingHeightUnit>
        <bons0:TotBuildingArea>0.0</bons0:TotBuildingArea>
        <bons0:TotBuildingAreaUoM>bons0:TotBuildingAreaUoM</bons0:TotBuildingAreaUoM>
        <bons0:FloorId>bons0:FloorId</bons0:FloorId>
        <bons0:SiteName>bons0:SiteName</bons0:SiteName>
        <bons0:CompanyNameBusinessUnit>bons0:CompanyNameBusinessUnit</bons0:CompanyNameBusinessUnit>
        <bons0:PrimaryBuilding>bons0:PrimaryBuilding</bons0:PrimaryBuilding>
        <bons0:BasementNm>bons0:BasementNm</bons0:BasementNm>
        <bons0:MSBBuildingVal>0.0</bons0:MSBBuildingVal>
        <bons0:SIC3DigitCd>bons0:SIC3DigitCd</bons0:SIC3DigitCd>
        <bons0:SIC4DigitCd>bons0:SIC4DigitCd</bons0:SIC4DigitCd>
        <bons0:SIC6DigitCd>bons0:SIC6DigitCd</bons0:SIC6DigitCd>
        <bons0:SicGrp>bons0:SicGrp</bons0:SicGrp>
        <bons0:SiteId>0</bons0:SiteId>
        <bons0:SicSubGrpCd>
          <bons0:Code>bons0:Code</bons0:Code>
          <bons0:Value>bons0:Value</bons0:Value>
        </bons0:SicSubGrpCd>
        <bons0:SecondaryModifiersList>
          <bons0:SecondaryModifiers>
            <bons0:SecondaryModifierName>bons0:SecondaryModifierName</bons0:SecondaryModifierName>
            <bons0:SecondaryModifierValue>bons0:SecondaryModifierValue</bons0:SecondaryModifierValue>
            <bons0:SecondaryModifierScheme>bons0:SecondaryModifierScheme</bons0:SecondaryModifierScheme>
            <bons0:SecondaryModifierType>bons0:SecondaryModifierType</bons0:SecondaryModifierType>
          </bons0:SecondaryModifiers>
        </bons0:SecondaryModifiersList>
        <bons0:LocationHazards>
          <bons0:LocationHazard>
            <bons0:HazardName>bons0:HazardName</bons0:HazardName>
            <bons0:HazardValue>bons0:HazardValue</bons0:HazardValue>
            <bons0:HazardScheme>bons0:HazardScheme</bons0:HazardScheme>
            <bons0:HazardType>bons0:HazardType</bons0:HazardType>
          </bons0:LocationHazard>
        </bons0:LocationHazards>
      </bons0:StructureInfo>
      <bons0:AccountAddress>bons0:AccountAddress</bons0:AccountAddress>
      <bons0:LocationStatus>bons0:LocationStatus</bons0:LocationStatus>
      <bons0:LocationLimitsInfo>
        <bons0:CurrencyCode>USD</bons0:CurrencyCode>
        <bons0:CurrencyScheme>bons0:CurrencyScheme</bons0:CurrencyScheme>
        <bons0:LocationPD>0.0</bons0:LocationPD>
        <bons0:LocationBI>0.0</bons0:LocationBI>
        <bons0:LocationTIV>0.0</bons0:LocationTIV>
        <bons0:BuildingValue>0.0</bons0:BuildingValue>
        <bons0:MnEValue>0.0</bons0:MnEValue>
        <bons0:ContentsValue>0.0</bons0:ContentsValue>
        <bons0:StockInventryValue>0.0</bons0:StockInventryValue>
        <bons0:InventryValue>0.0</bons0:InventryValue>
        <bons0:OtherPD>0.0</bons0:OtherPD>
        <bons0:BIValue>0.0</bons0:BIValue>
        <bons0:BIIdemnityPeriod>bons0:BIIdemnityPeriod</bons0:BIIdemnityPeriod>
        <bons0:IBI>0.0</bons0:IBI>
        <bons0:PayRoll>bons0:PayRoll</bons0:PayRoll>
        <bons0:PayRollIdemnityPeriod>bons0:PayRollIdemnityPeriod</bons0:PayRollIdemnityPeriod>
        <bons0:Rent>bons0:Rent</bons0:Rent>
        <bons0:RentIdemnityPeriod>bons0:RentIdemnityPeriod</bons0:RentIdemnityPeriod>
        <bons0:CBIVal>0.0</bons0:CBIVal>
        <bons0:EE_ICOW_AICOW>0.0</bons0:EE_ICOW_AICOW>
        <bons0:EngnrgSrc>bons0:EngnrgSrc</bons0:EngnrgSrc>
        <bons0:OtherTECoverage1>0.0</bons0:OtherTECoverage1>
        <bons0:OtherTECoverage2>0.0</bons0:OtherTECoverage2>
        <bons0:OtherTECoverage3>0.0</bons0:OtherTECoverage3>
      </bons0:LocationLimitsInfo>
      <bons0:MDMCrossInfo>
        <bons0:SovLocId>0</bons0:SovLocId>
        <bons0:MDMLocationId>bons0:MDMLocationId</bons0:MDMLocationId>
        <bons0:MDMHoldgId>bons0:MDMHoldgId</bons0:MDMHoldgId>
        <bons0:MDMAddrId>bons0:MDMAddrId</bons0:MDMAddrId>
        <bons0:MDMSiteId>bons0:MDMSiteId</bons0:MDMSiteId>
        <bons0:MDMBuildingId>bons0:MDMBuildingId</bons0:MDMBuildingId>
        <bons0:MDMContId>bons0:MDMContId</bons0:MDMContId>
        <bons0:MDMContCmpntId>bons0:MDMContCmpntId</bons0:MDMContCmpntId>
        <bons0:GraspReviewed>bons0:GraspReviewed</bons0:GraspReviewed>
      </bons0:MDMCrossInfo>
    </bons0:LocationDetails>
  </lexns:receiveLocationUpdatesRequest>
</lexns:ReceiveLocationUpdatesRequest_Type>
