<?xml version="1.0" encoding="UTF-8"?>
<policy:CreatePolicyOptionRq xmlns:aig="http://aig.com/CommonHeaderV12" xmlns:common="http://aig.us.com/ges/common/v3" xmlns:policy="http://aig.us.com/ges/ext/PolicyServiceV1" xmlns:wsi="http://ws-i.org/profiles/basic/1.1/xsd" xmlns:xsi="http://www.w3.org/2001/XMLSchema-instance" xsi:schemaLocation="http://aig.us.com/ges/ext/PolicyServiceV1 PolicyServiceV1.xsd ">
  <common:SourceSystemCd>
    <common:SourceSystemCode>GPW</common:SourceSystemCode>
    <common:SourceSystemkey>common:SourceSystemkey</common:SourceSystemkey>
    <common:RqId>common:RqId</common:RqId>
  </common:SourceSystemCd>
  <common:PolicyOptionDetail>
    <common:PolicyOptionId>common:PolicyOptionId</common:PolicyOptionId>
    <common:GesPolicyOptionId>common:GesPolicyOptionId</common:GesPolicyOptionId>
    <common:PolicyId>common:PolicyId</common:PolicyId>
    <common:GesPolicyId>common:GesPolicyId</common:GesPolicyId>
    <common:PolicyPackId>common:PolicyPackId</common:PolicyPackId>
    <common:GesPolicyPackId>common:GesPolicyPackId</common:GesPolicyPackId>
    <common:ProcessingStartDt>2001-01-01</common:ProcessingStartDt>
    <common:ProcessingTargetDt>2001-01-01</common:ProcessingTargetDt>
    <common:Complexity>common:Complexity</common:Complexity>
    <common:PolicyOptionDesc>common:PolicyOptionDesc</common:PolicyOptionDesc>
    <common:CurrencyCode>USD</common:CurrencyCode>
    <common:NoOfLocations>0</common:NoOfLocations>
    <common:UnderWriter>
      <common:UWNm>common:UWNm</common:UWNm>
      <common:UWId>common:UWId</common:UWId>
      <common:UWEmpId>common:UWEmpId</common:UWEmpId>
      <common:UWCountry>
        <common:Code>common:Code</common:Code>
        <common:Value>common:Value</common:Value>
      </common:UWCountry>
      <common:UWRegion>
        <common:Code>common:Code</common:Code>
        <common:Value>common:Value</common:Value>
      </common:UWRegion>
      <common:UWBranch>
        <common:Code>common:Code</common:Code>
        <common:Value>common:Value</common:Value>
      </common:UWBranch>
      <common:UWMaxLayerPercent>0.0</common:UWMaxLayerPercent>
      <common:UWCapacity>
        <common:CurrencyDesc>common:CurrencyDesc</common:CurrencyDesc>
        <common:CurrencyCode>USD</common:CurrencyCode>
        <common:CurrencyValue>0.0</common:CurrencyValue>
      </common:UWCapacity>
      <common:UWRegionCode>common:UWRegionCode</common:UWRegionCode>
      <common:UWCountryCodeIso3>
        <common:Code>common:Code</common:Code>
        <common:Value>common:Value</common:Value>
      </common:UWCountryCodeIso3>
      <common:UWBranchCode>common:UWBranchCode</common:UWBranchCode>
    </common:UnderWriter>
    <common:SpecialInstructions>common:SpecialInstructions</common:SpecialInstructions>
    <common:LinkedSOVS>
      <common:LinkedSOV>
        <common:SovPackNm>common:SovPackNm</common:SovPackNm>
        <common:SovVersion>common:SovVersion</common:SovVersion>
        <common:SovDesc>common:SovDesc</common:SovDesc>
        <common:AttachedBy>common:AttachedBy</common:AttachedBy>
      </common:LinkedSOV>
    </common:LinkedSOVS>
    <common:OverallSubLimit>
      <common:CurrencyCode>USD</common:CurrencyCode>
      <common:LimitType>common:LimitType</common:LimitType>
      <common:SubLimit>0.0</common:SubLimit>
      <common:DeductibleTyp>common:DeductibleTyp</common:DeductibleTyp>
      <common:Deductible>0.0</common:Deductible>
      <common:MinimumDeductible>0.0</common:MinimumDeductible>
      <common:MaximumDeductible>0.0</common:MaximumDeductible>
      <common:SubLimitCoverages>
        <common:SubLimitCoverage>
          <common:CoverageNm>common:CoverageNm</common:CoverageNm>
          <common:PerilCode>common:PerilCode</common:PerilCode>
          <common:CurrencyCode>USD</common:CurrencyCode>
          <common:LimitDeductibles>
            <common:LimitDeductible>
              <common:LimitDeductibleNm>common:LimitDeductibleNm</common:LimitDeductibleNm>
              <common:CovCategories>
                <common:CovCategory>
                  <common:CategoryNm>common:CategoryNm</common:CategoryNm>
                  <common:CategoryValue>common:CategoryValue</common:CategoryValue>
                </common:CovCategory>
              </common:CovCategories>
            </common:LimitDeductible>
          </common:LimitDeductibles>
        </common:SubLimitCoverage>
      </common:SubLimitCoverages>
      <common:SpecialInstructions>common:SpecialInstructions</common:SpecialInstructions>
    </common:OverallSubLimit>
    <common:SubLimits>
      <common:PerilSubLimitInfo>
        <common:PerilNm>common:PerilNm</common:PerilNm>
        <common:PerilCode>common:PerilCode</common:PerilCode>
        <common:Excluded>true</common:Excluded>
        <common:CurrencyCode>USD</common:CurrencyCode>
        <common:LimitType>common:LimitType</common:LimitType>
        <common:SubLimit>0.0</common:SubLimit>
        <common:DeductibleTyp>common:DeductibleTyp</common:DeductibleTyp>
        <common:Deductible>0.0</common:Deductible>
        <common:MinimumDeductible>0.0</common:MinimumDeductible>
        <common:MaximumDeductible>0.0</common:MaximumDeductible>
        <common:TIV>0.0</common:TIV>
        <common:NoOfLocations>0</common:NoOfLocations>
        <common:PerilCoverages>
          <common:PerilCoverage>
            <common:CoverageNm>common:CoverageNm</common:CoverageNm>
            <common:PerilCode>common:PerilCode</common:PerilCode>
            <common:CurrencyCode>USD</common:CurrencyCode>
            <common:LimitDeductibles>
              <common:LimitDeductible>
                <common:LimitDeductibleNm>common:LimitDeductibleNm</common:LimitDeductibleNm>
                <common:CovCategories>
                  <common:CovCategory>
                    <common:CategoryNm>common:CategoryNm</common:CategoryNm>
                    <common:CategoryValue>common:CategoryValue</common:CategoryValue>
                  </common:CovCategory>
                </common:CovCategories>
              </common:LimitDeductible>
            </common:LimitDeductibles>
          </common:PerilCoverage>
        </common:PerilCoverages>
        <common:AdditionalCoverages>
          <common:AdditionalCoverage xsi:type="common:AdditionalCoverageType">
            <common:CoverageNm>common:CoverageNm</common:CoverageNm>
            <common:AddCoverageCategory>
              <common:CategoryNm>common:CategoryNm</common:CategoryNm>
              <common:OccuranceLimit>
                <common:CurrencyDesc>common:CurrencyDesc</common:CurrencyDesc>
                <common:CurrencyCode>USD</common:CurrencyCode>
                <common:CurrencyValue>0.0</common:CurrencyValue>
              </common:OccuranceLimit>
              <common:AggregateLimit>
                <common:CurrencyDesc>common:CurrencyDesc</common:CurrencyDesc>
                <common:CurrencyCode>USD</common:CurrencyCode>
                <common:CurrencyValue>0.0</common:CurrencyValue>
              </common:AggregateLimit>
              <common:Deductible>0.0</common:Deductible>
              <common:CurrencyCode>USD</common:CurrencyCode>
            </common:AddCoverageCategory>
          </common:AdditionalCoverage>
        </common:AdditionalCoverages>
        <common:PerilZoneSubLimits>
          <common:PerilZoneSubLimit>
            <common:ZoneNm>common:ZoneNm</common:ZoneNm>
            <common:ZoneCd>
              <common:Code>common:Code</common:Code>
              <common:Value>common:Value</common:Value>
            </common:ZoneCd>
            <common:Excluded>true</common:Excluded>
            <common:CurrencyCode>USD</common:CurrencyCode>
            <common:LimitType>common:LimitType</common:LimitType>
            <common:SubLimit>0.0</common:SubLimit>
            <common:DeductibleTyp>common:DeductibleTyp</common:DeductibleTyp>
            <common:Deductible>0.0</common:Deductible>
            <common:MinimumDeductible>0.0</common:MinimumDeductible>
            <common:MaximumDeductible>0.0</common:MaximumDeductible>
            <common:TIV>0.0</common:TIV>
            <common:NoOfLocations>0</common:NoOfLocations>
            <common:PerilCoverages>
              <common:PerilCoverage>
                <common:CoverageNm>common:CoverageNm</common:CoverageNm>
                <common:PerilCode>common:PerilCode</common:PerilCode>
                <common:CurrencyCode>USD</common:CurrencyCode>
                <common:LimitDeductibles>
                  <common:LimitDeductible>
                    <common:LimitDeductibleNm>common:LimitDeductibleNm</common:LimitDeductibleNm>
                    <common:CovCategories>
                      <common:CovCategory>
                        <common:CategoryNm>common:CategoryNm</common:CategoryNm>
                        <common:CategoryValue>common:CategoryValue</common:CategoryValue>
                      </common:CovCategory>
                    </common:CovCategories>
                  </common:LimitDeductible>
                </common:LimitDeductibles>
              </common:PerilCoverage>
            </common:PerilCoverages>
            <common:AdditionalCoverages>
              <common:AdditionalCoverage xsi:type="common:AdditionalCoverageType">
                <common:CoverageNm>common:CoverageNm</common:CoverageNm>
                <common:AddCoverageCategory>
                  <common:CategoryNm>common:CategoryNm</common:CategoryNm>
                  <common:OccuranceLimit>
                    <common:CurrencyDesc>common:CurrencyDesc</common:CurrencyDesc>
                    <common:CurrencyCode>USD</common:CurrencyCode>
                    <common:CurrencyValue>0.0</common:CurrencyValue>
                  </common:OccuranceLimit>
                  <common:AggregateLimit>
                    <common:CurrencyDesc>common:CurrencyDesc</common:CurrencyDesc>
                    <common:CurrencyCode>USD</common:CurrencyCode>
                    <common:CurrencyValue>0.0</common:CurrencyValue>
                  </common:AggregateLimit>
                  <common:Deductible>0.0</common:Deductible>
                  <common:CurrencyCode>USD</common:CurrencyCode>
                </common:AddCoverageCategory>
              </common:AdditionalCoverage>
            </common:AdditionalCoverages>
          </common:PerilZoneSubLimit>
        </common:PerilZoneSubLimits>
        <common:SpecialInstructions>common:SpecialInstructions</common:SpecialInstructions>
      </common:PerilSubLimitInfo>
    </common:SubLimits>
    <common:CTECoverage>
      <common:CoverageNm>common:CoverageNm</common:CoverageNm>
      <common:CTELimitDeductibles>
        <common:CTELimitDeductible>
          <common:LimitDeductibleNm>common:LimitDeductibleNm</common:LimitDeductibleNm>
          <common:CTECoverageCategories>
            <common:CTECoverageCategory>
              <common:CategoryNm>common:CategoryNm</common:CategoryNm>
              <common:CategoryValue>common:CategoryValue</common:CategoryValue>
              <common:CurrencyCode>USD</common:CurrencyCode>
              <common:ExpenseIncluded>Yes</common:ExpenseIncluded>
            </common:CTECoverageCategory>
          </common:CTECoverageCategories>
        </common:CTELimitDeductible>
      </common:CTELimitDeductibles>
    </common:CTECoverage>
    <common:OverallSiteTerm>
      <common:CurrencyCode>USD</common:CurrencyCode>
      <common:LimitType>common:LimitType</common:LimitType>
      <common:SiteLimit>0.0</common:SiteLimit>
      <common:DeductibleTyp>common:DeductibleTyp</common:DeductibleTyp>
      <common:SiteDeductible>0.0</common:SiteDeductible>
      <common:SiteCoinsurance>0.0</common:SiteCoinsurance>
      <common:MinimumDeductible>0.0</common:MinimumDeductible>
      <common:MaximumDeductible>0.0</common:MaximumDeductible>
      <common:SiteTermCoverages>
        <common:SiteTermCoverage>
          <common:CoverageNm>common:CoverageNm</common:CoverageNm>
          <common:PerilCode>common:PerilCode</common:PerilCode>
          <common:CurrencyCode>USD</common:CurrencyCode>
          <common:LimitDeductibles>
            <common:LimitDeductible>
              <common:LimitDeductibleNm>common:LimitDeductibleNm</common:LimitDeductibleNm>
              <common:CovCategories>
                <common:CovCategory>
                  <common:CategoryNm>common:CategoryNm</common:CategoryNm>
                  <common:CategoryValue>common:CategoryValue</common:CategoryValue>
                </common:CovCategory>
              </common:CovCategories>
            </common:LimitDeductible>
          </common:LimitDeductibles>
        </common:SiteTermCoverage>
      </common:SiteTermCoverages>
      <common:SpecialInstructions>common:SpecialInstructions</common:SpecialInstructions>
    </common:OverallSiteTerm>
    <common:SiteTerms>
      <common:PerilSiteTermInfo>
        <common:PerilNm>common:PerilNm</common:PerilNm>
        <common:PerilCode>common:PerilCode</common:PerilCode>
        <common:CurrencyCode>USD</common:CurrencyCode>
        <common:LimitType>common:LimitType</common:LimitType>
        <common:SiteLimit>0.0</common:SiteLimit>
        <common:DeductibleTyp>common:DeductibleTyp</common:DeductibleTyp>
        <common:SiteDeductible>0.0</common:SiteDeductible>
        <common:SiteCoinsurance>0.0</common:SiteCoinsurance>
        <common:TIV>0.0</common:TIV>
        <common:NoOfLocations>0</common:NoOfLocations>
        <common:MinimumDeductible>0.0</common:MinimumDeductible>
        <common:MaximumDeductible>0.0</common:MaximumDeductible>
        <common:PerilCoverages>
          <common:PerilCoverage>
            <common:CoverageNm>common:CoverageNm</common:CoverageNm>
            <common:PerilCode>common:PerilCode</common:PerilCode>
            <common:CurrencyCode>USD</common:CurrencyCode>
            <common:LimitDeductibles>
              <common:LimitDeductible>
                <common:LimitDeductibleNm>common:LimitDeductibleNm</common:LimitDeductibleNm>
                <common:CovCategories>
                  <common:CovCategory>
                    <common:CategoryNm>common:CategoryNm</common:CategoryNm>
                    <common:CategoryValue>common:CategoryValue</common:CategoryValue>
                  </common:CovCategory>
                </common:CovCategories>
              </common:LimitDeductible>
            </common:LimitDeductibles>
          </common:PerilCoverage>
        </common:PerilCoverages>
        <common:AdditionalCoverages>
          <common:AdditionalCoverage xsi:type="common:AdditionalCoverageType">
            <common:CoverageNm>common:CoverageNm</common:CoverageNm>
            <common:AddCoverageCategory>
              <common:CategoryNm>common:CategoryNm</common:CategoryNm>
              <common:OccuranceLimit>
                <common:CurrencyDesc>common:CurrencyDesc</common:CurrencyDesc>
                <common:CurrencyCode>USD</common:CurrencyCode>
                <common:CurrencyValue>0.0</common:CurrencyValue>
              </common:OccuranceLimit>
              <common:AggregateLimit>
                <common:CurrencyDesc>common:CurrencyDesc</common:CurrencyDesc>
                <common:CurrencyCode>USD</common:CurrencyCode>
                <common:CurrencyValue>0.0</common:CurrencyValue>
              </common:AggregateLimit>
              <common:Deductible>0.0</common:Deductible>
              <common:CurrencyCode>USD</common:CurrencyCode>
            </common:AddCoverageCategory>
          </common:AdditionalCoverage>
        </common:AdditionalCoverages>
        <common:PerilZoneSiteTerms>
          <common:PerilZoneSiteTerm>
            <common:ZoneNm>common:ZoneNm</common:ZoneNm>
            <common:ZoneCd>
              <common:Code>common:Code</common:Code>
              <common:Value>common:Value</common:Value>
            </common:ZoneCd>
            <common:Excluded>true</common:Excluded>
            <common:CurrencyCode>USD</common:CurrencyCode>
            <common:LimitType>common:LimitType</common:LimitType>
            <common:SiteLimit>0.0</common:SiteLimit>
            <common:DeductibleTyp>common:DeductibleTyp</common:DeductibleTyp>
            <common:SiteDeductible>0.0</common:SiteDeductible>
            <common:SiteCoinsurance>0.0</common:SiteCoinsurance>
            <common:TIV>0.0</common:TIV>
            <common:NoOfLocations>0</common:NoOfLocations>
            <common:MinimumDeductible>0.0</common:MinimumDeductible>
            <common:MaximumDeductible>0.0</common:MaximumDeductible>
            <common:LocationGroupReinsuranceLevels>
              <common:LocationGroupReinsuranceLevel>
                <common:Id>common:Id</common:Id>
                <common:LayerNm>common:LayerNm</common:LayerNm>
                <common:CurrencyCode>USD</common:CurrencyCode>
                <common:Priority>common:Priority</common:Priority>
                <common:ReinsuranceType>common:ReinsuranceType</common:ReinsuranceType>
                <common:FACProvider>common:FACProvider</common:FACProvider>
                <common:FACCertificateNo>common:FACCertificateNo</common:FACCertificateNo>
                <common:TreatyNm>common:TreatyNm</common:TreatyNm>
                <common:LayerAmount>0.0</common:LayerAmount>
                <common:AttachmentPoint>0.0</common:AttachmentPoint>
                <common:CessionPercentage>0.0</common:CessionPercentage>
                <common:CedingCommision>0.0</common:CedingCommision>
                <common:PartOf>0.0</common:PartOf>
                <common:SharePct>0.0</common:SharePct>
                <common:SpecialInstructions>common:SpecialInstructions</common:SpecialInstructions>
              </common:LocationGroupReinsuranceLevel>
            </common:LocationGroupReinsuranceLevels>
            <common:PerilCoverages>
              <common:PerilCoverage>
                <common:CoverageNm>common:CoverageNm</common:CoverageNm>
                <common:PerilCode>common:PerilCode</common:PerilCode>
                <common:CurrencyCode>USD</common:CurrencyCode>
                <common:LimitDeductibles>
                  <common:LimitDeductible>
                    <common:LimitDeductibleNm>common:LimitDeductibleNm</common:LimitDeductibleNm>
                    <common:CovCategories>
                      <common:CovCategory>
                        <common:CategoryNm>common:CategoryNm</common:CategoryNm>
                        <common:CategoryValue>common:CategoryValue</common:CategoryValue>
                      </common:CovCategory>
                    </common:CovCategories>
                  </common:LimitDeductible>
                </common:LimitDeductibles>
              </common:PerilCoverage>
            </common:PerilCoverages>
            <common:AdditionalCoverages>
              <common:AdditionalCoverage xsi:type="common:AdditionalCoverageType">
                <common:CoverageNm>common:CoverageNm</common:CoverageNm>
                <common:AddCoverageCategory>
                  <common:CategoryNm>common:CategoryNm</common:CategoryNm>
                  <common:OccuranceLimit>
                    <common:CurrencyDesc>common:CurrencyDesc</common:CurrencyDesc>
                    <common:CurrencyCode>USD</common:CurrencyCode>
                    <common:CurrencyValue>0.0</common:CurrencyValue>
                  </common:OccuranceLimit>
                  <common:AggregateLimit>
                    <common:CurrencyDesc>common:CurrencyDesc</common:CurrencyDesc>
                    <common:CurrencyCode>USD</common:CurrencyCode>
                    <common:CurrencyValue>0.0</common:CurrencyValue>
                  </common:AggregateLimit>
                  <common:Deductible>0.0</common:Deductible>
                  <common:CurrencyCode>USD</common:CurrencyCode>
                </common:AddCoverageCategory>
              </common:AdditionalCoverage>
            </common:AdditionalCoverages>
          </common:PerilZoneSiteTerm>
        </common:PerilZoneSiteTerms>
        <common:SpecialInstructions>common:SpecialInstructions</common:SpecialInstructions>
      </common:PerilSiteTermInfo>
    </common:SiteTerms>
    <common:PolicyStructure>
      <common:EffectiveDt>2001-01-01</common:EffectiveDt>
      <common:ExpirationDt>2001-01-01</common:ExpirationDt>
      <common:CurrencyCode>USD</common:CurrencyCode>
      <common:DeductibleTyp>common:DeductibleTyp</common:DeductibleTyp>
      <common:Deductible>0.0</common:Deductible>
      <common:MinimumDeductible>0.0</common:MinimumDeductible>
      <common:MaximumDeductible>0.0</common:MaximumDeductible>
      <common:PolicyLevel>
        <common:CurrencyCode>USD</common:CurrencyCode>
        <common:PolicyLevelLayers>
          <common:PolicyLevelLayer>
            <common:Id>common:Id</common:Id>
            <common:LayerNm>common:LayerNm</common:LayerNm>
            <common:CurrencyCode>USD</common:CurrencyCode>
            <common:LimitType>common:LimitType</common:LimitType>
            <common:AIGParticipation>0.0</common:AIGParticipation>
            <common:Limit>0.0</common:Limit>
            <common:PartOf>0.0</common:PartOf>
            <common:AttachmentPoint>0.0</common:AttachmentPoint>
            <common:PolicyNo>common:PolicyNo</common:PolicyNo>
            <common:TermPremium>0.0</common:TermPremium>
            <common:CatPremium>0.0</common:CatPremium>
            <common:PolicyLevelReinsuranceLayers>
              <common:PolicyLevelResinsuranceLayer>
                <common:Id>common:Id</common:Id>
                <common:LayerNm>common:LayerNm</common:LayerNm>
                <common:CurrencyCode>USD</common:CurrencyCode>
                <common:Priority>common:Priority</common:Priority>
                <common:ReinsuranceType>common:ReinsuranceType</common:ReinsuranceType>
                <common:FACProvider>common:FACProvider</common:FACProvider>
                <common:FACCertificateNo>common:FACCertificateNo</common:FACCertificateNo>
                <common:TreatyNm>common:TreatyNm</common:TreatyNm>
                <common:LayerAmount>0.0</common:LayerAmount>
                <common:AttachmentPoint>0.0</common:AttachmentPoint>
                <common:CessionPercentage>0.0</common:CessionPercentage>
                <common:CedingCommision>0.0</common:CedingCommision>
                <common:PartOf>0.0</common:PartOf>
                <common:SharePct>0.0</common:SharePct>
                <common:SpecialInstructions>common:SpecialInstructions</common:SpecialInstructions>
                <common:ReinsuranceLayerCoverages>
                  <common:ReinsuranceLayerCoverage>
                    <common:Id>common:Id</common:Id>
                    <common:LayerNm>common:LayerNm</common:LayerNm>
                    <common:CurrencyCode>USD</common:CurrencyCode>
                    <common:Priority>common:Priority</common:Priority>
                    <common:ReinsuranceType>common:ReinsuranceType</common:ReinsuranceType>
                    <common:FACProvider>common:FACProvider</common:FACProvider>
                    <common:FACCertificateNo>common:FACCertificateNo</common:FACCertificateNo>
                    <common:TreatyNm>common:TreatyNm</common:TreatyNm>
                    <common:LayerAmount>0.0</common:LayerAmount>
                    <common:AttachmentPoint>0.0</common:AttachmentPoint>
                    <common:CessionPercentage>0.0</common:CessionPercentage>
                    <common:CedingCommision>0.0</common:CedingCommision>
                    <common:PartOf>0.0</common:PartOf>
                    <common:SharePct>0.0</common:SharePct>
                    <common:SpecialInstructions>common:SpecialInstructions</common:SpecialInstructions>
                    <common:CoverageNm>common:CoverageNm</common:CoverageNm>
                  </common:ReinsuranceLayerCoverage>
                </common:ReinsuranceLayerCoverages>
              </common:PolicyLevelResinsuranceLayer>
            </common:PolicyLevelReinsuranceLayers>
            <common:PerilLevelReinsuranceLayers>
              <common:PerilLevelResinsuranceLayer>
                <common:Id>common:Id</common:Id>
                <common:LayerNm>common:LayerNm</common:LayerNm>
                <common:CurrencyCode>USD</common:CurrencyCode>
                <common:Priority>common:Priority</common:Priority>
                <common:ReinsuranceType>common:ReinsuranceType</common:ReinsuranceType>
                <common:FACProvider>common:FACProvider</common:FACProvider>
                <common:FACCertificateNo>common:FACCertificateNo</common:FACCertificateNo>
                <common:TreatyNm>common:TreatyNm</common:TreatyNm>
                <common:LayerAmount>0.0</common:LayerAmount>
                <common:AttachmentPoint>0.0</common:AttachmentPoint>
                <common:CessionPercentage>0.0</common:CessionPercentage>
                <common:CedingCommision>0.0</common:CedingCommision>
                <common:PartOf>0.0</common:PartOf>
                <common:SharePct>0.0</common:SharePct>
                <common:SpecialInstructions>common:SpecialInstructions</common:SpecialInstructions>
                <common:PerilNm>common:PerilNm</common:PerilNm>
                <common:PerilCode>common:PerilCode</common:PerilCode>
                <common:ReinsuranceLayerCoverages>
                  <common:ReinsuranceLayerCoverage>
                    <common:Id>common:Id</common:Id>
                    <common:LayerNm>common:LayerNm</common:LayerNm>
                    <common:CurrencyCode>USD</common:CurrencyCode>
                    <common:Priority>common:Priority</common:Priority>
                    <common:ReinsuranceType>common:ReinsuranceType</common:ReinsuranceType>
                    <common:FACProvider>common:FACProvider</common:FACProvider>
                    <common:FACCertificateNo>common:FACCertificateNo</common:FACCertificateNo>
                    <common:TreatyNm>common:TreatyNm</common:TreatyNm>
                    <common:LayerAmount>0.0</common:LayerAmount>
                    <common:AttachmentPoint>0.0</common:AttachmentPoint>
                    <common:CessionPercentage>0.0</common:CessionPercentage>
                    <common:CedingCommision>0.0</common:CedingCommision>
                    <common:PartOf>0.0</common:PartOf>
                    <common:SharePct>0.0</common:SharePct>
                    <common:SpecialInstructions>common:SpecialInstructions</common:SpecialInstructions>
                    <common:CoverageNm>common:CoverageNm</common:CoverageNm>
                  </common:ReinsuranceLayerCoverage>
                </common:ReinsuranceLayerCoverages>
              </common:PerilLevelResinsuranceLayer>
            </common:PerilLevelReinsuranceLayers>
            <common:SpecialInstructions>common:SpecialInstructions</common:SpecialInstructions>
          </common:PolicyLevelLayer>
        </common:PolicyLevelLayers>
      </common:PolicyLevel>
      <common:PerilLevel>
        <common:PerilLevelLayers>
          <common:PerilLevelLayer>
            <common:Id>common:Id</common:Id>
            <common:LayerNm>common:LayerNm</common:LayerNm>
            <common:CurrencyCode>USD</common:CurrencyCode>
            <common:LimitType>common:LimitType</common:LimitType>
            <common:AIGParticipation>0.0</common:AIGParticipation>
            <common:Limit>0.0</common:Limit>
            <common:PartOf>0.0</common:PartOf>
            <common:AttachmentPoint>0.0</common:AttachmentPoint>
            <common:PerilCode>common:PerilCode</common:PerilCode>
            <common:SpecialInstructions>common:SpecialInstructions</common:SpecialInstructions>
          </common:PerilLevelLayer>
        </common:PerilLevelLayers>
      </common:PerilLevel>
    </common:PolicyStructure>
    <common:PolicyCoverages>
      <common:PolicyCoverage xsi:type="common:PolicyCoverageType">
        <common:CoverageNm>common:CoverageNm</common:CoverageNm>
        <common:PerilCode>common:PerilCode</common:PerilCode>
        <common:CurrencyCode>USD</common:CurrencyCode>
        <common:LimitDeductibles>
          <common:LimitDeductible>
            <common:LimitDeductibleNm>common:LimitDeductibleNm</common:LimitDeductibleNm>
            <common:CovCategories>
              <common:CovCategory>
                <common:CategoryNm>common:CategoryNm</common:CategoryNm>
                <common:CategoryValue>common:CategoryValue</common:CategoryValue>
              </common:CovCategory>
            </common:CovCategories>
          </common:LimitDeductible>
        </common:LimitDeductibles>
      </common:PolicyCoverage>
      <common:CTETerms>
        <common:CTETerm common:CTETermType="">
          <common:ExpenseIncluded>Yes</common:ExpenseIncluded>
          <common:CurrencyCode>USD</common:CurrencyCode>
          <common:OccuranceLimit>
            <common:CurrencyDesc>common:CurrencyDesc</common:CurrencyDesc>
            <common:CurrencyCode>USD</common:CurrencyCode>
            <common:CurrencyValue>0.0</common:CurrencyValue>
          </common:OccuranceLimit>
          <common:Deductible>0.0</common:Deductible>
        </common:CTETerm>
      </common:CTETerms>
    </common:PolicyCoverages>
    <common:PolicyAdditionalCoverages>
      <common:PolicyAddCoverage>
        <common:CoverageNm>common:CoverageNm</common:CoverageNm>
        <common:AddCoverageCategory>
          <common:CategoryNm>common:CategoryNm</common:CategoryNm>
          <common:OccuranceLimit>
            <common:CurrencyDesc>common:CurrencyDesc</common:CurrencyDesc>
            <common:CurrencyCode>USD</common:CurrencyCode>
            <common:CurrencyValue>0.0</common:CurrencyValue>
          </common:OccuranceLimit>
          <common:AggregateLimit>
            <common:CurrencyDesc>common:CurrencyDesc</common:CurrencyDesc>
            <common:CurrencyCode>USD</common:CurrencyCode>
            <common:CurrencyValue>0.0</common:CurrencyValue>
          </common:AggregateLimit>
          <common:Deductible>0.0</common:Deductible>
          <common:CurrencyCode>USD</common:CurrencyCode>
        </common:AddCoverageCategory>
        <common:PerilCode>common:PerilCode</common:PerilCode>
        <common:PerilNm>common:PerilNm</common:PerilNm>
      </common:PolicyAddCoverage>
    </common:PolicyAdditionalCoverages>
  </common:PolicyOptionDetail>
  <common:ProcessingInstructions>
    <common:ProcessingInstruction>
      <common:DocumentNm>common:DocumentNm</common:DocumentNm>
      <common:DocumentType>common:DocumentType</common:DocumentType>
      <common:DocumentReference>http://tempuri.org</common:DocumentReference>
    </common:ProcessingInstruction>
  </common:ProcessingInstructions>
</policy:CreatePolicyOptionRq>
