<?xml version="1.0" encoding="UTF-8"?><io2:smo xmlns:io2="http://www.ibm.com/websphere/sibx/smo/v6.0.1" xmlns:io11="http://www.w3.org/2005/08/addressing" xmlns:out2="wsdl.http://GES_Lib_DataAccess/it/DataAccess" xmlns:xsd4xsd="http://www.w3.org/2001/XMLSchema" xmlns:io10="http://www.ibm.com/xmlns/prod/websphere/http/sca/6.1.0" xmlns:io9="http://schemas.xmlsoap.org/ws/2004/08/addressing" xmlns:io8="http://aig.us.com/ges/schema/da/DataAccessV1_0" xmlns:io7="http://www.ibm.com/xmlns/prod/websphere/mq/sca/6.0.0" xmlns:io6="http://aig.com/CommonHeaderV12" xmlns:io5="http://COM_GES_MF_LocationExposureService/bo" xmlns:io4="http://aig.us.com/ges/common/v3" xmlns:out="http://GES_Lib_DataAccess/it/DataAccess" xmlns:xsi="http://www.w3.org/2001/XMLSchema-instance" xmlns:io3="http://www.ibm.com/xmlns/prod/websphere/j2ca/jdbc/resultsetBO" xmlns:io="http://www.w3.org/2003/05/soap-envelope" xmlns:in3="wsdl.http://aig.us.com/ges/services/LocationExposureNotificationServiceV2" xmlns:in2="http://aig.us.com/ges/services/LocationExposureNotificationServiceV2" xmlns:in="http://aig.us.com/ges/ext/LocationExposureNotificationServiceV2">
  <context>
    <correlation xmlns:bons0="http://aig.us.com/ges/common/v3" xmlns:ch="http://aig.com/CommonHeaderV12" xmlns:httpsca="http://www.ibm.com/xmlns/prod/websphere/http/sca/6.1.0" xmlns:lexns="http://aig.us.com/ges/ext/LocationExposureNotificationServiceV2" xmlns:mq="http://www.ibm.com/xmlns/prod/websphere/mq/sca/6.0.0" xmlns:p="http://COM_GES_MF_LocationExposureService/bo" xmlns:tns="http://www.ibm.com/websphere/sibx/smo/v6.0.1" xmlns:tns1="http://aig.us.com/ges/services/LocationExposureNotificationServiceV2" xmlns:tns2="http://www.w3.org/2005/08/addressing" xmlns:tns3="http://www.w3.org/2003/05/soap-envelope" xmlns:tns_1="wsdl.http://aig.us.com/ges/services/LocationExposureNotificationServiceV2" xmlns:wsa="http://schemas.xmlsoap.org/ws/2004/08/addressing" xsi:type="anyType"/>
    <transient xsi:type="io5:TransientHolder">
      <modErrorCode>modErrorCode</modErrorCode>
      <io6:RequestHeader>
        <io6:ServiceRequestContext>
          <ServiceInvocationOriginator>ServiceInvocationOriginator</ServiceInvocationOriginator>
          <ServiceInvoker>ServiceInvoker</ServiceInvoker>
          <ServiceProvider>ServiceProvider</ServiceProvider>
          <ClientId>ClientId</ClientId>
          <UserID>UserID</UserID>
          <RequestMessageId>RequestMessageId</RequestMessageId>
          <RequestTimestamp>2001-12-31T12:00:00</RequestTimestamp>
          <InteractionProtocol>SynchronousRequestAndResponse</InteractionProtocol>
          <CallbackURI>CallbackURI</CallbackURI>
          <ServiceInvocationChainEnabled>true</ServiceInvocationChainEnabled>
        </io6:ServiceRequestContext>
      </io6:RequestHeader>
      <RequestDateTime>2001-12-31T12:00:00</RequestDateTime>
    </transient>
    <failInfo>
      <failureString>failureString</failureString>
      <origin>origin</origin>
      <invocationPath xmlns:bons0="http://aig.us.com/ges/common/v3" xmlns:ch="http://aig.com/CommonHeaderV12" xmlns:httpsca="http://www.ibm.com/xmlns/prod/websphere/http/sca/6.1.0" xmlns:lexns="http://aig.us.com/ges/ext/LocationExposureNotificationServiceV2" xmlns:mq="http://www.ibm.com/xmlns/prod/websphere/mq/sca/6.0.0" xmlns:p="http://COM_GES_MF_LocationExposureService/bo" xmlns:tns="http://www.ibm.com/websphere/sibx/smo/v6.0.1" xmlns:tns1="http://aig.us.com/ges/services/LocationExposureNotificationServiceV2" xmlns:tns2="http://www.w3.org/2005/08/addressing" xmlns:tns3="http://www.w3.org/2003/05/soap-envelope" xmlns:tns_1="wsdl.http://aig.us.com/ges/services/LocationExposureNotificationServiceV2" xmlns:wsa="http://schemas.xmlsoap.org/ws/2004/08/addressing">
        <primitive inTerminal="" name="" outTerminal=""/>
      </invocationPath>
      <predecessor xmlns:bons0="http://aig.us.com/ges/common/v3" xmlns:ch="http://aig.com/CommonHeaderV12" xmlns:httpsca="http://www.ibm.com/xmlns/prod/websphere/http/sca/6.1.0" xmlns:lexns="http://aig.us.com/ges/ext/LocationExposureNotificationServiceV2" xmlns:mq="http://www.ibm.com/xmlns/prod/websphere/mq/sca/6.0.0" xmlns:p="http://COM_GES_MF_LocationExposureService/bo" xmlns:tns="http://www.ibm.com/websphere/sibx/smo/v6.0.1" xmlns:tns1="http://aig.us.com/ges/services/LocationExposureNotificationServiceV2" xmlns:tns2="http://www.w3.org/2005/08/addressing" xmlns:tns3="http://www.w3.org/2003/05/soap-envelope" xmlns:tns_1="wsdl.http://aig.us.com/ges/services/LocationExposureNotificationServiceV2" xmlns:wsa="http://schemas.xmlsoap.org/ws/2004/08/addressing" tns:lang=""/>
    </failInfo>
    <primitiveContext>
      <EndpointLookupContext>
        <endpointReference>
          <io9:Address>http://tempuri.org</io9:Address>
          <io9:ReferenceProperties/>
          <io9:ReferenceParameters/>
          <io9:PortType>QName</io9:PortType>
          <io9:ServiceName PortName="NCName">QName</io9:ServiceName>
        </endpointReference>
        <registryAnnotations>
          <property>
            <name>name</name>
            <value>value</value>
          </property>
          <classification>http://tempuri.org</classification>
          <relationship>
            <relationshipName>relationshipName</relationshipName>
            <targetName>targetName</targetName>
            <targetNamespace>http://tempuri.org</targetNamespace>
            <targetVersion>targetVersion</targetVersion>
          </relationship>
        </registryAnnotations>
      </EndpointLookupContext>
      <FanOutContext>
        <iteration>0</iteration>
        <occurrence xmlns:bons0="http://aig.us.com/ges/common/v3" xmlns:ch="http://aig.com/CommonHeaderV12" xmlns:httpsca="http://www.ibm.com/xmlns/prod/websphere/http/sca/6.1.0" xmlns:lexns="http://aig.us.com/ges/ext/LocationExposureNotificationServiceV2" xmlns:mq="http://www.ibm.com/xmlns/prod/websphere/mq/sca/6.0.0" xmlns:p="http://COM_GES_MF_LocationExposureService/bo" xmlns:tns="http://www.ibm.com/websphere/sibx/smo/v6.0.1" xmlns:tns1="http://aig.us.com/ges/services/LocationExposureNotificationServiceV2" xmlns:tns2="http://www.w3.org/2005/08/addressing" xmlns:tns3="http://www.w3.org/2003/05/soap-envelope" xmlns:tns_1="wsdl.http://aig.us.com/ges/services/LocationExposureNotificationServiceV2" xmlns:wsa="http://schemas.xmlsoap.org/ws/2004/08/addressing" xsi:type="anyType"/>
      </FanOutContext>
      <WTXContext>
        <mapServerLocation>http://tempuri.org</mapServerLocation>
        <dynamicMap>0F00</dynamicMap>
        <mapInstances>
          <mapInstance>0</mapInstance>
          <auditInfo>auditInfo</auditInfo>
        </mapInstances>
      </WTXContext>
    </primitiveContext>
    <shared xmlns:bons0="http://aig.us.com/ges/common/v3" xmlns:ch="http://aig.com/CommonHeaderV12" xmlns:httpsca="http://www.ibm.com/xmlns/prod/websphere/http/sca/6.1.0" xmlns:lexns="http://aig.us.com/ges/ext/LocationExposureNotificationServiceV2" xmlns:mq="http://www.ibm.com/xmlns/prod/websphere/mq/sca/6.0.0" xmlns:p="http://COM_GES_MF_LocationExposureService/bo" xmlns:tns="http://www.ibm.com/websphere/sibx/smo/v6.0.1" xmlns:tns1="http://aig.us.com/ges/services/LocationExposureNotificationServiceV2" xmlns:tns2="http://www.w3.org/2005/08/addressing" xmlns:tns3="http://www.w3.org/2003/05/soap-envelope" xmlns:tns_1="wsdl.http://aig.us.com/ges/services/LocationExposureNotificationServiceV2" xmlns:wsa="http://schemas.xmlsoap.org/ws/2004/08/addressing" xsi:type="anyType"/>
    <dynamicProperty isPropagated="true">
      <propertySets>
        <group>group</group>
        <properties>
          <name>name</name>
          <value>value</value>
          <type>type</type>
        </properties>
      </propertySets>
    </dynamicProperty>
    <userContext>
      <entries>
        <name>name</name>
        <value xmlns:bons0="http://aig.us.com/ges/common/v3" xmlns:ch="http://aig.com/CommonHeaderV12" xmlns:httpsca="http://www.ibm.com/xmlns/prod/websphere/http/sca/6.1.0" xmlns:lexns="http://aig.us.com/ges/ext/LocationExposureNotificationServiceV2" xmlns:mq="http://www.ibm.com/xmlns/prod/websphere/mq/sca/6.0.0" xmlns:p="http://COM_GES_MF_LocationExposureService/bo" xmlns:tns="http://www.ibm.com/websphere/sibx/smo/v6.0.1" xmlns:tns1="http://aig.us.com/ges/services/LocationExposureNotificationServiceV2" xmlns:tns2="http://www.w3.org/2005/08/addressing" xmlns:tns3="http://www.w3.org/2003/05/soap-envelope" xmlns:tns_1="wsdl.http://aig.us.com/ges/services/LocationExposureNotificationServiceV2" xmlns:wsa="http://schemas.xmlsoap.org/ws/2004/08/addressing" xsi:type="anyType"/>
        <type>type</type>
      </entries>
    </userContext>
  </context>
  <headers>
    <SMOHeader>
      <MessageUUID>MessageUUID</MessageUUID>
      <Version>
        <Version>0</Version>
        <Release>0</Release>
        <Modification>0</Modification>
      </Version>
      <MessageType>MessageType</MessageType>
      <Operation>Operation</Operation>
      <Action>Action</Action>
      <Target bindingType="NotSet" import="" repositoryMetadata="">
        <address>http://tempuri.org</address>
      </Target>
      <AlternateTarget bindingType="NotSet" import="" repositoryMetadata="">
        <address>http://tempuri.org</address>
      </AlternateTarget>
      <SourceNode>SourceNode</SourceNode>
      <SourceBindingType>NotSet</SourceBindingType>
      <Interface>Interface</Interface>
    </SMOHeader>
    <JMSHeader>
      <JMSDestination>http://tempuri.org</JMSDestination>
      <JMSDeliveryMode>NonPersistent</JMSDeliveryMode>
      <JMSMessageID>JMSMessageID</JMSMessageID>
      <JMSTimestamp>0</JMSTimestamp>
      <JMSCorrelationID>JMSCorrelationID</JMSCorrelationID>
      <JMSReplyTo>http://tempuri.org</JMSReplyTo>
      <JMSRedelivered>true</JMSRedelivered>
      <JMSType>JMSType</JMSType>
      <JMSExpiration>0</JMSExpiration>
      <JMSPriority>0</JMSPriority>
    </JMSHeader>
    <SOAPHeader>
      <nameSpace>http://tempuri.org</nameSpace>
      <name>NCName</name>
      <prefix>NCName</prefix>
      <value xmlns:bons0="http://aig.us.com/ges/common/v3" xmlns:ch="http://aig.com/CommonHeaderV12" xmlns:httpsca="http://www.ibm.com/xmlns/prod/websphere/http/sca/6.1.0" xmlns:lexns="http://aig.us.com/ges/ext/LocationExposureNotificationServiceV2" xmlns:mq="http://www.ibm.com/xmlns/prod/websphere/mq/sca/6.0.0" xmlns:p="http://COM_GES_MF_LocationExposureService/bo" xmlns:tns="http://www.ibm.com/websphere/sibx/smo/v6.0.1" xmlns:tns1="http://aig.us.com/ges/services/LocationExposureNotificationServiceV2" xmlns:tns2="http://www.w3.org/2005/08/addressing" xmlns:tns3="http://www.w3.org/2003/05/soap-envelope" xmlns:tns_1="wsdl.http://aig.us.com/ges/services/LocationExposureNotificationServiceV2" xmlns:wsa="http://schemas.xmlsoap.org/ws/2004/08/addressing" xsi:type="anyType"/>
    </SOAPHeader>
    <SOAPFaultInfo>
      <faultcode>QName</faultcode>
      <faultstring>faultstring</faultstring>
      <faultactor>http://tempuri.org</faultactor>
      <extendedFaultInfo>
        <Code>
          <io:Value>{http://www.w3.org/2003/05/soap-envelope}DataEncodingUnknown</io:Value>
          <io:Subcode>
            <io:Value>QName</io:Value>
            <tns3:Subcode xmlns:tns3="http://www.w3.org/2003/05/soap-envelope" xmlns:bons0="http://aig.us.com/ges/common/v3" xmlns:ch="http://aig.com/CommonHeaderV12" xmlns:httpsca="http://www.ibm.com/xmlns/prod/websphere/http/sca/6.1.0" xmlns:lexns="http://aig.us.com/ges/ext/LocationExposureNotificationServiceV2" xmlns:mq="http://www.ibm.com/xmlns/prod/websphere/mq/sca/6.0.0" xmlns:p="http://COM_GES_MF_LocationExposureService/bo" xmlns:tns="http://www.ibm.com/websphere/sibx/smo/v6.0.1" xmlns:tns1="http://aig.us.com/ges/services/LocationExposureNotificationServiceV2" xmlns:tns2="http://www.w3.org/2005/08/addressing" xmlns:tns_1="wsdl.http://aig.us.com/ges/services/LocationExposureNotificationServiceV2" xmlns:wsa="http://schemas.xmlsoap.org/ws/2004/08/addressing"/>
          </io:Subcode>
        </Code>
        <Reason>
          <io:Text xml:lang="">tns3:Text</io:Text>
        </Reason>
        <Node>http://tempuri.org</Node>
        <Role>http://tempuri.org</Role>
      </extendedFaultInfo>
    </SOAPFaultInfo>
    <properties>
      <name>name</name>
      <value>value</value>
      <type>type</type>
    </properties>
    <MQHeader>
      <md>
        <Report>0</Report>
        <MsgType>0</MsgType>
        <Expiry>0</Expiry>
        <Feedback>0</Feedback>
        <Priority>0</Priority>
        <Persistence>0</Persistence>
        <MsgId>0F00</MsgId>
        <CorrelId>0F00</CorrelId>
        <BackoutCount>0</BackoutCount>
        <ReplyToQ>ReplyToQ</ReplyToQ>
        <ReplyToQMgr>ReplyToQMgr</ReplyToQMgr>
        <UserIdentifier>UserIdentifier</UserIdentifier>
        <AccountingToken>0F00</AccountingToken>
        <ApplIdentityData>ApplIdentityData</ApplIdentityData>
        <PutApplType>0</PutApplType>
        <PutApplName>PutApplName</PutApplName>
        <PutDate>PutDate</PutDate>
        <PutTime>PutTime</PutTime>
        <ApplOriginData>ApplOriginData</ApplOriginData>
        <GroupId>0F00</GroupId>
        <MsgSeqNumber>0</MsgSeqNumber>
        <Offset>0</Offset>
        <MsgFlags>0</MsgFlags>
        <OriginalLength>0</OriginalLength>
      </md>
      <control>
        <Encoding>0</Encoding>
        <CodedCharSetId>0</CodedCharSetId>
        <Format>Format</Format>
      </control>
      <header>
        <Encoding>0</Encoding>
        <CodedCharSetId>0</CodedCharSetId>
        <Format>Format</Format>
        <value xmlns:bons0="http://aig.us.com/ges/common/v3" xmlns:ch="http://aig.com/CommonHeaderV12" xmlns:httpsca="http://www.ibm.com/xmlns/prod/websphere/http/sca/6.1.0" xmlns:lexns="http://aig.us.com/ges/ext/LocationExposureNotificationServiceV2" xmlns:mq="http://www.ibm.com/xmlns/prod/websphere/mq/sca/6.0.0" xmlns:p="http://COM_GES_MF_LocationExposureService/bo" xmlns:tns="http://www.ibm.com/websphere/sibx/smo/v6.0.1" xmlns:tns1="http://aig.us.com/ges/services/LocationExposureNotificationServiceV2" xmlns:tns2="http://www.w3.org/2005/08/addressing" xmlns:tns3="http://www.w3.org/2003/05/soap-envelope" xmlns:tns_1="wsdl.http://aig.us.com/ges/services/LocationExposureNotificationServiceV2" xmlns:wsa="http://schemas.xmlsoap.org/ws/2004/08/addressing" xsi:type="anyType"/>
      </header>
    </MQHeader>
    <HTTPHeader>
      <control>
        <io10:URL>http://tempuri.org</io10:URL>
        <io10:Version>1.0</io10:Version>
        <io10:Method>httpsca:Method</io10:Method>
        <io10:DynamicOverrideURL>http://tempuri.org</io10:DynamicOverrideURL>
        <io10:DynamicOverrideVersion>1.0</io10:DynamicOverrideVersion>
        <io10:DynamicOverrideMethod>httpsca:DynamicOverrideMethod</io10:DynamicOverrideMethod>
        <io10:MediaType>httpsca:MediaType</io10:MediaType>
        <io10:Charset>httpsca:Charset</io10:Charset>
        <io10:TransferEncoding>httpsca:TransferEncoding</io10:TransferEncoding>
        <io10:ContentEncoding>httpsca:ContentEncoding</io10:ContentEncoding>
        <io10:StatusCode>0</io10:StatusCode>
        <io10:ReasonPhrase>httpsca:ReasonPhrase</io10:ReasonPhrase>
        <io10:ContentLength>0</io10:ContentLength>
        <io10:ExportContextPath>httpsca:ExportContextPath</io10:ExportContextPath>
        <io10:Authentication>
          <io10:credentials>
            <io10:userId>httpsca:userId</io10:userId>
            <io10:password>httpsca:password</io10:password>
          </io10:credentials>
          <io10:authenticationType>Basic</io10:authenticationType>
        </io10:Authentication>
        <io10:SSLSettings>
          <io10:SSLVersion>SSL</io10:SSLVersion>
          <io10:SSLDebug>false</io10:SSLDebug>
          <io10:KeyStoreType>JKS</io10:KeyStoreType>
          <io10:TrustStoreType>JKS</io10:TrustStoreType>
          <io10:KeyStore>httpsca:KeyStore</io10:KeyStore>
          <io10:KeyStoreAlias>httpsca:KeyStoreAlias</io10:KeyStoreAlias>
          <io10:KeyStorePassword>httpsca:KeyStorePassword</io10:KeyStorePassword>
          <io10:TrustStore>httpsca:TrustStore</io10:TrustStore>
          <io10:TrustStorePassword>httpsca:TrustStorePassword</io10:TrustStorePassword>
          <io10:UseClientAuth>false</io10:UseClientAuth>
        </io10:SSLSettings>
        <io10:ProxySettings>
          <io10:proxyHost>httpsca:proxyHost</io10:proxyHost>
          <io10:proxyPort>0</io10:proxyPort>
          <io10:proxyType>http</io10:proxyType>
          <io10:proxyCredentials>
            <io10:userId>httpsca:userId</io10:userId>
            <io10:password>httpsca:password</io10:password>
          </io10:proxyCredentials>
          <io10:nonProxyHost>httpsca:nonProxyHost</io10:nonProxyHost>
        </io10:ProxySettings>
      </control>
      <header>
        <io10:name>httpsca:name</io10:name>
        <io10:value>httpsca:value</io10:value>
      </header>
    </HTTPHeader>
    <EISHeader>
      <EISInteractionSpec xmlns:bons0="http://aig.us.com/ges/common/v3" xmlns:ch="http://aig.com/CommonHeaderV12" xmlns:httpsca="http://www.ibm.com/xmlns/prod/websphere/http/sca/6.1.0" xmlns:lexns="http://aig.us.com/ges/ext/LocationExposureNotificationServiceV2" xmlns:mq="http://www.ibm.com/xmlns/prod/websphere/mq/sca/6.0.0" xmlns:p="http://COM_GES_MF_LocationExposureService/bo" xmlns:tns="http://www.ibm.com/websphere/sibx/smo/v6.0.1" xmlns:tns1="http://aig.us.com/ges/services/LocationExposureNotificationServiceV2" xmlns:tns2="http://www.w3.org/2005/08/addressing" xmlns:tns3="http://www.w3.org/2003/05/soap-envelope" xmlns:tns_1="wsdl.http://aig.us.com/ges/services/LocationExposureNotificationServiceV2" xmlns:wsa="http://schemas.xmlsoap.org/ws/2004/08/addressing" xsi:type="anyType"/>
      <EISConnectionSpec xmlns:bons0="http://aig.us.com/ges/common/v3" xmlns:ch="http://aig.com/CommonHeaderV12" xmlns:httpsca="http://www.ibm.com/xmlns/prod/websphere/http/sca/6.1.0" xmlns:lexns="http://aig.us.com/ges/ext/LocationExposureNotificationServiceV2" xmlns:mq="http://www.ibm.com/xmlns/prod/websphere/mq/sca/6.0.0" xmlns:p="http://COM_GES_MF_LocationExposureService/bo" xmlns:tns="http://www.ibm.com/websphere/sibx/smo/v6.0.1" xmlns:tns1="http://aig.us.com/ges/services/LocationExposureNotificationServiceV2" xmlns:tns2="http://www.w3.org/2005/08/addressing" xmlns:tns3="http://www.w3.org/2003/05/soap-envelope" xmlns:tns_1="wsdl.http://aig.us.com/ges/services/LocationExposureNotificationServiceV2" xmlns:wsa="http://schemas.xmlsoap.org/ws/2004/08/addressing" xsi:type="anyType"/>
    </EISHeader>
    <WSAHeader version="http://www.w3.org/2005/08/addressing">
      <io11:To>http://tempuri.org</io11:To>
      <ReferenceParameters/>
      <io11:From>
        <io11:Address>http://tempuri.org</io11:Address>
        <io11:ReferenceParameters/>
        <io11:Metadata/>
      </io11:From>
      <io11:ReplyTo>
        <io11:Address>http://tempuri.org</io11:Address>
        <io11:ReferenceParameters/>
        <io11:Metadata/>
      </io11:ReplyTo>
      <io11:FaultTo>
        <io11:Address>http://tempuri.org</io11:Address>
        <io11:ReferenceParameters/>
        <io11:Metadata/>
      </io11:FaultTo>
      <io11:Action>http://tempuri.org</io11:Action>
      <io11:MessageID>http://tempuri.org</io11:MessageID>
      <io11:RelatesTo RelationshipType="http://www.w3.org/2005/08/addressing/reply">http://tempuri.org</io11:RelatesTo>
    </WSAHeader>
  </headers>
  <body xsi:type="out2:getDataRequestMsg">
    <out:getData>
      <out:Payload xsi:type="io8:GetDataType">
        <io8:ServicePartnerRef xsi:type="io8:GESExposureDataPartner" PartnerRef="GESExposureDataPartner">
          <OperationNm>notifyPolicyOptionSP</OperationNm>
        </io8:ServicePartnerRef>
        <io4:SourceSystemCd>
          <io4:SourceSystemCode>GPW</io4:SourceSystemCode>
          <io4:SourceSystemkey>bons0:SourceSystemkey</io4:SourceSystemkey>
        </io4:SourceSystemCd>
        <QueryParams QueryBy="PolicyOptionId">
          <io4:Value>bons0:PolicyOptionId</io4:Value>
          <io8:QueryOperator>0</io8:QueryOperator>
        </QueryParams>
      </out:Payload>
    </out:getData>
  </body>
  <attachments>
    <contentID>http://tempuri.org</contentID>
    <contentType>token</contentType>
    <data>MA==</data>
  </attachments>
</io2:smo>